#{"t_start": 1574299724.7024682, "env_id": "LunarLanderContinuous-v2"}
r,l,t
-320.147154,184,2.240594
-262.386932,79,2.559369
-300.882886,119,3.048803
-502.030265,115,3.53412
-282.646862,167,4.231503
-140.945942,170,4.950381
-44.683295,157,5.600953
-209.049749,250,6.701369
-333.299534,152,7.333904
-240.18751,154,7.968187
-253.609545,190,8.770984
-292.133554,159,9.434493
-65.627675,173,10.165679
-256.173828,185,10.944058
-85.450693,152,11.585933
-72.245835,217,12.532993
-66.861499,206,13.420182
-43.73963,307,14.789345
-360.263569,799,19.592189
-107.426458,539,22.417991
3.204396,406,24.333703
-89.473592,1000,30.311483
-86.266294,1000,36.114806
-227.313054,701,39.40148
-331.588748,950,45.355901
-84.896752,292,46.70907
-84.640191,185,47.49772
-268.751109,309,48.882455
-57.501377,215,49.81344
-473.531569,351,51.378578
-88.977299,1000,57.555601
-19.273614,1000,63.994074
-75.769713,1000,71.976914
-30.767612,1000,77.744193
-6.618448,1000,84.42821
33.520242,1000,90.751771
-159.400899,290,92.094412
-103.38821,176,92.842286
-33.884767,375,94.616651
-105.489069,230,95.640748
-187.147015,410,97.671467
-132.000859,455,99.973856
154.800388,559,102.902062
182.629669,605,105.943861
5.711814,1000,111.911198
14.372653,1000,117.508511
-0.855533,1000,123.27682
-87.959998,1000,129.787467
-60.864505,1000,136.126841
-14.908878,1000,141.565284
-102.103834,347,143.112968
-76.975258,1000,148.79815
-56.751407,726,152.563472
-25.285051,1000,158.597977
-65.57417,1000,165.952133
-6.109158,1000,171.369545
-171.617835,534,174.096477
-202.400502,629,177.340957
-21.376174,1000,183.061006
-78.890597,1000,189.370653
-80.99626,1000,195.596554
-90.1306,293,196.945085
-10.168963,1000,202.726744
-82.552636,614,205.870411
-62.251381,1000,211.197822
-38.41776,1000,216.956028
-61.711683,1000,223.445769
-43.068245,1000,230.237866
-76.081749,1000,236.683775
-88.60405,509,239.232911
-174.032167,495,241.717396
-131.372077,282,242.970931
-53.696632,1000,249.126069
-169.441405,600,252.192074
-142.141393,669,255.718173
-101.285429,1000,261.666266
-41.334996,1000,266.952933
-105.599525,1000,272.166366
-62.844235,1000,278.020694
-91.282325,1000,283.220411
-94.214356,1000,288.667896
-97.548876,1000,294.322089
-92.463172,382,295.993695
-79.00369,1000,301.557512
-151.119878,692,304.984163
-62.061951,1000,311.354487
-93.316079,352,312.893121
-74.211339,1000,318.293809
-65.6181,1000,323.09556
-96.049434,1000,329.439008
-83.132379,326,330.892079
-66.37404,1000,337.869452
-98.301965,1000,344.063714
-130.976599,1000,350.214262
-54.466613,1000,356.002408
-33.387779,1000,362.854646
-94.331817,243,363.931527
-98.992788,252,365.071228
-64.434589,1000,371.374783
-58.772432,1000,376.272922
-98.767255,293,377.628165
-92.037514,240,378.710475
-109.657859,393,380.601337
-78.070535,1000,387.065458
-93.90142,1000,393.208213
-88.692475,1000,398.849505
-128.603664,1000,403.998053
-64.90696,1000,410.07
-43.408251,1000,417.262153
-86.233897,1000,423.813049
-172.695158,783,427.860304
-9.738138,1000,435.028663
-78.451491,1000,440.43913
-80.627558,1000,445.706138
-52.484472,1000,451.036334
-44.662829,1000,456.543725
-48.3521,1000,462.087588
-83.362432,173,462.838931
-76.231417,1000,468.962771
-102.276141,1000,475.662733
-143.603603,1000,482.414751
-124.923859,1000,488.655563
-31.489462,1000,495.547022
-96.68643,1000,501.104166
-62.164186,1000,507.91201
-63.872361,1000,515.823028
-83.885451,1000,520.781066
1.595541,1000,527.149445
-61.601467,1000,533.8581
-22.340984,1000,540.589862
-80.065224,1000,547.137712
-60.541292,1000,552.769024
-77.454272,1000,557.975101
-167.005331,97,558.374127
-86.91828,1000,563.73939
-65.915455,1000,569.490435
-78.688754,1000,576.087996
-55.360156,1000,581.582324
-65.637472,1000,586.746089
-121.630107,280,588.020413
-36.372829,1000,593.859389
-113.213461,1000,600.690548
-118.45191,244,601.789224
-88.242353,1000,607.329307
-64.367411,1000,612.571955
-57.953657,1000,618.572877
-102.514489,1000,623.985353
-50.989679,1000,629.78094
-119.846381,1000,635.659888
26.163079,1000,642.113076
-0.226542,1000,649.342907
-20.283103,1000,656.215939
-53.31734,1000,662.341674
-72.63582,1000,669.384725
-53.117236,1000,676.92857
-45.878338,1000,683.325038
-58.4044,1000,689.540685
-70.107269,1000,696.493843
-86.257979,1000,702.849653
-85.834073,1000,710.212231
-76.727265,1000,716.139716
-93.057564,1000,721.157207
-66.148559,1000,728.91652
-86.806086,1000,736.360856
-127.325561,1000,743.625652
-425.595791,129,744.17508
-344.340839,117,744.666563
-345.935679,135,745.24098
-107.938055,1000,752.079172
-117.394918,1000,759.555072
-91.668109,1000,766.508364
-133.527797,1000,773.51452
-133.127577,1000,779.452696
-128.302106,1000,785.785058
-109.321263,1000,791.96377
-106.845623,1000,798.376582
-53.522823,1000,803.769662
-109.231319,1000,809.123387
-65.462665,1000,814.93821
-75.02888,1000,820.601888
-97.538691,1000,825.942467
-159.427109,1000,832.047381
150.232923,683,835.485385
-131.641535,1000,841.173587
-143.021851,1000,847.187633
-62.912357,1000,854.151118
-78.326277,1000,861.376474
-56.367452,1000,866.88622
-101.18598,1000,872.262004
-71.056431,1000,877.956242
-80.248414,1000,883.569944
-73.579102,1000,890.755061
-126.803789,1000,897.226016
-73.420231,1000,905.243939
-97.741306,1000,911.59316
-110.050172,1000,917.019381
-112.663933,1000,922.937606
-74.82494,1000,927.912303
-65.328082,1000,934.323422
-81.672839,1000,940.480633
-92.233591,1000,946.714148
-46.458477,1000,952.305062
-73.204438,1000,958.163968
-102.154563,1000,964.42595
-70.184906,1000,969.735986
-92.250557,1000,976.042936
-121.250134,1000,981.356424
-55.207087,1000,986.831668
-76.29321,1000,992.562609
-78.111708,1000,998.204121
-54.541064,1000,1004.657011
-1.24765,135,1005.224841
-48.87142,1000,1010.595385
-139.797011,1000,1016.81952
-88.82065,1000,1022.590054
-136.799352,1000,1028.710855
-126.112951,171,1029.43955
-76.969321,1000,1034.980137
-81.64629,1000,1040.898198
-92.142036,1000,1047.250038
-79.422696,1000,1053.495705
-64.039174,1000,1059.89551
-24.90617,1000,1065.063189
-54.659349,1000,1072.205647
-47.089816,1000,1078.603109
-70.110828,1000,1084.876883
-103.250631,1000,1090.050197
-94.634745,1000,1096.853566
-67.741219,1000,1103.031801
-80.585513,1000,1109.048466
-97.280418,1000,1114.14947
-55.786954,1000,1119.497228
-106.230967,1000,1124.611798
-36.979389,1000,1131.278495
-105.592723,1000,1137.856402
-111.289547,379,1139.696415
-70.097397,1000,1146.288953
-90.794415,1000,1152.702162
-99.941951,1000,1160.122765
-141.567288,1000,1165.545103
-40.026213,1000,1173.237444
-104.348778,1000,1178.394401
-126.512628,1000,1185.174026
-137.151292,1000,1191.161144
-92.272459,1000,1197.09599
-38.151417,1000,1202.458814
-112.626606,1000,1208.211936
-72.090282,1000,1213.380749
-124.582062,145,1213.989106
-103.138027,1000,1219.074996
-95.109035,1000,1224.647089
-31.142308,1000,1229.966262
-86.169099,1000,1236.787806
-90.039619,1000,1242.935529
-89.02936,1000,1248.975285
-56.785318,1000,1254.938067
-65.378944,1000,1260.766208
-67.420204,1000,1266.497583
-78.027531,1000,1271.904585
-28.168986,1000,1278.86662
-97.924655,1000,1284.15574
-67.501482,1000,1289.237871
-39.327602,1000,1296.188557
-79.014927,1000,1302.132655
-66.440811,1000,1308.625974
-36.639738,1000,1315.788695
-64.22706,1000,1322.562944
-55.838052,1000,1329.35664
-78.417225,1000,1335.044387
-67.743403,1000,1340.694641
-66.57986,1000,1347.038821
-91.870272,1000,1352.668942
-19.529008,1000,1359.132977
-39.824727,1000,1365.961971
-59.915319,1000,1371.284596
-67.579307,1000,1378.40386
-52.463775,1000,1384.934509
-83.086859,1000,1391.996784
-38.412038,1000,1397.92175
-334.44602,693,1401.451922
-229.872864,576,1404.316392
-139.110147,1000,1410.444111
-56.37718,1000,1415.896822
28.21031,1000,1422.359416
-133.698415,1000,1428.8539
-169.035268,1000,1435.160528
3.89898,1000,1441.299801
-39.112579,1000,1447.840522
-11.246653,1000,1454.259185
-122.93339,1000,1460.282235
-92.448779,1000,1466.458024
-58.826377,1000,1472.686863
-37.167459,1000,1479.208185
-71.657912,1000,1485.970601
-79.281976,369,1487.724234
-178.405099,629,1491.482018
-80.490322,1000,1497.968714
-5.378118,429,1499.962882
-48.55939,1000,1506.291553
-104.035536,1000,1512.312416
-75.212975,1000,1517.987146
-28.749009,1000,1523.411265
-109.257884,1000,1529.683358
-67.503161,1000,1535.896019
-23.987223,1000,1541.908114
-50.156515,1000,1547.011432
-30.468171,1000,1552.906525
-15.854402,1000,1558.119367
-25.120844,1000,1563.42818
139.082924,829,1568.743088
-32.927726,1000,1574.159886
-42.893812,1000,1579.623638
115.36224,959,1584.953713
-95.965581,1000,1590.370087
-54.34623,1000,1596.326507
-41.986241,1000,1602.441235
105.896369,1000,1607.613925
158.014717,725,1611.974606
51.128128,996,1618.156148
182.997143,332,1619.726821
240.144282,219,1620.666526
194.581277,987,1627.587542
107.06425,922,1633.807567
20.818835,133,1634.362802
133.087288,519,1637.005015
145.729602,551,1640.019393
26.589822,141,1640.612248
24.522277,159,1641.27384
-28.296025,144,1641.866165
-36.094702,1000,1648.12991
-28.377542,121,1648.629848
213.985962,998,1654.373712
188.214694,695,1658.348467
257.221803,440,1660.45926
235.50164,373,1662.270771
219.899111,510,1664.861227
-70.2125,328,1666.298386
228.165924,236,1667.358007
160.660418,331,1668.940549
172.808007,692,1673.185445
261.735053,252,1674.291191
20.166728,141,1674.878501
250.693657,228,1675.892936
200.282063,766,1680.117382
250.542408,480,1682.465988
170.0298,307,1683.861837
245.855936,239,1684.928777
166.966882,940,1690.409579
199.090797,489,1693.048681
148.593541,940,1699.047933
248.942155,424,1701.153323
219.246258,285,1702.435841
-34.110752,1000,1708.038815
162.372721,657,1711.729643
224.200958,369,1713.513831
148.392713,741,1717.599978
-12.412706,345,1719.206625
158.882427,711,1723.077762
199.32907,290,1724.421131
178.818968,977,1729.592031
113.949257,666,1733.401338
-67.464783,1000,1738.717671
212.202405,489,1741.176538
165.133053,988,1747.598237
-50.127621,1000,1753.505154
-61.090413,1000,1759.269178
17.424748,150,1759.911199
195.631124,545,1762.773548
208.994466,318,1764.263504
227.217704,335,1765.818447
-98.40414,271,1767.054881
113.986194,1000,1772.174327
152.923107,784,1776.340764
87.358452,899,1782.201503
140.57923,528,1785.018871
-73.03165,1000,1790.929785
208.898419,289,1792.200378
-5.980556,1000,1799.686694
-58.978846,1000,1805.888626
-88.439441,1000,1812.082055
253.825025,577,1815.054274
-48.867772,1000,1821.697605
-2.857633,1000,1827.566859
-20.033779,1000,1834.280135
4.095135,1000,1840.580855
213.645594,456,1842.719106
225.533847,386,1844.485725
160.173747,487,1846.927247
170.480644,625,1850.430787
-154.513178,370,1852.082677
195.857083,512,1854.815516
175.059919,596,1857.566111
231.337761,562,1860.726323
254.704987,473,1863.156846
228.875727,460,1865.490941
204.368935,373,1867.40972
135.695469,1000,1873.353157
250.301781,464,1875.666096
199.683688,591,1879.154195
4.335714,126,1879.679931
232.579403,431,1881.785394
186.727244,588,1884.964743
200.949211,463,1887.485957
249.16895,295,1888.830846
-5.310801,1000,1895.087285
249.025559,338,1896.61831
276.785281,263,1897.833564
203.745755,252,1898.968053
179.873955,545,1901.683274
-20.557552,1000,1907.302628
232.858526,597,1910.460829
184.233246,671,1914.194917
232.326929,352,1915.83458
150.660135,950,1921.198708
187.601369,727,1924.858306
156.607328,624,1928.020777
235.805866,537,1930.574806
235.760149,353,1932.193129
237.51685,197,1933.025123
217.462275,588,1936.149024
202.686342,584,1939.472859
253.711856,278,1940.712098
246.189667,277,1941.963724
293.551498,280,1943.230866
249.850704,402,1945.109099
280.274997,229,1946.10506
249.872283,331,1947.606206
238.379881,290,1948.894183
239.4194,507,1951.307626
256.266505,359,1953.020922
253.587649,347,1954.534704
268.20307,310,1955.966048
267.898627,403,1957.766716
250.259545,278,1958.986886
221.853297,213,1959.919565
215.208448,241,1960.952395
260.423007,318,1962.461443
263.842073,235,1963.481349
238.111508,332,1965.001185
247.089217,180,1965.767629
231.850041,213,1966.677855
290.157244,218,1967.590055
239.227263,274,1968.770541
258.140979,205,1969.655286
274.925043,322,1971.152759
235.216808,234,1972.173226
214.997253,217,1973.098807
227.181756,207,1973.975006
294.444913,241,1974.981485
244.816023,263,1976.20147
233.141022,221,1977.154554
224.999176,195,1977.986689
255.069772,248,1979.061038
198.708343,240,1980.119234
248.323216,295,1981.408686
270.885385,239,1982.449661
219.512246,176,1983.19852
245.076325,191,1984.006825
264.592906,228,1984.980472
232.872063,182,1985.756329
246.786006,272,1986.986516
248.879879,619,1989.799459
189.409704,327,1991.341155
217.884772,336,1992.887339
213.592863,279,1994.112011
234.71086,225,1995.096657
238.809371,457,1997.122992
296.38134,186,1997.927451
256.306107,244,1998.980659
218.251872,271,2000.186935
275.599088,216,2001.101911
226.053807,388,2003.020247
235.507895,171,2003.727874
299.831165,214,2004.665501
257.084109,166,2005.35469
231.650565,244,2006.421673
11.544537,103,2006.841369
279.796549,181,2007.591837
220.694883,238,2008.620649
256.97282,215,2009.518598
222.793173,580,2012.316553
277.746509,200,2013.154534
216.055895,275,2014.424101
278.154387,197,2015.27653
197.013028,361,2016.883206
224.386302,323,2018.310619
227.922956,230,2019.328402
24.810802,107,2019.784341
282.900092,174,2020.523636
242.540737,182,2021.329984
225.530261,199,2022.179918
281.413839,188,2022.992743
280.395619,141,2023.58598
245.920541,293,2024.916588
224.278158,178,2025.678927
222.727547,438,2027.614641
246.090302,175,2028.360694
303.312992,209,2029.254389
315.18218,212,2030.179364
295.121979,147,2030.789855
212.104146,358,2032.564048
282.994828,314,2034.005479
291.866385,208,2034.91828
269.197924,188,2035.745323
262.805118,174,2036.476953
303.433046,207,2037.401953
264.787985,172,2038.125986
171.617907,1000,2042.886019
259.04334,224,2043.862553
238.74132,548,2046.318179
243.172234,195,2047.143778
39.191162,152,2047.778589
271.516495,202,2048.640941
250.228475,180,2049.420713
210.526523,540,2051.990159
251.620876,193,2052.834598
229.674416,198,2053.693818
213.375312,225,2054.642662
278.796703,325,2056.208725
263.709569,371,2057.958941
171.295671,512,2060.703252
249.015759,381,2062.616675
-54.796677,65,2062.878603
192.405437,392,2064.638984
243.186306,229,2065.661693
244.371503,248,2066.746278
240.818229,371,2068.577071
270.493817,193,2069.424844
191.480246,472,2071.869382
224.257283,226,2072.871424
250.693258,192,2073.673808
155.36562,316,2075.072996
240.071687,209,2075.988009
135.215518,427,2077.948092
232.058645,455,2080.256593
231.021087,310,2081.738117
253.502776,222,2082.685682
203.761798,442,2084.834181
-47.905623,58,2085.067328
202.884055,268,2086.238052
251.034099,189,2087.027134
16.786077,171,2087.754961
266.438627,181,2088.500734
227.094791,506,2091.226613
188.80434,325,2092.680572
167.09184,396,2094.569416
191.753759,434,2096.504807
211.870337,265,2097.681353
187.440589,226,2098.666849
284.082279,216,2099.573577
296.1505,190,2100.380783
236.293589,204,2101.257994
254.951521,226,2102.244134
272.62388,226,2103.212431
-23.642969,236,2104.245719
279.266929,435,2106.206589
206.349946,300,2107.58103
-27.059264,1000,2112.90136
288.399396,221,2113.835134
245.670764,156,2114.473708
235.730739,182,2115.234768
240.603081,142,2115.822758
314.221978,211,2116.733687
102.154636,128,2117.280486
261.03804,147,2117.905488
-35.213569,1000,2123.019742
298.465472,157,2123.691356
226.090919,152,2124.329168
269.411986,153,2124.968431
174.643757,455,2127.160861
38.473089,127,2127.686151
306.368844,194,2128.510988
313.201727,191,2129.340891
249.537048,231,2130.340379
267.065995,207,2131.204062
215.91345,897,2135.608679
25.941415,90,2135.976999
302.481832,238,2137.007643
255.552669,213,2137.920145
200.177491,512,2140.521425
230.659139,169,2141.242554
68.985641,153,2141.892194
284.32405,205,2142.777083
114.793637,420,2144.700202
32.775677,132,2145.247759
238.543408,159,2145.905628
290.53507,174,2146.626234
44.860114,98,2147.028147
174.382702,568,2149.952306
236.639338,265,2151.110939
41.141371,144,2151.711935
32.603201,101,2152.121447
160.711326,514,2154.415978
262.569285,158,2155.085277
-164.115163,800,2159.420379
273.03191,175,2160.164243
210.628895,257,2161.321475
242.995462,212,2162.233226
240.564527,334,2163.763259
198.825249,452,2165.865883
-202.054144,965,2171.632332
237.577497,234,2172.702508
228.405635,413,2174.679469
220.033407,359,2176.433595
227.430401,229,2177.438618
291.131409,168,2178.144737
-14.346645,126,2178.67069
306.277453,152,2179.305978
111.95084,1000,2184.022093
236.848534,214,2184.936109
277.658148,198,2185.770495
226.539642,233,2186.813763
221.97546,196,2187.651035
261.865032,185,2188.446468
246.052724,191,2189.252965
256.585268,287,2190.497925
248.192881,223,2191.465692
207.822476,340,2193.027543
206.640876,229,2194.029487
221.552965,425,2196.146404
198.830048,412,2198.134076
239.805949,229,2199.12742
232.558821,208,2200.0207
214.018894,215,2200.968822
201.896558,292,2202.385203
233.841179,260,2203.549621
243.758287,344,2205.192528
243.451304,478,2207.466726
55.377981,1000,2212.694793
257.706663,193,2213.517045
152.046535,530,2216.174535
222.903745,366,2217.893354
-115.624665,1000,2223.495815
245.097627,176,2224.240444
84.832003,1000,2229.422407
228.930556,350,2231.042362
267.776095,297,2232.36805
233.539166,680,2235.520425
263.87343,177,2236.272031
264.163204,246,2237.354121
262.516055,155,2237.996356
243.779087,217,2238.963063
261.86211,170,2239.677657
-28.644469,1000,2245.213937
204.790161,331,2246.810992
234.937979,204,2247.693842
261.859666,604,2250.867593
-41.154816,1000,2257.600418
144.489483,1000,2262.444147
194.615937,822,2267.502897
269.220445,220,2268.436902
234.301483,234,2269.47341
137.594261,1000,2274.248369
3.711473,170,2274.966635
179.05595,549,2278.021574
-99.187319,1000,2282.955679
268.067334,169,2283.664282
245.511296,210,2284.59039
287.680949,181,2285.359058
210.860442,232,2286.41312
273.033609,464,2288.634653
237.400738,329,2290.108395
281.546533,286,2291.333149
29.375843,171,2292.063969
189.048032,273,2293.280199
205.319064,259,2294.430356
249.866112,160,2295.088244
224.843365,226,2296.11196
236.47078,230,2297.142712
-11.030978,201,2298.007793
208.681636,416,2299.934539
241.634064,320,2301.412195
240.720332,299,2302.822038
154.978775,459,2304.938358
248.384082,185,2305.71592
94.974491,958,2311.839732
243.66863,158,2312.490787
208.031065,183,2313.286495
253.404835,152,2313.932276
281.830116,201,2314.783376
258.798077,258,2315.941711
210.130884,367,2317.757094
305.427687,267,2318.92509
206.253083,264,2320.117075
274.272471,277,2321.334721
259.230325,258,2322.468701
155.519012,598,2325.244244
209.375065,369,2327.086223
259.472618,163,2327.773005
237.274602,168,2328.507774
304.202583,217,2329.435303
239.86617,286,2330.684684
249.362908,168,2331.374067
128.485447,1000,2336.591847
294.436956,193,2337.420853
284.408499,152,2338.050432
148.054616,1000,2343.040285
211.712757,191,2343.865826
-9.030881,1000,2349.105498
-43.189539,1000,2354.16082
298.481323,193,2354.98304
273.222161,285,2356.278991
172.72661,393,2358.164523
276.66524,185,2358.933376
191.216259,264,2360.095719
234.960662,244,2361.189688
258.738275,411,2363.132514
256.247087,204,2364.048147
235.189808,312,2365.485894
269.486801,161,2366.156521
224.599289,774,2369.971417
235.307104,217,2370.932341
230.62967,188,2371.709047
254.310088,396,2373.689831
262.695917,292,2375.065352
213.179902,187,2375.869483
3.658139,1000,2381.966835
255.02373,199,2382.807117
235.432112,200,2383.655494
179.0714,403,2385.463304
286.240481,229,2386.45143
24.504163,1000,2392.617192
208.869054,383,2394.383812
-34.872372,1000,2399.680641
245.439816,188,2400.501172
165.771621,651,2403.853653
-7.190965,1000,2409.380226
255.372952,162,2410.049755
219.151776,330,2411.62532
175.15602,525,2414.521376
261.210412,238,2415.557086
-32.747994,1000,2421.775771
-587.943484,127,2422.308348
273.087122,164,2422.999226
279.88258,199,2423.835631
164.828172,541,2426.716274
195.275951,442,2428.844313
258.743432,276,2430.104164
242.518805,330,2431.609228
201.740198,263,2432.790845
239.196102,431,2434.904793
255.957666,154,2435.54417
261.904484,178,2436.292257
205.594392,410,2438.337923
273.486375,158,2438.997972
250.922117,179,2439.778505
204.735491,264,2441.01542
157.568975,716,2445.532838
239.127087,174,2446.269886
256.132844,185,2447.043066
267.781644,175,2447.780921
178.197691,645,2451.471942
260.101016,267,2452.69576
297.513049,208,2453.591762
263.599094,198,2454.441705
256.211238,188,2455.243637
306.212651,197,2456.098488
234.954873,208,2457.047093
296.676263,173,2457.782943
265.397323,209,2458.675171
307.710382,196,2459.523873
247.021785,170,2460.235878
281.87091,168,2460.941503
251.741264,199,2461.779913
262.445117,192,2462.602124
237.908119,179,2463.355421
253.909184,175,2464.084365
248.174869,220,2465.052495
254.125463,189,2465.866521
296.418259,217,2466.790627
281.91413,238,2467.82259
287.44019,185,2468.605526
296.190735,184,2469.404565
280.8474,207,2470.279186
271.740731,374,2472.006815
271.319947,183,2472.775068
258.405978,393,2474.558783
271.655535,269,2475.754387
260.059329,207,2476.639262
282.122903,224,2477.588472
290.902534,189,2478.403755
264.943169,229,2479.409145
245.493377,220,2480.37035
245.693585,313,2481.806872
271.463801,257,2482.933352
262.981592,193,2483.746526
264.336118,205,2484.627581
306.739384,188,2485.45457
282.472442,174,2486.192853
279.437729,209,2487.065191
308.552214,277,2488.27924
298.929692,198,2489.131458
231.696755,360,2490.802205
263.736837,389,2492.644962
13.336751,145,2493.279944
49.356143,111,2493.743642
280.14836,167,2494.443393
308.391075,147,2495.074015
224.462642,276,2496.317317
9.288845,132,2496.863649
309.78958,313,2498.279694
50.742759,160,2498.95512
-16.671768,267,2500.134275
279.199611,152,2500.77206
244.459379,205,2501.655308
47.678154,104,2502.101878
166.108148,1000,2507.143925
281.315764,165,2507.866022
291.987345,325,2509.354127
290.447272,177,2510.118875
267.568827,222,2511.063675
261.53992,372,2512.779627
270.573732,168,2513.503048
292.608333,206,2514.375497
260.297831,271,2515.592858
237.106125,210,2516.547069
258.204862,222,2517.50052
243.672357,224,2518.462547
278.268037,175,2519.196294
271.457357,217,2520.122086
260.015257,200,2520.973372
-23.521772,1000,2527.718453
251.667567,292,2529.015925
267.539185,799,2532.796133
-54.674017,1000,2538.57385
246.137647,148,2539.183927
66.63288,104,2539.620996
251.890596,201,2540.485571
243.921893,166,2541.169248
237.073663,191,2542.018245
290.734667,218,2542.958275
248.094465,150,2543.570988
235.164384,183,2544.353271
268.45971,148,2544.967263
231.069934,686,2548.723059
277.064976,181,2549.505004
248.54001,166,2550.204826
204.607719,298,2551.551159
-46.389026,1000,2557.245187
261.209859,219,2558.191827
214.448432,303,2559.61825
14.646471,131,2560.159303
225.446028,905,2564.790157
245.275077,193,2565.630842
32.5896,159,2566.302661
269.415553,194,2567.127084
227.593244,317,2568.547731
215.118456,883,2573.80808
287.977319,142,2574.397043
145.32999,703,2578.362646
262.460609,164,2579.083798
236.731069,281,2580.384212
171.670957,1000,2584.992868
271.13595,184,2585.750826
276.712435,143,2586.343121
127.085666,1000,2591.235867
266.044856,235,2592.271104
225.339909,206,2593.172088
297.042902,197,2594.026965
249.212026,194,2594.855416
68.647721,126,2595.389077
276.371702,164,2596.086216
251.259369,157,2596.737304
260.244691,238,2597.787834
277.578681,176,2598.523115
268.288211,229,2599.5647
278.002576,436,2601.679754
276.695063,203,2602.546364
248.733776,169,2603.252478
254.81201,630,2606.196298
261.322012,243,2607.262313
131.314647,1000,2611.83216
265.993035,192,2612.637993
275.364319,167,2613.333591
276.531495,180,2614.098526
250.246698,189,2614.890379
272.156127,209,2615.78451
54.297407,147,2616.400483
252.015736,190,2617.19549
57.906692,154,2617.839729
287.513327,174,2618.578844
230.245994,177,2619.336343
246.413765,366,2620.906852
45.4729,125,2621.442394
294.761033,989,2626.25492
244.025384,170,2626.960454
278.567832,179,2627.715736
273.068348,190,2628.505814
278.695514,190,2629.299228
84.52521,133,2629.870162
269.288071,216,2630.78571
291.21904,159,2631.447896
182.860686,1000,2636.464551
-52.875287,232,2637.487984
269.711769,199,2638.318552
259.918864,166,2639.016415
253.505869,172,2639.743755
281.327828,159,2640.419785
281.769571,223,2641.388861
286.526667,197,2642.208402
285.809731,363,2643.819697
22.370379,86,2644.181986
259.915632,174,2644.924346
263.618027,173,2645.649676
259.873906,176,2646.385122
186.2903,1000,2651.449331
118.137697,1000,2656.349358
305.339895,301,2657.709138
281.557712,212,2658.614055
280.77586,171,2659.328867
22.534426,128,2659.875397
14.386095,89,2660.241441
287.159468,226,2661.200667
283.702834,161,2661.871836
281.05651,197,2662.700586
294.143585,156,2663.355319
260.579745,643,2666.373692
22.560507,74,2666.672325
277.409871,163,2667.355646
258.910739,186,2668.139351
27.974869,74,2668.445551
268.079131,197,2669.266051
252.07607,212,2670.196745
265.901197,236,2671.196682
297.908142,199,2672.068954
294.972302,166,2672.767564
286.704929,201,2673.624495
276.218445,165,2674.326826
283.372557,187,2675.116234
275.447656,227,2676.089771
289.716373,214,2677.027615
285.021042,247,2678.081759
255.710811,203,2678.933384
265.330512,153,2679.577235
270.99032,156,2680.22527
239.692907,167,2680.914453
272.466201,281,2682.234986
253.55754,214,2683.148484
247.4315,166,2683.838622
249.342751,189,2684.652894
268.427986,240,2685.693654
277.440563,214,2686.591014
51.800821,135,2687.158641
299.345332,238,2688.262732
287.200032,188,2689.072324
288.79904,226,2690.049438
279.233353,212,2690.948092
279.988906,239,2692.005015
286.481283,171,2692.728514
304.642442,260,2693.899322
271.361547,229,2694.877335
272.231519,221,2695.85462
279.56785,210,2696.783996
282.660119,283,2698.024329
297.723492,214,2698.965906
310.981028,247,2700.045112
257.505953,236,2701.087462
241.42383,242,2702.147248
286.554956,184,2702.931722
299.019573,232,2703.967363
243.309118,459,2706.171199
265.112688,283,2707.456232
258.116854,234,2708.459565
21.380324,126,2708.981882
254.488525,180,2709.745373
292.855231,218,2710.709018
271.47749,435,2712.646817
230.005486,264,2713.828702
266.976411,214,2714.733685
20.432135,143,2715.327638
229.950631,222,2716.272678
252.525824,378,2718.051438
230.899982,457,2720.140116
316.251193,196,2720.987251
262.160253,209,2721.858287
-51.947662,157,2722.512697
239.9648,169,2723.211726
284.403415,610,2726.132951
288.870596,289,2727.439942
260.640491,281,2728.678728
248.144834,250,2729.793889
268.603182,324,2731.312464
282.393473,235,2732.328648
-5.62284,253,2733.406792
268.614751,308,2734.785968
272.304219,158,2735.449605
186.547614,324,2736.905501
302.132844,222,2737.86472
300.607003,406,2739.822034
177.183753,467,2742.041562
202.86981,215,2742.982125
301.998316,229,2743.981705
277.246037,209,2744.883269
241.777624,207,2745.784872
253.973701,182,2746.548407
310.787478,193,2747.377115
51.853991,118,2747.871508
277.51951,389,2749.700311
232.960236,253,2750.808133
280.8641,223,2751.760668
278.033294,225,2752.715868
255.427859,164,2753.388151
294.327316,243,2754.428084
251.874086,180,2755.182617
-21.814587,1000,2761.289871
218.673288,351,2762.95744
295.934673,310,2764.320323
252.658465,195,2765.138055
-0.747152,1000,2770.247126
301.558105,224,2771.202642
-28.123556,1000,2776.142613
261.013887,207,2777.017333
242.479343,175,2777.75436
-23.16904,1000,2783.081071
286.457043,161,2783.755602
199.863342,238,2784.806986
267.454669,202,2785.673456
248.94708,214,2786.58317
274.643391,208,2787.509878
254.758739,206,2788.394104
254.615372,646,2791.555911
253.48793,230,2792.626697
290.829684,248,2793.723226
276.366685,205,2794.620419
237.267464,246,2795.700227
274.793388,746,2799.173726
266.625818,187,2799.958225
285.447378,214,2800.879833
256.682015,212,2801.783829
271.275256,249,2802.864936
301.558419,228,2803.866619
291.095952,214,2804.777976
309.681882,197,2805.63334
299.675862,213,2806.543134
231.885214,334,2808.05482
237.738544,200,2808.90042
241.279942,223,2809.865324
278.334618,180,2810.621576
272.681885,183,2811.40437
53.533892,184,2812.189944
304.381923,188,2812.99966
251.188995,193,2813.808117
263.720619,196,2814.637739
268.267339,214,2815.547957
38.189673,211,2816.469646
248.151287,305,2817.870806
235.763099,224,2818.859463
263.154829,208,2819.76114
265.904705,182,2820.529382
255.189021,202,2821.380853
261.939459,225,2822.36355
282.058115,258,2823.498314
284.077376,157,2824.151448
276.669479,236,2825.188764
-5.980686,1000,2831.380553
-33.377479,1000,2837.064707
296.606755,199,2837.930934
-28.275272,1000,2843.178825
240.764964,209,2844.085421
275.773359,223,2845.034987
273.173376,201,2845.883568
214.92455,481,2848.335389
299.71895,236,2849.394071
243.489249,172,2850.124642
280.451402,239,2851.157596
218.25915,294,2852.471872
299.023758,207,2853.360584
300.193286,221,2854.326
263.904222,199,2855.17763
228.581036,296,2856.459153
275.157733,245,2857.530357
209.053791,668,2860.573499
259.427655,186,2861.374127
297.824223,207,2862.266658
230.18556,325,2863.701912
123.778673,1000,2868.361987
264.538852,178,2869.10426
268.620687,293,2870.37013
285.439707,307,2871.748871
255.898304,178,2872.487718
272.808865,209,2873.364154
258.933344,217,2874.286034
262.812693,185,2875.075503
312.517384,272,2876.350771
301.739435,256,2877.462028
255.187154,201,2878.304008
288.042075,564,2880.879356
273.966904,211,2881.777437
257.741587,194,2882.60517
277.118206,188,2883.380587
290.539236,165,2884.069876
54.576609,123,2884.586102
290.026967,172,2885.319541
282.634525,156,2885.966542
253.313547,546,2888.412263
266.520457,210,2889.330749
295.638115,267,2890.471044
267.606356,163,2891.153031
134.158268,900,2896.696337
152.988836,538,2899.30124
264.622873,202,2900.152788
295.254933,226,2901.135774
247.470947,496,2903.642403
262.168196,184,2904.407392
307.842316,283,2905.701616
260.158882,221,2906.645638
-7.769506,1000,2912.795439
273.161714,206,2913.655898
19.427669,215,2914.569108
259.674298,202,2915.424108
269.955723,221,2916.353516
259.89497,187,2917.130819
-3.080956,1000,2923.86696
262.924982,215,2924.799508
264.467069,216,2925.741822
-38.407784,539,2928.372763
-19.435066,1000,2933.561115
-8.75734,1000,2939.037849
268.514469,217,2939.95413
256.96057,189,2940.736322
252.4848,208,2941.619215
271.164839,200,2942.490328
230.686689,244,2943.578017
274.298386,207,2944.465613
145.289675,1000,2949.379947
265.405822,187,2950.174942
152.830997,674,2953.394473
48.052189,124,2953.913888
259.853651,187,2954.698226
278.082618,188,2955.497949
245.811197,934,2960.262679
290.260789,139,2960.84009
273.892571,173,2961.579769
261.121097,210,2962.483887
255.612661,224,2963.47235
292.429336,230,2964.448366
237.36588,182,2965.262763
-6.348247,1000,2970.620077
299.862111,190,2971.445653
266.908514,202,2972.355819
217.132203,439,2974.549889
-10.836489,1000,2980.39421
53.548758,150,2981.020632
274.448865,145,2981.615311
275.00067,198,2982.468082
276.70426,195,2983.297806
235.939448,234,2984.318889
257.001087,219,2985.265149
242.058169,226,2986.233878
264.70223,237,2987.275298
286.101966,224,2988.319135
256.366516,380,2990.115325
277.471613,156,2990.756393
287.246727,198,2991.603942
262.642706,359,2993.297162
271.51529,512,2995.565328
251.636637,194,2996.41772
273.903275,202,2997.269861
303.025261,232,2998.253037
241.657785,213,2999.153984
278.467237,217,3000.066933
283.892038,216,3000.989814
-0.053568,101,3001.406791
278.9496,180,3002.165006
21.583253,132,3002.711774
24.260089,101,3003.130972
271.662815,198,3003.959441
-29.375684,115,3004.430309
274.85828,255,3005.53647
283.631185,202,3006.399721
19.801367,134,3006.958155
7.692276,125,3007.470915
254.228725,204,3008.350373
9.876419,148,3008.955872
216.412913,537,3011.469144
257.599023,190,3012.265917
257.064581,178,3013.005708
-0.366264,107,3013.448277
198.402734,504,3015.910691
289.649551,239,3016.935442
32.515028,106,3017.380623
177.010988,233,3018.408844
-9.223847,104,3018.837593
253.710568,166,3019.52711
212.332003,260,3020.683069
23.021926,98,3021.090214
4.170695,112,3021.549935
66.074154,143,3022.157831
249.620797,227,3023.147618
275.285413,239,3024.17592
240.265173,199,3025.031959
232.008216,267,3026.195775
129.879772,1000,3030.554634
266.811268,199,3031.388667
266.486071,210,3032.278699
242.005485,203,3033.125832
211.767019,410,3035.12836
126.105562,1000,3039.818391
287.514349,165,3040.514039
267.546028,758,3043.829188
263.238287,185,3044.602783
318.150866,186,3045.3989
280.43483,192,3046.207054
246.113817,216,3047.118671
248.646292,210,3048.015633
248.824788,214,3048.919747
59.597921,127,3049.449616
253.333281,206,3050.318936
283.525014,252,3051.415933
260.629684,250,3052.499981
252.991229,182,3053.270574
309.780625,187,3054.073135
304.244365,201,3054.915968
258.975829,148,3055.524287
282.130866,213,3056.427078
263.536424,191,3057.238349
298.181856,211,3058.126821
265.363599,188,3058.922236
265.023139,202,3059.771311
265.804094,513,3062.055672
277.703698,226,3063.017889
246.082302,185,3063.793653
257.201501,192,3064.601655
298.786139,219,3065.527472
270.932404,158,3066.183292
288.283664,181,3066.948503
255.412686,182,3067.716901
262.953191,166,3068.419415
275.183481,165,3069.121309
242.848171,165,3069.806752
259.651699,150,3070.426576
289.47306,151,3071.075803
290.33543,209,3071.964968
305.300117,232,3072.960611
277.822307,200,3073.808181
231.992269,407,3075.698495
253.155632,169,3076.402518
243.190138,177,3077.141825
267.913946,177,3077.878416
310.962975,235,3078.897641
63.182579,148,3079.515623
234.235468,666,3082.647559
244.730233,176,3083.374187
262.501949,211,3084.272955
48.278574,118,3084.760257
-15.316952,1000,3090.408859
252.079248,419,3092.433975
302.394386,189,3093.233976
289.229197,165,3093.924888
287.554879,197,3094.747315
286.669367,164,3095.433567
286.950829,147,3096.041212
272.692489,235,3097.065443
296.763617,147,3097.67611
297.37142,223,3098.622529
285.569773,189,3099.427351
285.42611,563,3101.962505
293.569849,198,3102.795171
276.148154,199,3103.635616
288.029627,207,3104.520092
57.984432,150,3105.155978
268.076813,187,3105.94052
262.122863,201,3106.78926
284.677362,173,3107.523536
283.588094,193,3108.337013
263.709082,192,3109.167744
304.055338,236,3110.18741
265.98895,194,3111.001623
53.228277,159,3111.673687
299.851151,210,3112.571932
276.600323,178,3113.324299
284.261778,226,3114.29228
247.205833,182,3115.063395
269.300164,197,3115.928003
316.386728,195,3116.760314
284.36114,211,3117.662364
276.499491,218,3118.589013
304.206515,211,3119.560498
264.598965,211,3120.454414
309.749813,148,3121.069259
278.39543,236,3122.081325
294.217674,218,3123.032495
259.343345,163,3123.713649
286.914495,185,3124.495982
280.735841,221,3125.450634
257.914711,206,3126.324164
259.285662,211,3127.216566
287.726225,276,3128.418113
264.482777,195,3129.232222
273.617571,295,3130.562382
308.317407,194,3131.40038
273.775883,639,3134.431219
285.717402,145,3135.030212
262.770298,167,3135.718527
287.373673,154,3136.356664
296.361973,290,3137.6429
275.223533,301,3138.990246
267.596444,356,3140.653437
253.726971,180,3141.407366
253.966975,161,3142.074348
276.376974,175,3142.815928
278.839457,268,3144.059476
303.432091,159,3144.732587
281.575817,254,3145.835925
271.908878,195,3146.675009
238.532128,243,3147.760091
249.821137,453,3149.8336
194.180272,650,3153.0822
277.938769,222,3154.050357
265.721242,169,3154.763771
276.876578,164,3155.463644
302.121574,187,3156.265124
282.774434,284,3157.513775
289.841128,225,3158.491275
257.688329,226,3159.487568
263.204825,167,3160.20118
286.654543,209,3161.086906
251.052089,230,3162.083272
265.407033,186,3162.85518
279.228158,159,3163.517557
175.277852,752,3167.551976
271.822812,419,3169.407551
303.859101,223,3170.403528
-32.868627,1000,3176.03859
248.648805,203,3176.905502
273.263371,266,3178.066785
271.94089,174,3178.779866
286.569981,238,3179.820808
307.502112,232,3180.80553
274.092349,185,3181.587019
293.5333,297,3182.914417
311.132477,190,3183.731585
296.191071,157,3184.396551
294.12138,243,3185.453907
262.364936,288,3186.737567
267.162119,166,3187.440614
251.492358,191,3188.252162
290.214562,200,3189.123194
261.716807,188,3189.920362
254.009923,548,3192.366602
306.682749,172,3193.109469
246.274895,190,3193.916659
320.751259,237,3194.962745
287.229975,147,3195.582517
267.686578,284,3196.813752
284.135492,820,3200.717493
312.015582,209,3201.615021
245.509701,489,3203.879871
255.596003,194,3204.702805
326.255746,222,3205.671264
256.352059,936,3209.973506
292.018944,158,3210.634182
266.030237,166,3211.321702
257.897987,164,3211.995131
307.96835,201,3212.866642
268.343809,181,3213.617413
246.080285,239,3214.660939
284.583039,225,3215.594406
296.69473,168,3216.31186
286.134224,221,3217.261244
288.397426,217,3218.177356
58.975153,1000,3223.429194
-16.544773,1000,3229.055052
320.983155,216,3229.96898
283.528892,186,3230.75504
263.945673,197,3231.57259
261.415459,169,3232.273159
290.139175,180,3233.038947
274.858144,162,3233.703458
211.716101,454,3235.902123
273.577116,164,3236.585938
295.810821,206,3237.475394
8.927253,180,3238.225108
228.951394,413,3240.179716
60.160114,202,3241.044902
296.179956,171,3241.765991
286.425484,215,3242.660157
256.622785,864,3246.927276
309.626624,155,3247.580482
268.020562,332,3249.06466
249.079593,162,3249.732136
246.161204,188,3250.521532
263.067012,163,3251.207235
280.36339,239,3252.262755
273.85259,238,3253.294907
256.152177,185,3254.08612
282.39311,153,3254.718465
285.142726,205,3255.589262
282.273115,212,3256.479476
40.517292,88,3256.858004
275.34672,189,3257.64623
71.514259,147,3258.26843
288.063313,222,3259.226324
290.319563,325,3260.702243
255.865887,187,3261.488668
264.804473,165,3262.180432
290.988996,191,3262.975802
240.217197,192,3263.796394
58.312887,96,3264.200428
282.132281,208,3265.087582
258.33495,173,3265.79863
281.550554,210,3266.695752
250.254505,183,3267.456236
277.657513,237,3268.468133
270.865237,181,3269.210326
279.01053,164,3269.917835
265.768584,187,3270.708687
34.694557,141,3271.291033
35.584025,112,3271.759019
53.923461,102,3272.200316
142.238314,1000,3276.987166
271.342397,179,3277.742305
307.001101,244,3278.814759
307.872731,190,3279.652731
286.65261,827,3283.455022
287.073492,313,3284.900484
272.514709,183,3285.659689
261.781661,209,3286.549655
301.848364,245,3287.646049
255.580666,379,3289.320862
256.762457,209,3290.207075
237.477024,402,3292.003149
277.13226,286,3293.233352
9.83184,131,3293.78116
292.606059,155,3294.427198
274.876763,179,3295.16323
15.964204,88,3295.544891
306.454696,364,3297.111162
309.349333,188,3297.918741
168.052195,1000,3302.855953
292.630495,179,3303.619767
281.194927,239,3304.62242
60.21608,118,3305.10779
292.075168,179,3305.866338
283.573709,172,3306.599589
302.073831,273,3307.792615
240.680958,842,3311.976541
39.120379,138,3312.541825
59.860237,159,3313.21596
29.505284,115,3313.698307
250.289167,597,3316.323065
258.606989,686,3319.474266
284.344702,204,3320.330221
262.258819,158,3320.978155
285.199525,165,3321.673469
301.329317,219,3322.639414
281.023758,195,3323.452612
295.487422,211,3324.380299
267.718162,238,3325.411941
253.632453,240,3326.457131
258.891038,256,3327.578873
-4.536791,162,3328.245114
271.755159,190,3329.061656
305.264317,182,3329.859221
288.077073,168,3330.563389
270.367071,255,3331.697012
293.568997,281,3332.931776
284.137487,231,3333.958217
276.055474,171,3334.681
287.401515,184,3335.484189
247.531227,451,3337.643518
284.61791,273,3338.883477
30.953108,115,3339.362793
283.411259,405,3341.193933
289.37586,175,3341.922387
264.692564,246,3343.025281
277.072645,190,3343.814349
290.340972,246,3344.901149
283.055977,236,3345.926011
308.60628,184,3346.712359
278.088464,200,3347.549556
297.267991,240,3348.579977
273.047444,162,3349.251612
260.826553,475,3351.665411
282.9195,200,3352.541412
305.179951,204,3353.421367
289.495476,146,3354.023723
277.499912,217,3354.966002
77.758125,201,3355.820871
266.471409,172,3356.568036
269.296364,202,3357.432621
242.719482,167,3358.12703
243.765441,646,3361.481987
279.73514,183,3362.236987
252.169865,473,3364.453466
279.290179,182,3365.218539
296.787611,134,3365.78014
280.617654,423,3367.629901
118.440685,1000,3372.451882
306.285497,192,3373.284605
284.706777,269,3374.48891
264.515248,177,3375.235823
271.820155,739,3378.687624
264.280789,155,3379.330167
254.104194,174,3380.048361
242.380813,841,3384.177524
296.533022,179,3384.938979
277.579292,276,3386.16266
288.651628,195,3387.003975
251.930815,193,3387.806365
35.039609,116,3388.275546
262.262238,268,3389.429689
266.981619,290,3390.81694
234.226332,409,3392.823176
301.280968,291,3394.119154
263.913242,180,3394.858122
301.555951,171,3395.580626
274.958232,463,3397.924613
304.748936,285,3399.200892
249.8805,253,3400.329917
253.913929,334,3401.981595
282.178625,140,3402.563609
291.75778,172,3403.292891
301.631655,240,3404.318402
284.388487,281,3405.550597
260.132065,213,3406.475641
219.351112,691,3410.125993
278.150577,201,3410.971521
306.631066,236,3412.035241
169.482264,707,3416.245112
305.051694,244,3417.327819
255.494841,310,3418.7133
289.586847,242,3419.752001
283.548215,138,3420.32812
291.369283,216,3421.275635
267.623754,144,3421.869261
253.614105,182,3422.625196
268.670016,217,3423.53399
286.718518,220,3424.486463
305.617075,238,3425.491244
259.525758,205,3426.376849
243.642974,501,3428.938073
278.535284,206,3429.82653
281.607424,183,3430.595207
281.526304,354,3432.232542
110.597113,1000,3437.974852
293.558412,210,3438.858287
291.491161,214,3439.757881
275.598803,206,3440.626254
288.617764,220,3441.552897
269.720824,190,3442.358106
289.079852,217,3443.269896
282.308215,158,3443.924624
273.741049,189,3444.709018
250.282751,162,3445.376801
281.2183,234,3446.402736
271.774448,165,3447.095252
261.815524,215,3448.005387
250.654829,178,3448.737193
276.074513,194,3449.539633
317.152157,224,3450.541895
277.375742,179,3451.291883
289.417537,183,3452.072739
277.803043,563,3454.566392
285.240155,186,3455.339778
272.535346,156,3455.991715
279.88663,144,3456.578376
299.327209,190,3457.377461
271.526465,165,3458.05734
284.639574,171,3458.773102
258.121016,370,3460.470316
306.642413,173,3461.210969
257.197091,161,3461.877214
309.630734,217,3462.7923
268.22501,531,3465.394344
21.173758,97,3465.797765
274.772923,184,3466.583701
285.944302,157,3467.242911
289.947457,203,3468.107334
275.069994,445,3470.131412
286.241419,187,3470.919011
302.445986,173,3471.659096
242.032823,158,3472.314766
295.729942,232,3473.322301
269.357328,152,3473.953288
306.022002,205,3474.835571
296.307807,209,3475.741052
261.387094,174,3476.498784
301.779482,172,3477.23975
322.758064,204,3478.117482
265.278256,168,3478.807223
277.03353,165,3479.487097
279.919635,499,3481.792883
313.92338,230,3482.781604
300.712845,148,3483.404705
267.822166,154,3484.031884
256.407597,145,3484.618094
281.026364,167,3485.313457
297.913556,405,3487.128226
283.81896,182,3487.884625
295.739179,149,3488.499386
289.905477,145,3489.100587
279.826491,164,3489.792595
302.068808,192,3490.611389
288.493369,143,3491.200114
282.666805,211,3492.095126
277.34942,209,3492.981995
298.000802,260,3494.122926
275.004843,188,3494.91258
295.690982,189,3495.716249
287.615932,195,3496.529945
287.552332,153,3497.167201
254.240098,175,3497.898254
137.003677,695,3501.684202
288.683127,191,3502.483973
252.98175,159,3503.131073
261.157014,169,3503.832848
307.933392,214,3504.747175
250.534584,575,3507.392457
304.64351,199,3508.23647
242.708128,167,3508.928372
196.221973,273,3510.175298
297.878817,176,3510.924922
311.51753,183,3511.708289
258.983247,337,3513.273977
272.822838,160,3513.940215
283.361929,196,3514.780858
281.779383,203,3515.639255
294.069866,194,3516.46061
301.122359,151,3517.100728
274.337813,143,3517.683267
248.004088,259,3518.806424
300.411055,229,3519.805261
237.788732,530,3522.333275
277.498707,169,3523.021287
279.434812,171,3523.735526
258.015473,643,3526.563575
245.168888,218,3527.486149
295.874852,176,3528.240411
265.346972,165,3528.916069
272.480203,273,3530.138097
13.21775,95,3530.535262
296.689548,249,3531.630501
279.365134,155,3532.271545
297.456178,276,3533.496864
261.79318,205,3534.354064
307.816419,249,3535.406183
297.531658,291,3536.6541
265.492898,206,3537.529789
295.371562,184,3538.302203
73.979788,144,3538.904001
258.927212,240,3539.933229
269.35995,312,3541.29164
244.718473,183,3542.057041
252.653991,203,3542.910584
244.713657,168,3543.605731
257.311786,281,3544.832828
285.095308,159,3545.495801
236.516696,217,3546.418433
251.565268,177,3547.156957
294.228149,158,3547.821566
54.798415,98,3548.231045
288.103748,552,3550.876762
261.884274,190,3551.687398
243.71185,215,3552.607011
253.296932,209,3553.503191
263.121753,212,3554.419743
283.961188,369,3556.057484
280.8674,189,3556.880004
254.976703,210,3557.784972
301.606009,189,3558.583968
306.157341,214,3559.479329
319.15926,212,3560.388772
278.68905,214,3561.299552
28.38037,113,3561.771951
268.294368,459,3564.084679
309.195997,181,3564.86069
283.619978,372,3566.654821
283.98852,223,3567.635487
292.953292,192,3568.446345
273.93255,195,3569.280765
89.182711,123,3569.81062
262.724546,212,3570.729195
296.140162,205,3571.615353
240.965789,192,3572.436514
303.103817,257,3573.593409
274.176309,189,3574.381799
286.829211,203,3575.225482
259.130706,182,3575.995553
278.180674,219,3576.948924
283.278586,212,3577.886345
289.869243,198,3578.730821
257.749025,224,3579.692086
272.67036,268,3580.886791
270.007934,198,3581.716599
261.67756,175,3582.444088
265.572203,207,3583.343264
40.095744,142,3583.941081
244.240566,219,3584.88977
272.169036,214,3585.823805
248.202561,203,3586.685186
285.135765,188,3587.490193
277.10405,175,3588.261517
277.584667,148,3588.90799
268.369265,210,3589.808181
272.734885,216,3590.723942
50.128352,106,3591.165959
284.092173,215,3592.111179
287.657843,211,3593.020189
310.357751,184,3593.806681
308.771094,162,3594.50284
274.646399,164,3595.194411
248.743681,157,3595.871529
275.690137,196,3596.714774
255.853076,214,3597.63179
271.805287,195,3598.466838
256.000785,214,3599.378392
62.645865,101,3599.803546
297.823034,197,3600.635693
314.177753,226,3601.594503
281.596481,188,3602.371971
273.258289,186,3603.157558
-7.386586,133,3603.71966
273.49383,184,3604.493404
274.963968,205,3605.382475
310.231165,185,3606.180227
255.698876,157,3606.823114
307.870321,179,3607.605269
286.230291,181,3608.340433
56.362289,173,3609.062976
278.774126,163,3609.741529
-3.537296,189,3610.556172
268.136631,156,3611.19924
43.928343,97,3611.595496
285.676525,194,3612.410763
304.624584,184,3613.204466
266.296196,164,3613.888331
274.78324,181,3614.646172
75.034078,112,3615.118069
277.916669,187,3615.901408
289.017232,149,3616.518236
275.302975,172,3617.231653
259.950479,172,3617.947213
277.548926,228,3618.906832
280.91761,169,3619.627464
288.56694,197,3620.45888
290.574197,191,3621.250038
278.105055,218,3622.178742
271.128208,160,3622.840359
300.972745,146,3623.454394
307.278801,211,3624.364075
302.950264,228,3625.326094
44.47162,130,3625.86684
271.45511,164,3626.55585
47.362263,131,3627.101147
281.401024,188,3627.876714
44.87699,139,3628.452235
244.45447,167,3629.139045
265.578073,188,3629.965424
305.081427,160,3630.639204
259.30105,222,3631.635263
290.631449,154,3632.282927
296.018038,309,3633.682034
286.843321,199,3634.525833
249.177801,174,3635.243345
44.569802,136,3635.804701
303.205702,161,3636.478952
166.045831,1000,3641.08352
263.175937,344,3642.584113
268.846282,148,3643.198361
56.702504,123,3643.706174
40.585427,125,3644.223729
274.469577,162,3644.87635
289.566865,190,3645.678452
65.696638,138,3646.251581
296.190549,157,3646.910593
292.47331,170,3647.640284
47.934828,115,3648.113153
289.081477,176,3648.831594
52.480481,104,3649.266204
72.383051,113,3649.74262
264.760873,179,3650.517036
56.121167,145,3651.108331
49.774687,121,3651.608278
34.78278,139,3652.176666
268.126918,157,3652.82359
192.152785,1000,3657.490772
72.567696,85,3657.846716
289.602354,231,3658.823447
237.87686,228,3659.777472
303.792583,215,3660.691739
250.498667,238,3661.728472
280.551426,406,3663.56457
66.515296,121,3664.070379
317.555063,200,3664.904313
317.638338,194,3665.715177
72.124138,150,3666.341679
301.951971,236,3667.381449
290.150016,123,3667.881653
273.147048,138,3668.446639
319.992995,196,3669.270949
307.832913,166,3669.973689
283.671251,204,3670.834097
275.202434,177,3671.581063
278.821989,145,3672.190334
290.029557,198,3673.034559
289.010952,209,3673.905537
292.992635,222,3674.933954
290.828257,138,3675.576348
235.495236,206,3676.445815
303.13531,188,3677.236845
315.131281,179,3677.999613
285.195577,153,3678.63312
92.881647,99,3679.052536
323.401197,221,3679.99756
265.859551,160,3680.652052
277.547993,186,3681.410518
175.6522,653,3685.183133
303.345541,217,3686.129769
301.512899,193,3686.937836
276.688258,223,3687.917379
189.546989,1000,3692.844623
288.478753,212,3693.748625
253.065256,225,3694.698943
314.419141,199,3695.546034
262.456778,210,3696.423671
265.946564,169,3697.116919
274.137732,190,3697.930089
322.211465,212,3698.830307
-36.405976,1000,3705.366462
161.609405,1000,3710.386453
271.143838,201,3711.225327
265.334035,276,3712.449482
283.87103,197,3713.297134
315.444793,219,3714.245053
285.57323,216,3715.181258
245.997962,234,3716.227377
295.107668,215,3717.150502
286.589498,143,3717.741839
271.074751,238,3718.786221
262.585114,244,3719.82754
246.883068,471,3722.049682
286.973903,222,3722.999942
270.419458,374,3724.694443
273.579988,213,3725.599386
247.472016,328,3727.069457
250.572629,261,3728.224484
283.860164,192,3729.025316
252.791403,179,3729.769652
279.367922,226,3730.732329
292.852267,214,3731.656594
304.517636,205,3732.531061
268.300255,184,3733.293907
290.929403,268,3734.455652
275.708666,186,3735.239916
315.925869,411,3737.161706
278.782669,203,3738.070057
274.149456,238,3739.117695
46.664099,106,3739.563208
273.175332,480,3741.9172
294.845433,227,3742.875357
257.722087,165,3743.55199
257.896033,154,3744.177621
258.771318,164,3744.848834
308.924595,188,3745.64863
284.303454,174,3746.351677
297.561947,122,3746.845904
309.646941,196,3747.677596
316.24687,221,3748.609695
272.411772,161,3749.275626
245.055416,163,3749.96127
277.12851,208,3750.934285
289.811754,166,3751.665854
272.228471,233,3752.648532
287.497164,150,3753.264161
66.186128,73,3753.561587
256.570538,174,3754.353946
256.659523,212,3755.256945
277.548071,204,3756.110693
291.187124,175,3756.850979
237.462066,610,3760.13841
285.45419,240,3761.252973
267.570504,136,3761.856378
277.86896,185,3762.649974
273.630151,179,3763.388184
269.573182,155,3764.031475
260.605305,174,3764.749033
49.291292,110,3765.207495
252.878121,200,3766.040508
262.558287,147,3766.646788
261.805344,198,3767.484801
287.235552,166,3768.181885
280.189266,156,3768.836426
303.944363,181,3769.608457
284.908032,204,3770.47682
270.231346,167,3771.163822
271.503982,197,3772.008031
278.134732,193,3772.84494
309.367941,183,3773.633464
266.195151,687,3776.734788
287.008465,180,3777.489554
268.156072,762,3781.115982
280.423901,174,3781.862569
59.046641,1000,3787.20594
261.800674,186,3787.99063
-41.096675,1000,3794.895527
261.040798,186,3795.68268
287.450079,180,3796.43929
259.063587,241,3797.53941
281.99028,164,3798.224775
278.081122,170,3798.926403
308.032938,175,3799.665141
242.701243,563,3802.703741
271.341023,349,3804.306329
269.606234,145,3804.902565
254.111815,171,3805.609692
306.936001,225,3806.561589
288.883004,143,3807.149019
273.813781,167,3807.841608
301.901176,238,3808.90597
298.548692,139,3809.47884
276.774399,166,3810.179566
309.535237,185,3810.962306
280.868373,164,3811.649942
284.191044,159,3812.311156
209.369237,805,3817.276189
46.702095,1000,3823.711095
289.787072,217,3824.647696
281.480406,170,3825.35299
281.935737,181,3826.133872
253.374193,166,3826.81592
265.502041,188,3827.594085
273.66596,257,3828.734865
285.677646,133,3829.290822
283.74373,216,3830.213251
273.818591,141,3830.796484
280.168686,229,3831.816959
284.648741,160,3832.497864
281.485426,183,3833.267365
278.265244,280,3834.510132
282.962427,157,3835.179508
271.966093,151,3835.824797
42.327743,74,3836.147053
284.55175,147,3836.758596
283.835376,216,3837.686301
98.370855,1000,3843.6961
258.683633,210,3844.577489
293.552429,153,3845.211056
290.286638,136,3845.773799
64.02507,84,3846.127508
281.412765,144,3846.720381
288.317137,200,3847.580824
280.385667,198,3848.437392
270.434735,169,3849.143817
282.587304,224,3850.099301
286.611306,204,3850.955764
302.898706,180,3851.721827
259.721006,159,3852.376196
258.315559,287,3853.682313
274.767004,243,3854.723987
267.213375,192,3855.528859
291.342353,180,3856.284884
49.078296,83,3856.628161
317.131236,186,3857.41853
276.635786,176,3858.186267
325.428296,185,3858.973383
76.944929,176,3859.701113
258.874149,157,3860.350217
280.994309,207,3861.24476
174.323447,1000,3866.109875
317.877232,203,3867.009439
268.114448,156,3867.651492
26.989846,100,3868.066944
292.331363,203,3868.944618
284.117029,149,3869.572036
300.481977,181,3870.373149
259.010013,131,3870.909633
295.39123,271,3872.096656
269.89434,239,3873.149266
264.063229,153,3873.786298
290.0952,209,3874.707022
271.782363,173,3875.439491
53.981899,103,3875.867495
257.737694,155,3876.514171
266.263857,227,3877.50498
282.226399,165,3878.193971
296.114511,211,3879.088425
293.693223,140,3879.690788
274.951097,165,3880.392124
303.689511,218,3881.318404
64.429358,88,3881.6828
265.349175,189,3882.477375
275.939893,267,3883.644782
303.101712,194,3884.459354
256.628816,179,3885.199331
263.023789,555,3887.759896
256.939751,227,3888.733982
323.961102,233,3889.708394
291.776239,172,3890.437003
307.315521,227,3891.406714
268.428008,157,3892.058261
43.804154,119,3892.550143
284.614914,173,3893.277466
266.977448,183,3894.054533
282.3863,170,3894.757818
288.183051,161,3895.43388
306.66006,143,3896.034836
57.261225,123,3896.541688
302.608024,211,3897.427534
305.686164,230,3898.39537
69.853221,151,3899.022069
266.587663,176,3899.758901
280.625112,181,3900.522429
76.680165,87,3900.887518
287.13245,146,3901.501005
273.823747,245,3902.536413
298.81868,161,3903.224262
310.322622,154,3903.869313
274.478257,170,3904.584401
288.695832,227,3905.554784
31.927762,120,3906.055344
302.679705,195,3906.893123
297.925619,187,3907.688849
95.828264,148,3908.313226
250.847929,186,3909.11181
33.977866,85,3909.470442
267.414633,191,3910.282654
49.913851,89,3910.656715
279.686619,187,3911.435874
74.818819,146,3912.056858
254.421424,172,3912.768328
291.833835,188,3913.580392
271.46197,149,3914.201216
74.746113,134,3914.758212
278.208625,158,3915.413604
267.285825,326,3916.853196
264.877636,181,3917.613365
44.462344,115,3918.087216
264.262212,208,3918.95569
0.25524,85,3919.299716
296.642341,164,3920.000445
45.409421,107,3920.438656
265.892101,201,3921.307358
274.423657,193,3922.131229
245.981199,185,3922.911543
306.375605,158,3923.579975
285.856911,159,3924.24141
268.289902,658,3927.3734
269.297432,164,3928.054033
53.627126,77,3928.366435
286.915516,196,3929.192762
307.334326,179,3929.952193
264.968241,226,3930.941255
142.37452,1000,3935.997016
249.239246,303,3937.336427
261.183809,248,3938.443222
286.73124,255,3939.576642
262.696701,183,3940.355041
224.786408,575,3943.101108
19.113029,87,3943.451436
191.063424,798,3948.140314
301.41554,148,3948.762601
242.253443,170,3949.468753
228.3732,688,3952.89162
202.995311,681,3956.529374
277.168063,156,3957.176564
275.529693,162,3957.86297
231.888117,279,3959.125396
74.477237,136,3959.70842
267.843793,299,3961.093282
263.084188,176,3961.844965
41.723955,77,3962.160451
-10.824155,375,3963.829711
309.452646,190,3964.643327
286.061855,146,3965.253645
-177.661959,156,3965.906737
280.945001,195,3966.743278
255.652094,156,3967.378532
297.208116,184,3968.160111
271.491238,597,3970.862247
294.707588,147,3971.475545
254.102069,957,3976.120161
44.977739,110,3976.571784
311.583349,199,3977.436907
49.02025,122,3977.939731
324.423946,208,3978.831848
91.520829,138,3979.413648
299.951063,147,3980.03304
290.318196,260,3981.163219
227.974931,593,3984.002862
273.011819,190,3984.780977
308.009605,184,3985.57265
311.634461,210,3986.482212
280.606604,180,3987.216099
242.084165,910,3991.847633
47.780447,130,3992.383635
302.379935,233,3993.395101
244.723071,177,3994.142733
303.16626,170,3994.860932
311.033394,185,3995.659005
264.452073,315,3997.160035
244.406453,794,4000.852103
302.417335,222,4001.801357
264.100043,214,4002.706231
262.798377,154,4003.33213
282.4215,212,4004.227057
260.700765,179,4004.979128
262.682438,666,4008.040292
286.366917,223,4009.044369
293.070851,211,4009.956012
275.706882,186,4010.75827
301.286537,275,4011.93393
254.784688,169,4012.632017
290.858672,196,4013.468191
290.164639,210,4014.373748
297.347439,177,4015.137492
261.405745,166,4015.830184
264.331848,510,4018.244423
264.343305,161,4018.914887
312.456192,162,4019.599951
239.81208,518,4022.26348
263.8607,185,4023.060971
264.070056,270,4024.231988
276.656223,144,4024.834813
260.517172,202,4025.701539
282.527528,175,4026.440622
267.843881,236,4027.461229
280.939391,186,4028.248069
291.40227,207,4029.130711
274.597156,177,4029.875232
295.114612,187,4030.662779
246.086662,164,4031.341313
322.157228,158,4032.009221
272.108261,163,4032.689576
268.891183,188,4033.498775
292.862568,177,4034.245122
329.88764,153,4034.898517
276.789878,172,4035.625436
248.360415,172,4036.337422
312.874904,186,4037.121054
312.723131,172,4037.856267
135.407411,902,4043.340314
263.707881,207,4044.244159
302.210963,159,4044.917528
305.456808,186,4045.707381
309.226692,173,4046.448836
285.967786,192,4047.272459
292.145899,182,4048.042134
263.462626,169,4048.74155
279.576644,186,4049.51866
280.702121,144,4050.132873
299.232965,183,4050.919505
300.476089,154,4051.574608
323.671627,193,4052.397241
264.534638,185,4053.185612
308.119087,191,4054.00197
289.384655,162,4054.682534
306.36664,191,4055.512738
102.804994,121,4056.028394
297.776911,179,4056.788995
299.198103,175,4057.539228
318.204611,183,4058.316327
276.803825,195,4059.147792
296.877891,154,4059.820881
284.035154,190,4060.601529
246.913189,181,4061.361465
286.949423,206,4062.234717
287.564182,164,4062.932168
320.066226,167,4063.648159
279.286109,169,4064.36047
269.675194,146,4064.962778
266.557486,190,4065.754045
287.277915,184,4066.536966
260.945021,133,4067.082719
297.018403,207,4067.948227
319.26114,182,4068.731827
265.379257,190,4069.543683
295.477162,157,4070.204679
287.927193,175,4070.937712
307.36104,153,4071.581147
242.422278,163,4072.256923
310.771036,181,4073.030998
319.715714,175,4073.773609
271.30687,158,4074.416796
309.368751,168,4075.142116
284.605166,152,4075.794276
289.3637,136,4076.372687
315.001359,168,4077.091669
287.020235,195,4077.930615
291.344067,180,4078.688027
302.768043,163,4079.381313
255.883069,221,4080.338351
282.290444,168,4081.046923
305.371023,232,4082.053022
282.293041,184,4082.821849
318.45803,179,4083.580299
266.214647,251,4084.673958
247.127493,164,4085.359835
291.363441,193,4086.17758
247.881766,184,4086.949188
298.944859,136,4087.517187
279.120554,143,4088.108425
314.998101,169,4088.827727
268.320799,174,4089.540798
304.452969,178,4090.305048
278.34983,212,4091.237069
280.869186,186,4092.024299
310.472379,191,4092.859484
58.546982,72,4093.155788
271.028855,178,4093.904765
241.989472,161,4094.575901
252.962043,162,4095.245331
313.978853,159,4095.931385
295.166557,171,4096.668611
280.02569,246,4097.7314
304.786256,194,4098.562169
254.130077,154,4099.196587
289.722456,199,4100.061224
277.385078,204,4100.948331
312.183608,192,4101.769066
271.069332,173,4102.49685
305.206989,183,4103.273694
282.134564,164,4103.950192
316.603432,182,4104.722945
291.899099,191,4105.528003
293.570422,182,4106.295782
264.023857,164,4106.969437
316.073072,177,4107.723402
52.40242,113,4108.182171
308.572285,139,4108.763152
261.268475,156,4109.400899
257.29701,143,4110.002879
327.509827,218,4110.922204
300.906812,184,4111.694493
317.461447,192,4112.509323
269.274267,153,4113.133178
292.86743,200,4113.976147
297.18252,163,4114.665016
289.482515,178,4115.420581
272.040446,167,4116.121656
291.172397,198,4116.966323
260.884604,179,4117.707732
302.377902,187,4118.48825
293.376143,202,4119.349303
251.682148,154,4120.003981
291.667145,179,4120.764354
308.926017,174,4121.500811
308.20965,195,4122.330739
311.283061,156,4122.990798
307.612465,187,4123.778279
309.677767,201,4124.627544
289.56274,171,4125.358501
264.730308,151,4125.978098
296.367366,179,4126.728063
265.935404,165,4127.417224
287.039724,179,4128.156452
308.24502,160,4128.842407
299.979447,173,4129.568202
304.975764,175,4130.319906
307.442554,195,4131.146991
277.389379,176,4131.887626
294.153415,172,4132.628869
306.806484,164,4133.334199
309.351772,161,4134.028623
288.920566,177,4134.791203
271.420227,183,4135.554788
314.390901,204,4136.430388
279.394006,193,4137.247172
289.508067,216,4138.153448
295.102993,182,4138.924906
295.761344,186,4139.710894
311.994276,158,4140.395334
299.772948,198,4141.239473
247.954788,148,4141.847769
314.07923,194,4142.684124
309.254757,162,4143.388823
300.706736,172,4144.13855
277.418015,178,4144.902594
293.969718,154,4145.561459
302.944453,187,4146.352827
285.040788,140,4146.927932
263.281826,218,4147.855799
266.71824,166,4148.548735
278.06241,181,4149.301262
297.467715,212,4150.210065
305.133822,186,4151.006442
253.397153,211,4151.890489
293.293752,203,4152.755271
258.249245,233,4153.750606
284.741735,203,4154.620879
305.936506,180,4155.39613
273.014073,181,4156.163534
268.461868,150,4156.781632
309.47118,179,4157.551318
292.711719,186,4158.336332
296.313704,191,4159.139692
301.233413,324,4160.561426
312.71211,216,4161.490183
279.640485,167,4162.219716
255.289337,174,4162.969746
270.201576,162,4163.667227
309.393661,200,4164.546354
278.512868,174,4165.279102
254.874489,158,4165.953972
289.45371,193,4166.756941
278.566741,192,4167.573084
289.555351,204,4168.428811
280.272609,218,4169.339226
277.332327,165,4170.051785
289.531242,175,4170.789917
303.858779,209,4171.676084
306.795511,188,4172.5157
240.73599,179,4173.268996
236.496951,172,4173.996508
284.408337,193,4174.809487
283.430265,164,4175.512571
296.690021,166,4176.220012
297.592318,402,4178.167804
289.874051,267,4179.335864
305.823241,215,4180.286083
243.832464,174,4181.01627
302.078769,145,4181.639669
272.505764,186,4182.432436
288.815253,198,4183.302123
308.001669,192,4184.131314
265.721012,144,4184.747716
266.641691,143,4185.339232
267.048373,212,4186.239058
282.411268,261,4187.434415
291.515567,168,4188.168063
284.580894,217,4189.230136
304.944977,180,4190.014284
269.718682,190,4190.833046
264.862969,154,4191.47864
255.362286,342,4193.060198
290.565383,198,4193.914223
304.825001,186,4194.718565
279.555994,232,4195.74398
319.135003,182,4196.56563
316.354681,179,4197.33717
296.588612,140,4197.921706
273.937382,195,4198.736507
287.314783,168,4199.44917
265.847332,167,4200.147454
305.377656,173,4200.892267
276.59511,221,4201.835962
295.123912,184,4202.617676
276.021813,169,4203.331554
294.155691,190,4204.133762
322.808524,155,4204.795198
312.532641,157,4205.466656
284.867534,140,4206.059395
319.70899,199,4206.908779
249.707143,173,4207.633803
319.958776,185,4208.429352
251.458788,146,4209.029499
277.193967,166,4209.726064
309.439309,177,4210.482449
309.268112,184,4211.257344
309.18297,198,4212.098216
37.097317,114,4212.560895
251.301973,146,4213.156577
262.563119,193,4213.958437
313.614632,179,4214.710865
284.824814,138,4215.277853
238.647791,163,4215.96774
316.803248,176,4216.711085
252.724846,179,4217.482192
271.238062,600,4220.425722
301.727287,212,4221.327265
315.849679,174,4222.063087
236.922516,187,4222.844474
252.798135,170,4223.55003
291.931734,182,4224.316465
275.108264,195,4225.150293
236.188083,421,4227.143919
272.968247,169,4227.853655
308.506375,397,4229.697846
290.616231,232,4230.702099
286.382768,175,4231.445979
293.353234,198,4232.281773
279.048175,235,4233.312674
261.522053,190,4234.12292
257.396005,190,4234.929876
305.24168,199,4235.789698
261.815137,329,4237.20729
288.041736,151,4237.836268
289.287045,185,4238.628458
278.710151,175,4239.36748
298.097156,167,4240.08997
305.344789,174,4240.834299
276.529924,181,4241.599872
287.179609,174,4242.320482
311.224266,206,4243.199047
303.574321,152,4243.84027
273.821929,221,4244.791043
270.350201,176,4245.54505
263.829915,168,4246.251116
315.303866,176,4247.0053
254.256677,986,4251.907441
319.14308,172,4252.646017
288.941566,206,4253.534098
284.380865,180,4254.303046
270.691487,354,4255.931963
253.463807,175,4256.672086
304.657651,189,4257.473687
321.935819,215,4258.403461
256.693977,233,4259.437814
272.583253,175,4260.164929
266.047077,164,4260.856375
274.932376,222,4261.817562
301.59607,149,4262.44072
276.139377,204,4263.294017
307.664773,172,4264.025057
268.286876,166,4264.72491
295.364759,132,4265.269073
212.061824,840,4269.049163
262.999038,151,4269.67972
289.187424,182,4270.4518
302.067838,166,4271.156153
245.772701,172,4271.891074
286.257121,155,4272.542447
295.039312,190,4273.367279
288.106458,173,4274.08254
270.140489,194,4274.910335
270.991186,472,4277.110974
261.178886,182,4277.874152
272.664582,203,4278.721222
284.075197,209,4279.612002
171.345353,1000,4284.27849
300.257021,161,4284.957872
203.037518,251,4286.087609
258.437444,161,4286.755137
241.7327,578,4289.566937
269.553911,151,4290.207447
305.200138,210,4291.09758
264.900898,185,4291.87633
320.684221,197,4292.706947
308.074401,186,4293.50223
305.932925,241,4294.547602
255.733797,186,4295.333478
269.061704,202,4296.211197
298.067257,220,4297.186537
292.640482,154,4297.833203
285.235579,127,4298.355874
292.870843,211,4299.260447
324.248687,197,4300.108683
159.770583,1000,4305.039197
317.358407,222,4305.989386
330.305989,192,4306.812766
276.524897,201,4307.672582
263.0991,196,4308.492627
278.511954,202,4309.353292
286.07024,156,4310.011505
283.414721,197,4310.855069
262.492936,180,4311.617312
286.336411,171,4312.345708
280.310849,146,4312.945537
251.356858,499,4315.39821
13.503249,88,4315.772464
53.501187,73,4316.087469
239.460161,175,4316.834245
282.263868,333,4318.312248
57.528231,110,4318.770612
268.406763,157,4319.427867
274.100098,749,4322.959605
265.724265,396,4324.752486
242.893869,147,4325.355121
297.635273,203,4326.224327
308.111205,641,4329.226219
279.720234,171,4329.926415
263.492818,772,4333.580284
317.648643,184,4334.368553
260.171171,148,4334.969595
289.5886,201,4335.838923
55.819925,147,4336.459243
285.717689,165,4337.178076
282.521118,149,4337.787671
303.299882,226,4338.750014
328.86437,189,4339.557258
260.683315,165,4340.229821
268.4191,151,4340.861449
272.925246,446,4342.914817
274.065659,150,4343.540385
30.170513,117,4344.017012
286.096641,128,4344.537414
24.179234,80,4344.859814
291.385565,138,4345.426662
317.969225,185,4346.217719
246.460133,193,4347.028528
256.746531,834,4351.172951
300.192786,183,4351.964768
35.373243,87,4352.323138
240.391465,183,4353.093677
295.878025,193,4353.906045
277.523622,173,4354.641731
278.811285,174,4355.391369
16.131186,93,4355.771854
299.579565,168,4356.493298
319.456865,205,4357.363347
292.398242,171,4358.092714
297.033987,316,4359.452573
292.100755,425,4361.453589
286.883015,168,4362.179362
59.81898,77,4362.494513
315.507817,209,4363.409757
313.413174,186,4364.196039
242.396747,160,4364.854859
260.274287,168,4365.543307
302.403974,172,4366.278861
274.114047,417,4368.078519
273.891303,204,4368.935601
289.498156,163,4369.621111
257.581795,213,4370.545911
263.235199,518,4372.984695
251.524373,169,4373.672167
280.909505,738,4377.188702
295.630821,205,4378.070665
26.98121,81,4378.398758
314.79051,157,4379.05769
164.293612,1000,4383.791994
17.071891,114,4384.261723
205.462036,762,4388.529876
301.69564,158,4389.217758
265.497042,216,4390.144418
300.890167,197,4390.99149
285.810849,198,4391.853605
262.68959,303,4393.157297
315.537996,193,4393.985681
262.418437,190,4394.809259
240.291663,328,4396.399476
294.781408,206,4397.282193
287.082013,159,4397.955663
295.636188,190,4398.779508
280.593516,149,4399.40418
300.99053,166,4400.111824
236.825162,187,4400.92224
307.399178,163,4401.623162
39.254957,126,4402.147468
287.659101,155,4402.802891
306.001914,229,4403.797043
246.524478,210,4404.709661
290.070826,201,4405.564015
322.306692,190,4406.384298
255.887207,189,4407.202127
285.834497,188,4407.989425
270.324505,698,4411.315138
238.118003,176,4412.04498
292.90525,199,4412.891599
279.454206,154,4413.534959
290.383676,173,4414.26894
281.178856,208,4415.158595
243.867974,170,4415.877346
272.931655,135,4416.427254
305.076609,204,4417.295642
304.92385,191,4418.095187
272.72135,162,4418.75515
311.328581,186,4419.543829
322.002844,186,4420.331352
300.297796,176,4421.080015
38.9743,100,4421.486076
245.747039,138,4422.05874
301.851324,181,4422.815909
267.888428,169,4423.529611
273.205233,150,4424.142945
36.734144,91,4424.514899
269.358775,162,4425.192203
282.10776,171,4425.915551
268.987801,165,4426.606936
293.128443,213,4427.50777
281.344136,165,4428.213989
271.208673,189,4428.991748
273.812739,177,4429.725078
302.170761,185,4430.511535
291.945104,194,4431.349382
268.788697,147,4432.021076
283.463066,181,4433.213665
318.161938,195,4434.112758
286.824585,181,4434.882154
288.161594,173,4435.609616
273.737775,179,4436.371644
284.520881,194,4437.18146
293.568653,187,4437.974636
294.692085,197,4438.951373
268.337064,147,4439.56797
251.751307,220,4440.522038
45.076474,79,4440.843373
258.411551,151,4441.455547
247.929111,189,4442.253461
288.112764,145,4442.854979
266.854904,204,4443.717625
294.948574,172,4444.443356
228.444808,289,4445.725364
290.09132,179,4446.496638
271.364052,161,4447.15503
293.25239,176,4447.886046
256.078457,153,4448.52859
287.470798,225,4449.514876
290.106298,243,4450.569549
261.625294,214,4451.478533
312.65222,232,4452.485748
294.176287,224,4453.44917
272.889752,189,4454.24795
265.959179,173,4454.981854
305.444076,235,4456.02039
313.102444,193,4456.864975
68.806908,133,4457.435008
66.479792,137,4458.010042
296.214104,158,4458.667948
275.715302,181,4459.418882
320.235092,161,4460.107184
51.29297,87,4460.464772
282.503797,216,4461.382438
241.62385,155,4462.028714
256.443502,165,4462.701096
277.139628,198,4463.54269
286.814383,195,4464.361896
85.709062,131,4464.915281
299.015375,191,4465.716463
290.943971,184,4466.502674
256.763701,153,4467.124981
279.483751,163,4467.798986
274.813397,230,4468.776917
80.581101,128,4469.316302
41.175463,109,4469.774557
279.96522,164,4470.467546
258.332034,188,4471.254031
308.189112,210,4472.167017
267.146351,134,4472.719138
61.719951,128,4473.254166
72.094125,133,4473.811246
275.445285,199,4474.686656
280.532977,214,4475.611896
302.050393,212,4476.507708
70.270575,140,4477.098595
300.040276,156,4477.759527
284.723543,204,4478.606582
275.801562,177,4479.34395
285.928449,179,4480.103108
256.448445,147,4480.703684
306.015068,178,4481.458475
311.519043,158,4482.139377
294.241199,187,4482.921465
294.673481,149,4483.545683
286.587059,164,4484.233382
281.676991,186,4484.999482
304.087765,159,4485.661296
289.068184,196,4486.475642
306.876775,224,4487.433638
304.993624,160,4488.109494
288.647311,155,4488.747608
281.019614,176,4489.471154
313.950494,231,4490.485403
295.683242,154,4491.132536
299.095938,141,4491.727933
288.335574,163,4492.410281
269.62651,391,4494.199396
285.88495,198,4495.018588
256.714161,160,4495.670426
286.871676,177,4496.432483
293.048464,180,4497.196848
304.154634,154,4497.849429
297.508546,211,4498.763919
317.960999,159,4499.432439
323.839451,148,4500.058748
312.657427,165,4500.768221
250.591322,151,4501.384043
244.001286,200,4502.222995
261.370828,163,4502.899456
288.40893,167,4503.59802
301.092525,155,4504.245384
296.848214,149,4504.86791
307.348549,197,4505.702307
294.33671,407,4507.507899
290.258988,132,4508.055941
301.651083,152,4508.683478
243.877038,198,4509.500636
258.788804,172,4510.201519
270.961906,146,4510.802548
272.99197,175,4511.530179
262.965583,237,4512.534185
289.121348,142,4513.12578
243.583338,188,4513.916113
321.149251,182,4514.687517
23.607875,104,4515.116182
296.049953,230,4516.102442
314.646268,199,4516.962031
277.118622,199,4517.82123
294.062315,147,4518.426842
258.436958,151,4519.048603
83.865412,166,4519.755336
293.512075,235,4520.784326
296.703469,170,4521.499541
285.380893,189,4522.27702
310.000331,154,4522.927675
263.802456,186,4523.70431
288.293986,156,4524.356879
279.338199,152,4524.991715
287.793499,194,4525.790564
281.480927,182,4526.549904
274.003431,154,4527.19092
288.794548,167,4527.868306
295.832986,264,4528.997352
163.94346,1000,4533.569495
307.294199,183,4534.344015
283.697626,404,4536.20734
251.732349,188,4537.000702
239.826204,267,4538.229639
311.61324,219,4539.210321
261.329633,164,4539.891347
284.014089,161,4540.560242
306.152916,217,4541.508668
289.703007,206,4542.405089
295.043829,192,4543.208232
292.931343,170,4543.921531
274.506643,253,4545.000538
283.281058,552,4547.559833
267.813591,147,4548.177752
274.459788,168,4548.860398
255.734126,174,4549.57558
259.163957,163,4550.260524
75.791416,140,4550.855692
287.528743,191,4551.66675
264.174411,174,4552.384274
286.469859,174,4553.1344
272.513361,233,4554.119082
288.801514,157,4554.776727
322.199306,187,4555.61302
249.362775,156,4556.267956
314.976664,181,4557.021511
309.775241,177,4557.783213
286.807879,155,4558.428144
282.877692,182,4559.174008
297.276536,165,4559.871835
267.020816,161,4560.556521
309.266373,167,4561.26625
281.449177,563,4564.142588
283.705824,193,4564.947512
288.53156,207,4565.839502
296.040928,193,4566.654865
290.814011,216,4567.5755
58.589995,117,4568.069085
278.715368,203,4568.901088
265.821654,154,4569.524357
242.371135,166,4570.205482
318.005781,145,4570.818834
298.479694,185,4571.626069
314.157349,193,4572.476462
315.547762,197,4573.307159
308.450235,152,4573.954126
286.025883,216,4574.894121
311.927964,162,4575.57824
312.625173,223,4576.579002
296.726852,175,4577.332341
284.95449,203,4578.190989
282.4018,209,4579.085559
270.612451,145,4579.691981
278.949808,166,4580.378543
282.418369,179,4581.151317
260.846666,234,4582.162977
257.21417,159,4582.815181
276.24834,192,4583.637428
298.780623,203,4584.527095
316.15905,205,4585.420823
264.313713,148,4586.021632
302.156126,201,4586.865234
58.428221,82,4587.203303
295.253697,185,4587.986818
267.450702,154,4588.622754
308.7344,210,4589.529286
284.484442,184,4590.30886
321.04661,171,4591.031625
309.904417,181,4591.810881
324.187253,233,4592.803542
257.770414,185,4593.572141
293.401616,205,4594.464288
253.616012,156,4595.106404
-159.616858,323,4596.56116
322.462583,173,4597.30049
246.887277,178,4598.047415
292.032075,202,4598.889831
312.381665,177,4599.664595
277.446728,166,4600.36231
301.182445,163,4601.064065
294.180549,195,4601.900221
255.910993,161,4602.566859
281.638902,184,4603.345058
296.934943,248,4604.418681
302.026991,140,4605.009404
270.489717,197,4605.843491
282.55881,183,4606.608747
275.730648,141,4607.180287
302.151795,195,4608.000287
286.3508,141,4608.577422
307.996288,207,4609.473613
286.276246,159,4610.139073
307.245473,206,4611.018949
286.134085,185,4611.805908
245.591537,233,4612.824636
302.464837,202,4613.680123
294.954496,564,4616.236896
276.920732,181,4617.010528
295.222411,190,4617.83535
47.080386,80,4618.167044
280.674851,184,4618.945472
297.955826,174,4619.690864
319.02084,207,4620.595475
286.679484,174,4621.330479
282.276083,309,4622.762175
318.069637,192,4623.603536
272.070375,206,4624.517836
282.355429,167,4625.212236
289.024219,173,4625.947384
270.480801,173,4626.666406
272.575158,184,4627.436185
282.068976,186,4628.233703
297.487587,234,4629.261279
305.662859,201,4630.114192
287.692222,186,4630.918217
64.330665,116,4631.408072
262.710116,316,4632.795848
311.065143,162,4633.485066
282.35013,186,4634.280246
288.42777,283,4635.51519
274.59638,167,4636.217911
301.624603,202,4637.074195
301.744604,132,4637.623738
23.273495,83,4637.96507
303.084462,214,4638.900169
300.733756,292,4640.171842
294.09312,245,4641.218455
307.533746,198,4642.066435
313.105877,214,4643.002629
256.331767,180,4643.762627
320.910396,210,4644.680547
269.368295,292,4645.969935
279.899519,163,4646.657909
244.034791,207,4647.530767
302.265855,177,4648.28947
317.296898,160,4648.979355
284.856593,161,4649.64067
251.150228,148,4650.254528
302.858095,236,4651.27779
267.56373,194,4652.087029
46.575351,144,4652.689924
292.813683,284,4653.947277
294.338984,214,4654.866678
281.241705,175,4655.618432
291.964112,285,4656.899979
289.075049,180,4657.658395
270.667396,174,4658.396797
301.312103,179,4659.170518
281.943542,211,4660.111265
281.02852,172,4660.830733
317.243774,204,4661.710061
285.171398,150,4662.354325
291.796679,174,4663.101623
286.735831,381,4664.831968
285.372249,183,4665.611507
300.508411,151,4666.250126
246.854388,175,4666.988894
269.752591,145,4667.596348
279.509036,168,4668.29681
243.137794,160,4668.96386
294.582893,296,4670.329087
289.346483,233,4671.350839
282.656779,169,4672.045698
273.053112,155,4672.679876
280.414177,163,4673.357832
284.003336,194,4674.17735
304.006943,197,4675.042983
301.067748,223,4676.045998
303.43924,197,4676.892066
289.571266,188,4677.690505
270.425105,176,4678.426654
289.552879,179,4679.19208
267.605756,143,4679.776498
297.565389,145,4680.381782
295.939761,158,4681.052372
286.652654,166,4681.737542
286.12092,177,4682.477489
274.687599,211,4683.383482
286.243622,189,4684.182585
298.53091,221,4685.144866
312.044684,201,4686.011897
297.763285,157,4686.665351
286.716851,150,4687.287454
294.547541,191,4688.098474
253.910572,186,4688.87383
294.103026,195,4689.6779
278.572166,179,4690.434653
268.524592,174,4691.168245
291.872904,192,4691.999062
276.801591,180,4692.773176
261.490569,148,4693.383705
312.680681,153,4694.034099
287.236587,218,4694.97666
266.91845,169,4695.699861
300.056069,215,4696.638687
282.93716,137,4697.219172
304.085181,213,4698.129132
280.175591,202,4698.989149
307.260014,195,4699.831654
269.25841,169,4700.548396
244.941389,160,4701.219392
260.242538,156,4701.870914
286.328067,219,4702.819859
289.516051,121,4703.318335
308.086747,168,4704.042075
313.506282,183,4704.840218
266.526084,159,4705.5156
285.226104,161,4706.196171
289.134397,184,4706.989486
273.689279,193,4707.807234
314.513872,199,4708.656806
294.092303,207,4709.535491
313.284486,224,4710.504764
317.240602,203,4711.361753
271.230954,289,4712.625275
298.088361,162,4713.310676
309.225124,185,4714.106726
289.643704,188,4714.913792
267.593415,162,4715.59281
65.332727,96,4715.996149
314.258037,215,4716.901354
305.731782,197,4717.739999
240.764046,139,4718.308707
268.990648,191,4719.114364
265.587722,158,4719.778906
286.362475,189,4720.58146
308.342383,144,4721.186963
268.258008,190,4721.989307
266.73944,157,4722.650163
316.0624,191,4723.472333
283.404303,147,4724.078776
256.860785,145,4724.663446
298.374149,192,4725.478521
305.722227,196,4726.316448
285.177144,179,4727.065914
323.987696,161,4727.760075
308.342831,155,4728.409817
291.306577,170,4729.132171
290.202373,219,4730.078751
257.705697,142,4730.671398
287.083035,185,4731.444673
284.528396,238,4732.488083
321.591762,158,4733.172008
271.955295,195,4734.008808
259.607158,178,4734.743846
51.262275,110,4735.208192
287.480504,186,4735.981577
241.024796,181,4736.748025
302.324849,200,4737.610826
254.129002,165,4738.304902
255.94626,146,4738.907335
318.212745,194,4739.746396
279.013248,176,4740.485886
311.061263,209,4741.393245
281.037575,162,4742.074622
288.683837,180,4742.851821
264.865563,177,4743.588884
246.721824,158,4744.233926
294.849263,172,4744.976168
268.237831,183,4745.748208
318.836569,208,4746.648643
304.884794,203,4747.51297
313.197289,152,4748.165691
283.727202,187,4748.95752
293.804863,166,4749.66608
264.964031,184,4750.435079
276.024759,164,4751.130125
78.893021,123,4751.647242
302.382558,211,4752.562674
273.594925,173,4753.272263
298.745607,211,4754.148245
279.648944,158,4754.811592
296.468574,188,4755.60631
37.79874,81,4755.936088
306.497425,198,4756.799753
303.715279,159,4757.47329
290.408475,189,4758.270653
80.41697,106,4758.71643
292.673692,195,4759.52401
298.230889,167,4760.227729
279.832437,171,4760.948706
309.639887,172,4761.686866
64.306509,92,4762.073211
278.83649,172,4762.813292
310.00322,158,4763.498207
259.890288,177,4764.242966
296.719608,203,4765.131757
271.606657,141,4765.73546
292.079901,183,4766.505109
291.694006,185,4767.279844
258.367131,137,4767.839802
303.644243,192,4768.665212
309.133861,183,4769.439131
266.620125,156,4770.102065
277.303224,186,4770.863834
308.144946,196,4771.684938
249.395376,176,4772.442994
271.453589,168,4773.130193
317.874341,216,4774.089685
20.07133,100,4774.499889
279.893623,224,4775.458766
291.500194,181,4776.237069
292.787789,175,4776.979721
308.064496,162,4777.681505
263.543343,165,4778.36188
253.146139,173,4779.083111
15.187685,93,4779.464658
244.117218,199,4780.30772
261.928124,173,4781.030424
268.033414,160,4781.687003
319.952845,211,4782.588859
313.235899,216,4783.548141
294.516607,209,4784.436895
294.675275,203,4785.294576
302.366405,220,4786.237633
259.595637,196,4787.065859
284.582913,177,4787.824289
49.133422,109,4788.293185
262.829659,161,4788.991516
276.638201,149,4789.630499
272.728816,176,4790.377917
85.886531,130,4790.929496
68.561353,108,4791.390692
83.982829,109,4791.860199
269.8539,154,4792.492601
84.115345,161,4793.191246
246.383219,213,4794.076038
46.556018,108,4794.510674
307.032022,226,4795.497725
325.048417,235,4796.51129
71.389171,104,4796.975111
325.291169,188,4797.799833
61.360216,121,4798.314896
76.016235,99,4798.732463
284.330994,180,4799.488395
270.013803,224,4800.428424
286.223344,199,4801.270489
278.820994,365,4802.911083
315.914199,193,4803.711786
274.15189,207,4804.586139
331.484317,227,4805.574117
61.965511,106,4806.017743
273.897751,143,4806.614308
258.281126,330,4808.10625
62.207749,124,4808.616227
273.140542,158,4809.259148
296.955082,197,4810.101226
38.183858,84,4810.44492
47.639416,112,4810.90195
256.341865,147,4811.497702
306.997338,310,4812.919171
69.429033,117,4813.408941
311.617936,415,4815.380625
245.168782,156,4816.020098
84.507931,103,4816.455395
285.136508,170,4817.176502
266.566159,492,4819.548606
298.883421,218,4820.477985
258.840822,320,4821.900856
309.560012,179,4822.672243
283.44904,206,4823.544939
287.324797,190,4824.366057
274.138958,168,4825.07329
256.96593,138,4825.642169
303.768791,186,4826.430134
261.651919,190,4827.222515
289.225259,203,4828.094393
266.71825,178,4828.817479
277.071522,213,4829.718009
307.952745,216,4830.66878
310.296135,168,4831.387546
312.82409,217,4832.309344
293.728384,192,4833.115924
273.184104,191,4833.912403
302.733108,173,4834.655985
282.828871,168,4835.36103
285.329831,173,4836.115631
-350.4791,165,4836.827661
281.539255,299,4838.206795
293.938219,174,4838.939277
255.191875,163,4839.61175
283.876621,211,4840.51803
319.360023,203,4841.374477
288.542802,187,4842.163257
276.082788,165,4842.849254
317.057311,199,4843.699095
309.576039,170,4844.432649
312.098193,150,4845.067845
310.229206,156,4845.734087
286.692818,120,4846.229828
316.88941,181,4846.991786
284.925719,177,4847.740597
291.72285,168,4848.42404
269.995157,165,4849.107035
307.606674,180,4849.876459
297.881995,189,4850.68189
243.596439,166,4851.360093
276.966426,249,4852.416212
306.202251,191,4853.232309
274.323856,195,4854.042108
269.41556,135,4854.598659
292.155665,176,4855.34232
263.877529,185,4856.118119
307.719074,204,4856.979887
-361.55879,158,4857.671675
265.819688,181,4858.421514
287.12007,180,4859.191556
246.551804,140,4859.764048
293.85758,160,4860.432871
277.85806,171,4861.151362
258.043764,157,4861.805655
315.193445,160,4862.48339
285.884474,186,4863.249766
262.371811,190,4864.051319
288.420001,182,4864.813785
224.626975,477,4867.20252
263.119891,137,4867.769526
291.149214,186,4868.568914
278.22264,208,4869.458
240.089364,533,4871.911849
286.208161,452,4874.184419
312.312685,192,4875.011778
283.140205,229,4876.019953
292.483923,209,4876.933422
279.64142,200,4877.797713
314.866633,154,4878.449516
283.79243,160,4879.122582
278.128774,213,4880.054356
273.820358,199,4880.92147
255.579141,187,4881.706477
290.060576,194,4882.54298
286.78036,133,4883.083156
289.009852,235,4884.079789
268.085219,171,4884.815014
-377.643328,180,4885.96486
280.720489,287,4887.689446
252.824785,140,4888.394504
271.369784,184,4889.360464
67.502033,86,4889.740614
287.238493,157,4890.414697
318.381163,206,4891.307801
263.963131,177,4892.04074
300.50029,220,4893.013498
275.763537,193,4893.82874
303.687761,167,4894.534945
280.340631,134,4895.09301
272.909391,214,4896.045569
247.970053,150,4896.660838
284.368138,409,4898.582569
300.448321,150,4899.210045
283.882847,177,4899.970972
242.149149,185,4900.747223
258.604693,155,4901.387487
274.45775,161,4902.064557
277.715357,168,4902.758822
287.181369,198,4903.594412
299.670864,224,4904.57447
285.815239,199,4905.421581
283.170628,174,4906.153226
266.811056,215,4907.087163
290.663938,229,4908.099638
280.173951,215,4909.034508
326.169041,221,4909.964822
307.587921,210,4910.875468
294.562328,181,4911.656328
289.769937,197,4912.508166
281.912478,235,4913.570404
296.143208,139,4914.151122
316.555325,186,4914.947507
249.436927,410,4916.949818
304.64269,236,4917.982628
261.017593,148,4918.600211
299.215577,228,4919.598177
268.746265,181,4920.367246
294.807782,170,4921.105112
246.625331,156,4921.755348
269.507841,284,4923.036601
261.251018,173,4923.773003
309.003815,164,4924.482312
295.549035,179,4925.229365
266.699,223,4926.213962
301.555878,155,4926.863138
307.396325,189,4927.664152
250.060981,161,4928.324961
291.37905,244,4929.407351
272.259428,339,4930.978479
273.730727,166,4931.692857
302.238489,176,4932.448017
323.908834,153,4933.097678
260.323277,192,4933.902257
275.069206,184,4934.679635
301.593707,232,4935.70035
245.319049,165,4936.387433
293.084308,181,4937.17063
288.82177,201,4938.04595
270.418054,171,4938.752836
316.361151,226,4939.730618
291.300398,186,4940.531436
286.269414,140,4941.116043
260.221083,136,4941.672695
263.215439,192,4942.466425
279.904219,173,4943.192198
298.815437,145,4943.80552
244.969088,197,4944.63952
330.112084,158,4945.317093
246.885507,175,4946.049718
296.744079,210,4946.95542
280.055882,177,4947.689057
269.032482,168,4948.396434
274.895498,204,4949.252436
275.528073,196,4950.101035
313.863631,172,4950.838838
312.226888,161,4951.525262
260.787471,165,4952.203399
288.886972,183,4952.998906
260.050997,155,4953.653289
296.894774,174,4954.397402
283.27709,141,4954.982835
256.184823,161,4955.66257
315.398765,177,4956.419062
279.390182,181,4957.175246
287.271853,171,4957.893073
262.078924,150,4958.504672
279.023069,194,4959.319976
266.213659,147,4959.943583
288.220216,178,4960.719388
303.058347,229,4961.699871
292.679238,189,4962.496644
252.85498,176,4963.229109
246.631253,171,4963.953105
299.770944,208,4964.875492
283.641004,185,4965.687663
316.975668,170,4966.413716
