#{"t_start": 1574309732.113365, "env_id": "LunarLanderContinuous-v2"}
r,l,t
-158.066511,134,2.085674
-126.271459,163,2.768198
-442.219414,77,3.082283
-605.822534,139,3.656716
-388.354804,87,4.013202
-252.977892,165,4.706998
-296.154821,141,5.297204
-110.059748,138,5.877146
-168.432597,181,6.652378
-174.833805,100,7.068638
-168.175088,136,7.634903
-251.528656,604,11.093338
-292.832619,407,13.109516
-18.963113,1000,18.673899
49.742976,1000,25.084456
16.057393,1000,30.96149
5.687773,1000,36.565127
-3.80643,1000,43.036064
-78.73769,385,44.874834
2.048461,1000,51.441185
31.490714,1000,57.165187
-96.157845,395,59.051754
-96.314759,236,60.080474
-131.778978,357,61.762056
-142.784034,345,63.405874
-148.587178,295,64.729137
-125.32383,356,66.43363
-124.198091,488,68.817654
-105.286707,195,69.669421
-160.603316,456,71.941149
-4.552528,1000,78.388112
-160.950336,291,79.712247
-165.500391,410,81.623112
-148.819955,436,83.863269
-143.82111,432,86.101146
-129.646901,341,87.665898
-102.667357,407,89.613581
-168.833664,577,92.508865
-164.301904,463,94.65288
-196.144166,663,98.363927
-55.191967,1000,103.590353
-197.316932,850,108.851759
-175.026037,728,112.701654
-177.285573,734,116.400323
-120.893118,237,117.467352
-65.351624,1000,123.224061
-131.442367,241,124.302651
-80.271019,1000,129.387422
-8.434511,1000,137.427543
-95.683031,343,139.018296
-82.813095,488,141.360927
-128.311316,451,143.724536
-170.92998,69,144.000645
-170.889425,686,148.051793
-105.556667,98,148.453771
-150.683171,105,148.878081
-92.248526,239,149.934071
-130.486347,140,150.514519
25.297004,89,150.888209
-7.721573,107,151.341217
-164.194662,218,152.278102
-114.649787,138,152.862396
-100.373703,103,153.286519
-100.314571,1000,158.904146
-126.687888,107,159.35072
-0.79948,1000,166.366538
-190.03856,807,170.935248
-180.74654,151,171.561653
-54.930854,1000,177.663219
-48.352699,1000,182.841835
-46.005954,140,183.434893
-151.991383,214,184.349068
240.305467,303,185.803455
-68.360369,1000,191.752722
-18.367992,120,192.27317
-61.459375,1000,199.208047
-102.450898,141,199.798019
-141.102801,134,200.363391
11.502613,123,200.89439
-42.350023,118,201.395909
-110.874457,227,202.382512
-93.160346,506,204.983684
-42.536039,1000,211.356359
-56.953711,1000,217.980802
-51.373691,1000,224.262252
-291.809991,253,225.384132
-165.488803,658,229.159208
-140.618636,310,230.523452
-157.929941,1000,236.74857
-137.675048,374,238.471337
-119.465513,1000,245.875745
-204.776174,866,250.573004
-46.646646,1000,255.530275
-186.402472,646,258.664205
-78.508049,1000,264.272689
-116.217789,1000,271.384143
10.299949,1000,277.442211
-15.886884,1000,282.702817
6.743356,1000,289.107381
42.279418,1000,294.683644
-22.676605,1000,302.0144
-193.514836,851,307.333483
-75.144237,1000,314.047947
-52.966832,1000,319.111469
-12.890176,1000,326.693648
-190.862794,657,330.773186
-141.73732,613,334.290296
-166.789335,737,339.262498
-122.384854,1000,346.486667
-70.19782,1000,352.338259
-52.523975,1000,357.505956
-73.324289,1000,364.145605
6.641845,1000,370.561604
-5.261174,1000,378.091006
-13.356355,1000,386.200726
-21.885228,1000,393.350952
-31.360408,1000,400.744561
-11.405129,1000,408.450577
-49.167324,1000,415.040376
-58.152488,1000,421.722387
3.280812,1000,428.460031
-48.171964,1000,436.001949
-30.656369,1000,442.548196
-15.871208,1000,449.390607
4.047917,1000,455.401977
-20.339855,1000,461.209402
-23.933415,1000,469.067745
-33.469807,1000,473.94098
-79.402133,1000,480.006824
-2.040438,1000,485.891394
-48.109636,1000,491.661096
3.151987,1000,497.586631
-39.713417,1000,503.978273
-75.492752,1000,510.502332
-56.350575,1000,517.677928
-34.133536,1000,525.941047
-58.682089,1000,532.21821
-51.533555,1000,539.60112
1.419845,1000,547.032406
-8.603199,1000,555.198403
-3.341999,1000,561.31732
-47.248247,1000,569.100692
-56.174729,1000,575.895921
-23.395782,1000,582.593528
-30.30438,1000,587.968491
-54.354179,1000,593.97073
8.478628,1000,601.922843
-52.332941,1000,607.703817
-44.235199,1000,613.141656
-53.845688,1000,621.269853
-22.794468,1000,627.099025
-39.454709,1000,632.112924
-16.988391,1000,637.759813
-72.1997,1000,644.348913
-15.091508,1000,651.021015
-16.430985,1000,656.765473
-49.862916,1000,663.619871
-46.774273,1000,671.316804
-46.873592,1000,677.867777
-41.038328,1000,683.393107
-51.342734,1000,690.786474
-63.263506,1000,698.586522
-50.182656,1000,704.950081
-34.225843,1000,710.450543
-16.262985,1000,715.452777
-26.387928,1000,721.52681
-64.851632,125,722.045506
-43.68402,1000,728.46883
-36.74457,1000,734.564799
-24.670397,1000,741.21889
-26.494075,1000,747.99917
-33.565972,1000,753.83724
-9.685752,1000,761.61689
-11.532778,1000,767.811401
-60.645543,1000,775.179923
-44.023862,1000,782.421482
-97.669032,1000,788.083553
-49.558399,1000,795.745937
-15.000599,1000,802.131078
-75.823887,1000,807.846227
-37.882563,1000,813.392268
-21.102911,1000,821.380799
0.895985,1000,829.285324
-47.553823,1000,835.241405
-22.792794,1000,842.062093
-50.736573,1000,848.525564
-90.149837,1000,854.468135
-19.819144,1000,860.320238
-43.202632,1000,867.352482
-94.210201,1000,873.718305
-25.284848,1000,879.90843
-11.772858,1000,886.335111
4.707955,1000,893.869958
-10.429444,1000,900.801497
-54.245115,1000,907.065571
-64.529968,1000,914.628722
-74.807762,1000,919.949949
-90.017039,1000,925.925806
-47.748009,1000,932.135271
-26.42624,1000,938.066755
-87.222292,1000,943.822598
-13.15738,1000,949.179559
-34.394956,1000,955.846587
-53.692566,1000,962.085546
-81.342457,1000,969.893401
-60.416302,1000,976.772412
-40.593453,1000,983.426069
-85.106984,1000,989.588445
-71.117803,1000,995.509839
-3.383781,1000,1000.882868
-31.997616,1000,1008.225958
31.640794,1000,1014.530273
-5.820463,1000,1021.827631
-42.400319,1000,1028.476253
-45.402673,1000,1034.823011
28.845237,1000,1040.933559
-44.876538,1000,1046.541886
-44.26915,1000,1052.514927
-37.853959,1000,1058.246099
-55.484724,1000,1063.581601
-42.280639,1000,1070.910146
-18.946576,1000,1077.452634
-60.733388,1000,1083.703324
-30.327651,1000,1090.046128
-39.327598,1000,1095.871376
-47.735667,1000,1102.72632
-59.908751,1000,1108.16439
-66.440405,1000,1113.839662
-27.921577,1000,1119.90716
-57.677897,1000,1125.973397
1.324289,1000,1133.11669
-58.558155,1000,1138.203465
-45.779462,1000,1145.981318
-20.157356,1000,1153.021405
-47.853254,1000,1159.472041
-55.912903,1000,1166.136325
-7.463206,1000,1173.287837
-55.541675,1000,1178.319353
-6.977553,1000,1185.022288
-36.614633,1000,1191.55775
-14.923034,1000,1197.503716
-0.859902,1000,1203.332529
-48.38961,1000,1208.463098
-24.689187,1000,1216.580035
-49.533149,1000,1223.193191
-37.311199,1000,1229.047589
-39.506807,1000,1234.758546
-46.130484,1000,1240.37466
-13.708731,1000,1248.20566
-8.769171,1000,1255.520915
-22.42312,1000,1263.206328
-41.718635,1000,1270.359084
-51.803082,1000,1276.179032
-26.264637,1000,1281.598458
-46.464316,1000,1289.521757
-34.494907,1000,1296.230603
-12.641938,1000,1302.886617
-32.975621,1000,1307.927572
-11.461368,1000,1314.358736
-39.091195,1000,1321.10998
-46.924538,1000,1327.583207
-54.341261,1000,1332.869553
-27.996769,1000,1338.764494
-29.916514,1000,1344.17903
-40.725895,1000,1349.754373
-34.128699,1000,1356.085057
-12.66905,1000,1362.931824
-6.57307,1000,1369.216246
-16.015729,1000,1374.791193
12.390669,1000,1380.460935
-21.718524,1000,1388.058994
-27.541538,1000,1393.560167
28.022569,1000,1399.838704
6.267196,1000,1406.119096
-2.051042,1000,1413.258934
-36.692662,1000,1420.212416
-35.968779,1000,1426.010093
-24.079785,1000,1433.836069
-26.390886,1000,1442.311158
-3.823808,1000,1448.78925
-32.716444,1000,1455.780734
-36.995136,1000,1462.983438
-21.986823,1000,1468.676458
14.544353,1000,1474.71231
-11.787406,1000,1480.858918
-12.235402,1000,1487.979227
-19.998428,1000,1495.246014
-14.52452,1000,1502.060849
3.241738,1000,1507.607873
-38.486817,1000,1515.074623
7.723247,1000,1522.469804
18.021373,1000,1527.686899
-15.899186,1000,1534.991824
-0.333509,1000,1542.199627
-20.845859,1000,1548.950723
-34.087852,1000,1555.815529
-41.014489,1000,1561.326367
13.829542,1000,1567.780135
-34.641934,1000,1573.005769
36.006756,1000,1580.931187
-44.429145,1000,1587.412511
-28.486646,1000,1592.845381
-38.105922,1000,1601.079264
-16.205424,1000,1608.01199
-28.901604,1000,1615.576068
-40.709507,1000,1622.01985
24.234559,1000,1628.85234
2.576123,1000,1635.042427
-1.088156,1000,1641.097156
-23.547717,1000,1648.924639
-33.148394,1000,1656.388776
-10.171509,1000,1664.063928
-45.880673,1000,1671.048157
-20.388255,1000,1678.755734
5.483699,1000,1684.670608
-11.45835,1000,1690.93457
17.547786,1000,1697.381708
3.654137,1000,1705.770996
3.801007,1000,1713.438845
-16.7522,1000,1720.975669
25.07497,1000,1727.385916
-33.908463,1000,1734.331857
3.428009,1000,1741.015023
-21.54836,1000,1747.176483
-17.922551,1000,1755.50226
-16.989604,1000,1761.84198
9.693986,1000,1769.669107
1.394395,1000,1777.348988
-38.172357,1000,1785.35134
-33.495717,1000,1793.141375
-7.06998,1000,1800.053696
-38.821824,1000,1807.241972
-12.560643,1000,1813.634289
-6.613273,1000,1820.424459
23.040845,1000,1826.427402
-20.555255,1000,1833.458232
-8.635592,1000,1840.799873
26.83057,1000,1847.087617
-5.795559,1000,1854.665017
10.212827,1000,1861.940465
26.559519,1000,1867.81271
-16.100874,1000,1875.161753
-23.298365,1000,1883.267089
-32.289811,1000,1889.719859
9.353491,1000,1897.073104
6.103008,1000,1902.724058
-13.211538,1000,1909.546456
-8.576366,1000,1915.929426
20.520665,1000,1923.823317
182.886994,750,1928.313
37.712231,1000,1934.008351
4.458528,1000,1940.277616
44.424645,1000,1947.153602
220.56034,688,1951.698387
232.065629,541,1954.793916
179.96095,667,1959.041389
202.730057,895,1965.428543
207.010265,777,1970.713731
224.528614,459,1973.204403
233.212616,670,1977.155045
202.518895,413,1979.364196
240.27752,490,1982.521518
238.820871,471,1986.652755
259.671135,404,1989.060238
237.958971,737,1993.793011
214.780143,302,1995.222092
200.340651,495,1998.096528
210.166628,534,2001.351977
223.551933,510,2004.364361
230.005146,462,2006.915462
230.693099,303,2008.361415
226.811049,376,2010.315655
267.496737,360,2012.225974
261.22808,431,2014.505189
246.062555,287,2015.835385
222.486182,282,2017.175314
221.529509,450,2019.771063
144.907132,1000,2025.396172
27.7967,344,2026.924269
228.800432,340,2028.665763
218.274813,467,2031.183584
199.853464,501,2033.741089
210.026521,483,2036.482526
255.329178,253,2037.628794
-121.26624,323,2039.090737
225.184954,495,2041.822316
256.500307,314,2043.415208
6.142405,358,2045.101748
254.787032,301,2046.519393
237.90785,396,2048.67732
216.855489,778,2053.124517
241.897388,398,2055.10815
244.180264,341,2056.772245
0.576273,1000,2061.776912
177.406378,732,2066.033986
219.782137,492,2068.855336
254.800214,370,2070.708721
259.330133,482,2073.176321
201.245608,641,2076.748589
247.446574,324,2078.359793
277.031292,230,2079.388504
225.378436,427,2081.71554
172.199799,870,2086.300997
233.701319,303,2087.793021
3.630847,1000,2092.884528
246.176458,388,2094.726804
253.646003,465,2097.042747
190.879719,492,2099.752401
212.492707,373,2101.674168
248.102894,366,2103.563257
264.182769,291,2104.946894
133.916583,1000,2110.729079
233.171911,401,2112.768351
262.644702,346,2114.441336
231.505782,417,2116.720167
41.728641,209,2117.61212
12.034119,1000,2123.143374
260.670967,564,2125.986814
242.473536,261,2127.156764
171.021256,734,2131.164094
192.716455,520,2134.089572
180.823927,681,2138.001705
132.826052,679,2141.863686
277.192599,280,2143.097314
99.688289,1000,2148.76741
279.731529,223,2149.735561
243.558936,242,2150.812656
185.37687,592,2153.95989
202.765123,630,2157.80509
13.456048,149,2158.428299
263.767803,233,2159.428563
285.053959,226,2160.45237
288.210483,225,2161.425794
250.538371,294,2162.82986
254.861815,474,2165.189777
24.058673,125,2165.71379
280.110416,281,2167.008926
283.156086,330,2168.496684
50.181467,123,2169.006012
268.52859,275,2170.243245
275.039046,286,2171.547763
193.625572,684,2174.993432
264.171521,355,2176.71411
250.304512,275,2178.019363
259.339312,293,2179.344151
12.727949,124,2179.866278
236.682893,317,2181.407446
106.197873,1000,2186.989636
237.85441,211,2187.904996
275.238471,407,2189.949813
191.57359,575,2192.807204
215.225037,554,2195.887082
18.65416,126,2196.430431
238.904513,409,2198.46559
14.842447,150,2199.100595
250.992049,312,2200.585356
15.922149,159,2201.266153
213.108358,395,2203.335074
268.942936,256,2204.477241
152.70846,1000,2209.592669
246.484272,394,2211.401744
224.808393,431,2213.462307
228.438306,671,2217.34117
254.887566,467,2219.945883
249.74953,330,2221.429944
237.673603,559,2224.568113
250.681156,467,2227.028638
241.10916,512,2229.87274
269.975517,412,2231.883009
266.041976,520,2234.48041
-65.289395,165,2235.170138
237.448528,227,2236.177938
147.581209,644,2239.522528
233.472126,298,2240.861747
232.128873,378,2242.774824
255.935814,336,2244.422461
221.86405,534,2247.332101
248.439576,847,2251.567652
228.762703,267,2252.780119
230.051639,326,2254.300862
236.283286,303,2255.805836
224.354284,303,2257.239115
257.486321,521,2260.003534
208.596451,395,2261.923835
209.13669,310,2263.43821
212.426763,405,2265.489005
183.971168,389,2267.500333
231.877542,404,2269.518221
-7.682742,411,2271.401833
230.989267,299,2272.881103
239.104052,449,2275.1271
211.503134,347,2276.7844
252.587315,234,2277.84601
232.29404,825,2282.687598
235.804554,257,2283.848414
272.156983,224,2284.864225
220.499612,511,2287.530283
199.01542,583,2290.6415
235.952333,297,2292.023258
215.644822,443,2294.301733
234.503278,667,2298.053908
245.190749,254,2299.195942
250.997567,334,2300.801061
183.293071,680,2304.492354
268.853598,272,2305.760072
-113.135998,420,2307.678454
-106.265352,333,2309.190219
247.304506,281,2310.458646
229.480299,244,2311.527507
291.76633,265,2312.712554
210.075562,254,2313.833263
174.297332,522,2316.386668
-60.139266,352,2318.030877
150.075783,544,2320.628214
177.601005,476,2323.147926
205.174749,532,2325.964436
253.501277,261,2327.167609
275.920813,339,2328.717836
230.752388,415,2330.620896
252.212426,215,2331.576282
261.508971,299,2332.942636
209.904991,741,2337.439302
254.275275,377,2339.210823
267.526631,162,2339.895438
234.388997,344,2341.431832
122.656579,1000,2346.089137
237.553408,329,2347.638584
279.867462,358,2349.330577
71.983132,1000,2355.63561
261.121842,294,2356.923276
266.021112,456,2358.95912
262.021393,211,2359.846407
230.663906,355,2361.51058
239.816926,378,2363.302191
269.678869,215,2364.247284
283.713031,220,2365.19577
268.574929,222,2366.124189
122.363156,1000,2371.183095
250.626761,351,2372.783761
239.197638,171,2373.507572
250.739973,787,2377.63625
281.361919,202,2378.520513
235.124486,813,2382.781436
43.269295,129,2383.343406
244.184956,161,2384.015652
261.79485,379,2385.761868
238.1906,183,2386.534093
253.362749,588,2389.549629
266.336198,267,2390.770188
254.901468,246,2391.834928
261.024507,366,2393.599507
257.737903,510,2396.031695
259.463274,270,2397.225131
239.646436,709,2400.864787
250.516217,269,2402.0359
235.63452,173,2402.769203
287.701435,329,2404.228939
245.31499,477,2406.490092
258.756188,235,2407.503382
254.590809,208,2408.411656
260.857251,178,2409.159859
249.856006,279,2410.406344
249.525049,232,2411.414073
247.283288,227,2412.405048
263.471471,270,2413.586969
267.045805,278,2414.795009
253.453875,236,2415.810016
282.135257,262,2416.956672
247.851698,234,2417.978202
232.651818,178,2418.726475
220.14382,242,2419.78708
268.150181,224,2420.781576
255.887036,667,2424.052313
248.686193,231,2425.067887
254.863968,175,2425.832045
281.338626,225,2426.813055
243.067789,183,2427.594907
236.878323,555,2430.19369
246.107162,250,2431.293338
245.053813,260,2432.416298
214.184646,392,2434.306778
255.787,248,2435.404897
231.402338,522,2437.936092
45.885996,169,2438.64331
256.413034,209,2439.539018
249.549872,460,2441.687408
63.913019,120,2442.19621
259.867255,337,2443.757534
249.29539,177,2444.501363
262.411195,280,2445.806097
255.904255,169,2446.516992
-33.768992,1000,2452.099664
209.707522,619,2455.659718
278.585765,260,2456.778223
252.313672,587,2460.066627
304.193093,188,2460.872826
256.66624,264,2462.018833
267.27917,220,2462.944841
236.583073,490,2465.148998
332.135752,164,2465.853142
-14.404431,462,2468.021307
275.170857,189,2468.869463
207.066127,921,2473.827179
270.694078,459,2476.055212
240.79781,336,2477.581043
269.012636,184,2478.36412
254.16349,278,2479.623224
225.713683,229,2480.642783
125.99188,1000,2485.776637
234.855151,712,2489.636877
262.347784,157,2490.319138
251.566494,264,2491.491692
224.069446,318,2492.925675
253.860938,388,2494.801616
268.66521,246,2495.864213
248.315002,198,2496.725405
266.288688,277,2498.013876
240.984345,176,2498.754796
293.662036,238,2499.790069
-14.022738,168,2500.494642
247.517104,237,2501.512793
239.271725,374,2503.412217
260.658736,795,2507.022045
220.204824,253,2508.152082
-42.842158,567,2510.982125
-3.601611,175,2511.725942
274.736839,209,2512.605189
256.31638,200,2513.462898
229.857181,267,2514.628228
265.672497,250,2515.745571
46.207669,180,2516.502875
149.236693,656,2519.783834
272.778743,267,2520.961777
266.433591,269,2522.135732
253.972795,227,2523.120792
245.293663,173,2523.880438
225.759868,200,2524.743552
266.784131,265,2525.902492
272.110739,236,2526.95394
218.346351,379,2528.761325
292.800496,160,2529.432653
257.992034,198,2530.294223
-60.68263,1000,2535.693772
180.076868,918,2540.980828
27.039888,133,2541.528687
-1.552223,144,2542.128454
23.084957,117,2542.616473
25.086595,132,2543.158596
246.376151,194,2543.994681
294.558192,288,2545.301122
-165.099974,426,2547.368443
75.806871,128,2547.919075
295.949477,179,2548.679515
254.768219,181,2549.45095
282.918617,186,2550.230196
263.299722,195,2551.054564
-174.609023,376,2552.72788
-54.947883,101,2553.143915
27.510809,129,2553.672226
-98.850836,426,2555.800109
256.16476,188,2556.587927
159.910292,997,2562.253117
-31.260697,1000,2570.097342
152.106559,1000,2575.174931
247.274488,614,2578.429186
135.715359,772,2583.51219
262.391509,228,2584.618812
208.165454,328,2586.163027
-46.75859,1000,2592.135699
258.450881,253,2593.244743
257.846676,248,2594.322932
273.957388,223,2595.274536
276.383322,336,2596.861122
244.477475,158,2597.546722
193.425911,686,2601.174028
6.666715,1000,2607.364306
262.99297,258,2608.538285
26.002372,1000,2613.867468
282.738914,308,2615.252602
277.468251,483,2617.517532
248.843276,185,2618.303711
289.753277,194,2619.127692
240.485973,301,2620.48653
264.660932,192,2621.31585
263.914853,294,2622.633536
257.635719,508,2625.215577
230.559087,298,2626.637785
232.414947,468,2629.049191
259.932079,646,2632.064623
261.723032,261,2633.295166
264.293186,378,2635.144656
44.261261,1000,2640.898604
245.607545,575,2643.742633
261.351807,271,2644.948296
223.625632,672,2648.660345
246.505773,229,2649.640452
262.333105,626,2652.565898
225.878515,689,2655.823449
266.945159,246,2656.951284
223.884237,369,2658.692258
245.161591,536,2661.146026
237.426116,669,2664.584038
265.786352,247,2665.696289
240.897505,245,2666.776965
215.010703,723,2670.783056
245.607533,322,2672.270072
264.466324,352,2673.873694
102.661212,1000,2679.833653
211.558204,529,2682.502979
261.156629,337,2684.086512
234.297706,539,2686.95006
214.539348,931,2692.116836
261.251948,456,2694.486624
231.780884,329,2696.072738
251.759658,196,2696.925376
242.003562,167,2697.622562
247.560697,322,2699.109824
274.055722,701,2702.280266
257.573254,488,2704.694488
218.881583,481,2707.125863
231.234641,906,2711.691199
226.007342,273,2712.948175
40.092354,1000,2719.559775
-63.663122,189,2720.367165
254.590485,224,2721.322289
237.026788,287,2722.609689
203.366749,389,2724.601038
214.337211,489,2727.160981
8.004676,229,2728.183062
187.33723,543,2731.071358
101.852725,1000,2736.012474
268.923107,298,2737.37044
106.162414,977,2744.162088
274.717539,183,2744.945396
148.291102,1000,2750.314404
-2.490236,1000,2757.47032
250.964191,511,2760.178737
282.20289,325,2761.647581
-34.184806,1000,2768.033071
-86.075516,1000,2775.12354
219.657944,893,2779.75019
228.769447,574,2782.492077
283.647036,232,2783.500267
-23.375692,1000,2790.443572
209.536919,372,2792.265122
244.430984,481,2794.671689
234.95241,207,2795.57177
184.174757,524,2798.543889
234.868334,353,2800.16293
264.220806,241,2801.20517
269.993322,196,2802.047431
276.599709,201,2802.932216
242.849117,895,2807.261404
189.227463,672,2811.294088
233.298945,538,2813.756031
258.886132,496,2816.401574
271.078279,213,2817.343885
258.036144,200,2818.201596
197.189993,743,2822.168237
135.366272,1000,2827.168158
269.034972,332,2828.728305
274.752164,221,2829.677299
279.384038,492,2832.199689
12.327327,1000,2837.355042
225.638243,243,2838.453796
244.616719,395,2840.31072
121.407842,1000,2845.612055
187.701988,869,2850.172244
247.26917,298,2851.56828
248.260533,175,2852.307608
269.8135,232,2853.301771
17.508779,1000,2858.81956
244.548958,236,2859.870365
229.610067,442,2862.199916
248.211981,486,2864.880805
233.853289,474,2867.147684
32.094431,120,2867.639252
256.427747,216,2868.581791
265.005445,354,2870.281159
262.310364,262,2871.382286
258.182128,335,2872.929468
262.54976,291,2874.290419
257.869859,259,2875.421754
248.099381,400,2877.346171
278.234124,221,2878.302841
278.987275,537,2880.728178
288.220798,482,2882.972366
257.494509,259,2884.102473
251.067829,182,2884.861539
219.083703,246,2885.986897
231.895043,178,2886.743208
283.071419,277,2887.992225
257.543577,181,2888.761165
117.338467,988,2895.500107
275.528185,226,2896.494126
263.804312,231,2897.508087
248.577797,262,2898.65764
263.887564,274,2899.89264
248.155044,185,2900.684672
241.100613,261,2901.835494
265.764032,365,2903.510141
201.950526,819,2907.632462
279.179486,202,2908.519793
261.887816,387,2910.303678
234.240799,348,2911.872402
276.624323,273,2913.038804
251.779795,417,2914.967412
240.847717,231,2915.974946
265.194736,403,2917.865877
248.146316,330,2919.35883
231.091762,215,2920.286995
224.445339,255,2921.415896
262.13344,284,2922.677737
265.310118,507,2925.108416
292.485167,310,2926.486684
249.704898,199,2927.356765
258.773592,303,2928.754937
244.420205,554,2931.293168
252.020496,168,2931.989573
132.820963,1000,2936.731471
241.464488,231,2937.752876
243.845857,178,2938.511949
260.619725,195,2939.337775
264.603851,337,2940.862938
270.89891,350,2942.467735
299.511503,227,2943.459005
278.528956,220,2944.416174
290.382651,224,2945.41764
249.46462,628,2948.469301
262.250674,834,2952.597719
240.313908,193,2953.419756
253.363577,261,2954.565712
240.420288,177,2955.30915
277.97211,168,2956.02199
305.193239,246,2957.084522
289.890098,555,2959.565677
274.692634,162,2960.241898
244.442023,370,2961.973665
262.995956,402,2963.949702
242.981972,176,2964.67603
255.654087,342,2966.231894
262.527665,295,2967.537072
273.135175,293,2968.835131
238.979377,167,2969.526149
-155.425438,499,2972.033731
257.349397,192,2972.839833
251.313296,297,2974.190154
249.573341,179,2974.939898
278.264335,141,2975.519948
231.963894,224,2976.487893
265.196276,630,2979.487452
263.932586,237,2980.524687
256.38542,246,2981.595564
263.47651,322,2983.028109
263.153372,208,2983.913777
262.522949,217,2984.845646
254.928042,858,2988.856496
262.708886,217,2989.786602
278.572511,180,2990.551133
248.578325,192,2991.3597
255.757617,243,2992.41201
267.192223,324,2993.875019
274.044067,173,2994.618576
268.970395,161,2995.307865
272.224774,247,2996.38618
271.859709,303,2997.76655
264.343612,290,2999.094333
258.20328,755,3002.944005
246.935125,404,3004.774782
241.393077,358,3006.451799
254.966426,389,3008.235031
147.235496,1000,3013.0007
264.960527,181,3013.776018
255.089494,198,3014.633339
256.595439,197,3015.478122
247.556183,209,3016.379308
272.354809,253,3017.50478
295.368241,272,3018.722617
258.445211,273,3019.925687
264.552711,283,3021.19335
248.931211,296,3022.52928
246.221105,211,3023.452547
274.019617,279,3024.712388
256.426901,192,3025.541614
258.366776,158,3026.201144
243.872589,164,3026.902837
282.032937,185,3027.694381
314.488989,173,3028.438096
248.185395,705,3032.143727
216.681806,209,3033.045151
244.897769,234,3034.065403
288.922381,183,3034.846454
252.845767,236,3035.887744
224.851621,223,3036.87225
254.889157,198,3037.714549
274.729108,256,3038.852665
278.038727,263,3040.050243
244.934334,239,3041.117076
244.82781,229,3042.139304
238.088306,231,3043.187645
242.182533,264,3044.389064
298.397588,180,3045.157056
250.185818,228,3046.155494
315.074317,210,3047.054146
165.818717,1000,3053.162429
246.257198,548,3055.97304
245.711617,369,3057.654768
244.731488,207,3058.546853
233.968879,431,3060.701695
297.183419,212,3061.608135
36.798471,250,3062.698261
259.321526,413,3064.730786
253.509916,212,3065.62544
245.316711,184,3066.431903
254.443706,213,3067.351512
250.054744,576,3070.095889
252.827269,182,3070.880527
274.701485,250,3071.968181
260.735907,443,3074.120044
243.938304,230,3075.127561
259.652021,181,3075.902281
236.27487,181,3076.667607
306.46598,360,3078.276968
243.803592,287,3079.599053
265.716393,390,3081.452468
257.484219,195,3082.302977
291.347962,185,3083.1
266.707631,213,3084.017887
273.502356,283,3085.29475
229.622786,463,3087.607051
252.530703,192,3088.446454
275.299844,189,3089.263945
283.530593,193,3090.093889
262.213377,172,3090.812108
278.935568,174,3091.555408
273.645503,178,3092.292942
303.947407,211,3093.203113
283.340968,633,3096.099108
237.597994,252,3097.199542
255.252451,210,3098.102709
287.923487,216,3099.01981
212.106899,549,3101.742283
267.697979,196,3102.580504
184.615054,1000,3107.817994
272.363807,340,3109.422404
246.358543,819,3113.71497
244.373876,164,3114.400371
254.858474,681,3117.746858
263.633434,210,3118.650639
260.004416,204,3119.524521
255.824106,393,3121.323011
278.854219,229,3122.331803
282.650994,205,3123.211204
270.88429,283,3124.501524
260.263251,165,3125.186332
299.517595,175,3125.933126
262.760989,232,3126.945014
259.825432,203,3127.838842
280.143952,267,3129.034593
302.791676,162,3129.728906
262.124028,198,3130.574656
252.161148,209,3131.456288
276.375114,160,3132.133377
271.308094,224,3133.129163
268.267963,161,3133.804387
304.816002,172,3134.537298
276.995303,207,3135.426362
232.739899,426,3137.417658
40.116953,135,3137.974798
284.872433,153,3138.607416
274.35422,258,3139.718536
254.005007,222,3140.662878
252.163548,260,3141.825037
247.7012,204,3142.722341
238.753008,238,3143.748605
279.292084,210,3144.631612
246.324431,167,3145.334208
271.823345,173,3146.050546
251.980602,235,3147.06733
271.996142,185,3147.860611
277.850198,210,3148.770968
291.663923,157,3149.431277
281.128573,200,3150.26664
282.598122,168,3150.97843
41.834491,133,3151.524955
59.57903,138,3152.096394
237.236913,283,3153.385231
16.326248,182,3154.156759
267.124009,252,3155.269792
273.557582,165,3155.977587
325.251243,183,3156.771285
199.189945,341,3158.352657
302.766519,249,3159.476625
311.289456,197,3160.312759
275.243426,179,3161.066557
293.626253,160,3161.748958
242.328735,233,3162.797319
262.045794,251,3163.913836
279.940521,222,3164.877482
281.560854,156,3165.537663
229.552585,344,3167.121284
271.947413,583,3169.814738
37.430092,191,3170.624612
278.515379,187,3171.409767
282.971159,159,3172.075571
306.228789,177,3172.836784
149.215048,714,3176.477883
250.09948,163,3177.15348
20.180207,111,3177.637457
271.179082,173,3178.383868
166.696874,1000,3183.222391
14.885917,174,3183.954154
3.889476,117,3184.441647
301.239791,193,3185.267991
287.539857,192,3186.102603
259.66661,182,3186.871982
249.924434,150,3187.494547
4.49051,146,3188.127243
43.551882,119,3188.625603
296.064612,172,3189.398817
273.015013,266,3190.57311
-1.721847,118,3191.065036
34.245828,124,3191.585098
307.608556,159,3192.255507
254.686704,176,3192.993323
301.372394,180,3193.741577
252.840456,176,3194.479097
266.559175,205,3195.345693
269.472268,397,3197.13309
240.101809,220,3198.096932
152.556767,1000,3203.567911
299.766382,348,3205.151292
265.631929,193,3205.972193
1.527827,120,3206.467457
289.432243,329,3207.925712
249.563607,186,3208.71831
61.006591,97,3209.122353
284.999232,197,3209.961159
-12.93724,208,3210.864769
261.437003,169,3211.600045
281.007659,175,3212.323232
61.128133,149,3212.951262
295.592529,205,3213.813807
279.544304,218,3214.764543
151.876177,1000,3220.021663
249.802233,205,3220.913294
266.796581,221,3221.883326
221.314778,361,3223.572416
19.887605,92,3223.953444
267.929121,256,3225.035773
252.614614,183,3225.804631
301.604232,268,3226.983984
285.846906,196,3227.806645
272.437451,206,3228.682707
263.125876,238,3229.712533
272.917794,210,3230.597038
299.002975,227,3231.585885
251.663573,255,3232.70004
251.246977,200,3233.553369
292.80999,176,3234.29883
288.483973,179,3235.062732
76.032971,111,3235.520724
290.898102,287,3236.773703
-95.985342,477,3239.029115
300.587718,182,3239.801167
-78.850052,235,3240.820217
128.29246,775,3245.080884
239.408926,419,3247.06614
255.489646,178,3247.804588
232.060838,287,3249.092568
263.064487,482,3251.191582
283.618193,208,3252.067442
-47.085787,377,3253.720303
283.40061,200,3254.576121
267.606652,188,3255.383222
249.903798,211,3256.286337
286.85148,158,3256.961644
272.754362,175,3257.692634
282.804509,155,3258.343096
276.428337,170,3259.069756
-158.029437,160,3259.746195
272.13219,240,3260.788898
-9.27561,1000,3266.240794
285.967327,182,3267.014342
252.188405,264,3268.198008
239.655731,235,3269.233085
293.83927,938,3273.708341
294.886655,214,3274.635922
260.181179,178,3275.408643
237.408398,249,3276.494768
228.182233,416,3278.444025
241.47856,387,3280.408024
300.797202,378,3282.082128
256.644472,298,3283.470522
258.068211,172,3284.180437
210.669245,478,3286.594967
147.012374,959,3292.81205
293.928778,916,3297.069507
251.51244,349,3298.793743
263.085423,187,3299.570951
234.858274,266,3300.814479
289.192244,301,3302.185972
35.495953,136,3302.748473
222.844839,711,3306.209575
258.782588,198,3307.040249
16.867447,178,3307.802393
275.336085,178,3308.566511
228.47519,805,3312.279689
263.62117,213,3313.188329
265.017573,203,3314.077252
275.737904,192,3314.893832
305.665804,153,3315.544743
290.544252,224,3316.496121
282.478658,139,3317.071187
227.692508,301,3318.408628
223.5194,347,3320.088002
285.660754,181,3320.871112
308.632764,190,3321.679812
98.79262,1000,3327.175208
285.058551,201,3328.014571
293.372315,156,3328.671999
259.673366,181,3329.436787
16.00057,1000,3336.955872
17.105238,1000,3342.025099
265.709161,269,3343.218835
276.739562,192,3344.024342
307.511622,161,3344.708912
289.746822,161,3345.386376
205.775093,747,3349.69361
295.25022,183,3350.468126
270.702846,185,3351.24761
247.011115,157,3351.904138
257.352932,232,3352.91736
194.081233,565,3355.749301
243.705331,172,3356.475823
103.944473,1000,3361.704593
13.062792,99,3362.113872
293.809651,219,3363.070886
284.141802,166,3363.771054
227.930789,293,3365.146956
275.786379,320,3366.571476
252.110025,190,3367.362277
253.262622,169,3368.076705
258.078523,199,3368.919071
286.702425,190,3369.734332
272.129012,252,3370.828352
280.083891,217,3371.754951
270.326187,159,3372.419873
261.7233,280,3373.692236
288.386277,191,3374.493482
292.879654,339,3375.984411
260.953441,214,3376.892257
290.223956,182,3377.649736
248.4186,274,3378.907794
42.699631,118,3379.394911
251.783371,146,3380.000108
277.38605,225,3380.948944
227.332498,361,3382.675701
269.063635,187,3383.461215
270.856213,241,3384.527723
179.592796,670,3387.982181
297.18509,193,3388.803948
273.565551,142,3389.392738
276.541285,201,3390.240139
46.690715,96,3390.634839
275.379655,149,3391.246615
304.201208,191,3392.052801
258.214333,168,3392.749498
222.343159,356,3394.408358
15.375837,1000,3400.106207
291.932162,414,3402.105779
268.131157,513,3404.416778
262.133088,718,3407.908914
15.464768,1000,3414.00875
271.146761,234,3415.0325
258.531906,277,3416.235927
288.345855,273,3417.471722
-223.816609,112,3417.950277
311.926759,374,3419.698126
117.737923,1000,3424.416072
270.927443,261,3425.545575
262.270541,176,3426.281969
275.377117,131,3426.834564
302.550732,225,3427.802718
306.159477,227,3428.819991
289.043266,379,3430.535452
303.222465,289,3431.845262
240.429392,716,3435.376629
259.836059,535,3437.769898
270.171593,200,3438.627526
297.160972,214,3439.540034
250.490091,429,3441.425617
30.393502,117,3441.90639
258.531354,212,3442.792782
270.734883,415,3444.649068
249.838135,178,3445.400753
282.551599,168,3446.102689
256.458847,159,3446.759288
251.163187,160,3447.425735
283.544264,186,3448.218883
261.075863,202,3449.059168
250.930163,235,3450.110264
290.045269,185,3450.903526
292.382327,212,3451.806241
293.039214,330,3453.299211
278.536744,214,3454.225724
266.112272,155,3454.880043
258.257143,208,3455.764393
258.557017,250,3456.84596
225.20468,265,3458.022335
150.592995,1000,3462.780274
261.691145,175,3463.524278
248.641403,189,3464.308825
281.20382,235,3465.321571
236.321902,169,3466.037798
290.0874,161,3466.722141
267.947437,152,3467.351676
271.528066,136,3467.911305
33.79842,119,3468.403594
254.727962,272,3469.588109
248.158614,176,3470.343853
260.536787,144,3470.943235
22.451932,100,3471.360267
270.167683,253,3472.470655
298.809417,219,3473.436374
302.157852,183,3474.212375
262.767866,167,3474.913719
259.9454,183,3475.688962
119.301737,1000,3481.258058
260.956937,185,3482.20416
284.662742,171,3482.939082
289.326955,244,3484.002156
269.740932,177,3484.732392
294.431701,237,3485.760449
245.489179,217,3486.700908
245.551604,187,3487.496135
279.525984,396,3489.424671
279.31487,138,3489.996986
260.621697,174,3490.72423
244.604427,159,3491.383886
273.941471,156,3492.032528
285.041908,282,3493.297404
258.409819,214,3494.221011
270.121615,184,3494.980853
252.133533,133,3495.524862
277.696743,385,3497.305278
295.025114,231,3498.294236
272.316399,272,3499.513351
290.12287,170,3500.216117
44.401618,152,3500.851332
29.777871,140,3501.434494
296.713954,249,3502.511167
290.070954,426,3504.493466
22.453493,113,3504.969732
52.555288,115,3505.44428
-238.780225,161,3506.144211
264.327589,207,3507.064236
269.655231,202,3507.923168
265.223178,182,3508.702521
268.088243,237,3509.70011
281.613316,176,3510.42721
274.304649,210,3511.323176
260.701761,169,3512.018532
263.066259,154,3512.649652
291.898267,154,3513.292158
-14.560371,107,3513.72558
261.838362,213,3514.644308
258.451598,189,3515.445301
265.25353,309,3516.749852
283.897415,198,3517.579196
68.279599,102,3518.004143
284.602242,146,3518.603982
261.503082,157,3519.257851
246.051647,672,3522.451618
284.62585,177,3523.195865
260.234264,142,3523.784874
300.345399,279,3525.012528
294.127348,161,3525.687302
282.743396,224,3526.657303
274.693447,188,3527.443251
59.399936,147,3528.046786
208.773612,687,3531.718705
40.895171,141,3532.305527
277.306986,721,3535.616671
268.615046,162,3536.28981
284.829553,524,3538.642351
296.71668,176,3539.400778
246.927409,148,3540.011808
265.911287,169,3540.724348
286.344924,196,3541.537271
302.803485,212,3542.459194
273.999187,199,3543.300366
303.706221,212,3544.199788
253.10479,228,3545.181846
292.939021,161,3545.854929
257.248987,216,3546.776925
281.414605,227,3547.760048
289.527006,193,3548.604721
48.705404,172,3549.34132
252.436429,206,3550.222985
256.258432,178,3550.96611
284.827916,312,3552.36669
238.190977,154,3552.992705
281.969722,320,3554.355063
269.867576,526,3556.963602
278.266297,462,3559.129498
252.411358,412,3561.172187
261.155945,165,3561.847769
303.360414,277,3563.074911
281.543641,309,3564.431393
252.099604,395,3566.329239
238.096547,255,3567.470047
296.693399,206,3568.355882
282.504064,177,3569.116084
254.031562,145,3569.723269
288.011465,211,3570.642757
256.12395,218,3571.575239
295.588308,220,3572.532683
315.078161,219,3573.501895
287.751903,161,3574.173491
-39.081921,291,3575.444343
278.256835,218,3576.373426
298.238525,645,3579.648816
287.449252,150,3580.271075
277.432744,188,3581.066004
272.930549,184,3581.827429
264.464115,157,3582.475365
290.171587,536,3585.08536
273.030215,475,3587.403075
275.328923,217,3588.326064
48.966516,1000,3594.819553
278.207417,142,3595.408314
270.331783,214,3596.355051
283.967221,177,3597.100641
171.936147,363,3598.841186
234.557132,293,3600.12826
259.419462,167,3600.816993
212.69053,633,3604.202619
279.919633,451,3606.321689
261.980929,233,3607.330828
285.583449,217,3608.262285
291.351734,270,3609.484879
262.035091,167,3610.178557
270.726979,269,3611.384184
254.259422,182,3612.153625
258.617975,152,3612.790175
282.592079,231,3613.764335
267.106492,190,3614.56841
258.342037,175,3615.317595
282.397552,235,3616.364864
296.308263,224,3617.345717
241.793054,785,3621.973527
262.922792,196,3622.80472
275.658961,161,3623.481352
259.894523,176,3624.209192
155.69989,1000,3629.573068
249.51394,189,3630.368305
277.620168,156,3631.027148
306.24372,305,3632.408034
263.075491,142,3632.991769
256.391684,633,3635.994932
297.193825,270,3637.157512
278.75452,196,3637.993993
267.819159,224,3638.967409
291.878446,178,3639.731625
257.57782,196,3640.570376
247.993406,156,3641.216162
256.780126,205,3642.091826
281.117234,196,3642.950699
298.780236,186,3643.774222
270.70317,270,3644.977567
241.43293,172,3645.694775
216.482942,525,3648.435805
248.580747,596,3651.333257
305.51607,216,3652.268087
264.357586,195,3653.104778
281.995767,205,3653.986926
168.521936,1000,3658.801182
292.028246,181,3659.567894
262.25326,177,3660.311111
48.070545,93,3660.694487
290.444377,220,3661.65934
21.821361,66,3661.928844
260.816577,257,3663.054954
305.675406,286,3664.314159
305.323133,191,3665.14325
278.957743,161,3665.811969
273.637392,215,3666.756721
268.116283,600,3669.644709
233.165407,307,3671.082105
277.731846,171,3671.811521
288.691871,191,3672.636155
262.829714,187,3673.440743
291.410942,140,3674.016865
245.007291,363,3675.745232
277.446223,188,3676.526326
240.817673,247,3677.596541
285.978925,250,3678.67808
33.602266,113,3679.13821
263.401968,151,3679.762424
267.423132,173,3680.505368
274.060144,218,3681.433435
246.53142,176,3682.162298
41.076057,1000,3689.185183
276.580394,201,3690.053522
272.948062,217,3690.987829
271.17204,193,3691.791321
271.340251,176,3692.543367
273.471774,171,3693.258338
279.070411,205,3694.14775
41.341767,137,3694.72074
250.623346,175,3695.459443
274.785667,183,3696.207157
258.843797,258,3697.324683
272.889513,164,3698.017579
250.053135,173,3698.740161
269.531137,355,3700.306276
260.284397,405,3702.172413
269.142126,184,3702.970928
52.532187,132,3703.5153
40.422489,136,3704.083799
143.939728,1000,3708.696136
238.532855,181,3709.458619
304.036139,176,3710.21128
283.812036,185,3710.992978
239.076261,223,3711.986685
259.140697,203,3712.866059
269.479745,187,3713.651475
235.390904,151,3714.289192
265.381142,139,3714.869247
277.765623,247,3715.956914
270.515953,143,3716.549926
267.218101,618,3719.33146
272.552343,209,3720.229504
288.607675,174,3720.963925
266.891747,194,3721.788354
220.719091,219,3722.769101
307.675682,166,3723.472633
47.220073,119,3723.966797
306.515332,138,3724.547078
277.733876,617,3727.313414
53.777001,102,3727.738888
281.498201,150,3728.364958
251.303104,197,3729.203704
255.182182,304,3730.533767
282.596987,314,3731.970952
255.821456,187,3732.772472
54.315983,113,3733.255399
261.998029,203,3734.122005
247.72643,157,3734.769397
-33.308857,82,3735.104265
5.477054,72,3735.398598
302.172523,163,3736.102659
259.046531,163,3736.768289
34.407682,77,3737.083455
269.056188,220,3738.051199
265.020262,180,3738.796266
46.47028,138,3739.363572
30.727114,80,3739.688679
243.448478,688,3743.024338
283.962242,165,3743.728092
249.546898,159,3744.386416
279.270108,364,3746.071137
36.325405,137,3746.633839
308.62998,166,3747.346022
273.29122,488,3749.514541
236.518054,525,3752.232734
294.239584,296,3753.595755
298.819671,265,3754.776674
269.985508,222,3755.726535
178.64481,1000,3760.484693
282.784096,681,3763.81364
273.124848,274,3765.007438
274.059642,297,3766.336977
287.290191,288,3767.685231
286.454358,150,3768.323701
249.452734,195,3769.181764
264.814962,248,3770.24479
273.609931,188,3771.051271
284.910564,184,3771.836154
284.2051,174,3772.580987
238.060808,686,3776.131503
262.289083,197,3776.970173
282.509909,146,3777.597206
232.218828,379,3779.382202
290.39102,149,3780.012715
281.606686,191,3780.870773
-342.263603,166,3781.629023
191.844129,969,3787.024609
299.854149,202,3787.922387
243.967224,164,3788.624929
-45.683581,1000,3794.451828
224.746214,311,3795.857504
256.999068,152,3796.482931
241.435814,458,3798.672754
241.251071,170,3799.382504
284.581077,197,3800.207559
253.131496,162,3800.886914
262.638123,154,3801.528827
279.447459,222,3802.503778
284.551442,140,3803.087775
109.654634,1000,3808.248
149.011152,1000,3813.160472
10.252371,1000,3819.623624
275.95969,189,3820.427209
285.250043,213,3821.348384
296.346513,161,3822.04006
288.861798,187,3822.858114
264.004661,437,3824.97332
271.247011,128,3825.498714
282.285261,661,3828.590755
280.430914,521,3831.033151
274.513853,196,3831.858467
295.749862,226,3832.834664
239.067541,155,3833.485585
256.211451,136,3834.038383
264.525056,191,3834.839897
256.118004,183,3835.604928
236.869635,169,3836.311707
287.344706,227,3837.306157
293.425872,235,3838.34413
285.318342,202,3839.224672
275.032857,273,3840.450572
309.693283,191,3841.285947
265.928077,188,3842.074604
273.743075,167,3842.773545
277.592598,177,3843.548818
294.99252,237,3844.596329
295.781809,308,3846.01314
282.593869,188,3846.801135
296.301884,219,3847.722155
272.383607,395,3849.690369
268.66743,185,3850.479954
243.169586,157,3851.12639
297.169105,158,3851.797642
266.476376,199,3852.63162
275.375606,181,3853.373743
303.44502,224,3854.34466
282.262027,320,3855.720754
277.868671,306,3857.089724
289.190948,213,3858.028935
149.538157,1000,3863.477996
248.906235,189,3864.278436
287.850367,185,3865.050738
282.637327,278,3866.301011
214.761568,253,3867.45481
274.544531,209,3868.355025
250.095765,479,3870.566412
259.563622,190,3871.376913
285.321252,397,3873.265889
39.158067,99,3873.673589
219.803167,358,3875.411584
255.398543,165,3876.090294
265.846623,208,3876.972876
272.067901,176,3877.694863
272.853945,219,3878.642508
246.179077,212,3879.546859
254.106426,286,3880.85874
249.756201,151,3881.476645
264.24941,271,3882.744008
276.656088,196,3883.576022
295.587476,123,3884.083402
275.912309,164,3884.757897
292.694628,149,3885.38481
279.598704,179,3886.143036
314.690694,191,3886.961822
274.169032,518,3889.246346
303.692186,225,3890.254744
294.979193,155,3890.915474
272.667947,215,3891.848926
311.635194,157,3892.511491
320.181908,184,3893.320764
35.567467,107,3893.757356
256.054784,155,3894.393126
276.720102,192,3895.210312
283.554164,552,3897.849477
278.440827,218,3898.778737
264.797278,226,3899.757033
286.65548,214,3900.682518
268.988785,182,3901.448588
278.951629,311,3902.868492
288.993615,223,3903.834073
254.626154,172,3904.553075
172.676782,1000,3909.399889
219.122211,318,3910.953986
255.391112,150,3911.566252
252.874887,250,3912.67032
287.861572,183,3913.421764
293.856155,257,3914.603924
268.428646,193,3915.424282
280.524947,373,3917.094577
294.327963,255,3918.242257
263.151955,197,3919.068413
260.397446,195,3919.905114
289.623559,254,3921.047004
248.396121,307,3922.439274
275.642699,146,3923.038198
280.991854,775,3926.938603
253.818371,190,3927.752199
292.45265,190,3928.579805
18.10566,111,3929.036195
302.280643,269,3930.240813
271.549016,156,3930.874521
250.439165,178,3931.641296
289.10228,336,3933.184255
279.170412,153,3933.823874
280.714552,133,3934.370428
234.951485,237,3935.435868
281.996607,268,3936.655229
259.022151,181,3937.423975
252.347025,266,3938.577919
247.691439,152,3939.203796
268.220969,147,3939.802654
279.207975,172,3940.530493
269.717061,144,3941.130273
166.201967,1000,3946.433024
277.912389,239,3947.496983
290.008779,211,3948.422488
259.094463,247,3949.511242
291.614114,247,3950.592279
306.347894,199,3951.477948
282.846634,207,3952.368763
241.638327,235,3953.414141
59.709019,173,3954.152157
274.795046,273,3955.397957
294.648308,181,3956.186178
263.877626,210,3957.108867
256.464339,180,3957.864272
270.515983,265,3959.059132
244.746431,157,3959.716272
298.566354,232,3960.752772
38.816821,115,3961.22912
266.074875,207,3962.111006
258.937342,224,3963.100848
297.707414,187,3963.928116
293.467752,211,3964.868436
160.121288,1000,3970.012649
281.369648,335,3971.584447
170.870754,1000,3976.714678
260.292862,217,3977.656716
260.473335,151,3978.282118
281.828792,220,3979.270252
284.783879,233,3980.261012
295.486836,151,3980.894312
264.732244,279,3982.159832
285.583347,338,3983.759543
282.097385,795,3987.942572
286.329996,231,3988.946864
260.318686,579,3991.615986
299.972666,217,3992.563732
250.430275,149,3993.175736
281.37346,175,3993.896075
264.412833,225,3994.862806
164.862869,1000,3999.754984
257.134964,206,4000.646994
262.002405,272,4001.858858
297.51015,321,4003.310564
286.487955,227,4004.280784
300.14222,237,4005.302203
25.922659,131,4005.842202
230.138257,432,4007.976403
249.053573,196,4008.818876
270.04938,890,4013.096202
297.962068,200,4013.962086
259.899652,222,4014.939048
275.458398,169,4015.641504
275.430325,160,4016.290655
295.892796,149,4016.906468
260.314354,213,4017.839149
290.954773,263,4019.001404
317.129916,172,4019.752575
247.986409,226,4020.735524
244.086685,426,4022.846305
279.852682,152,4023.46998
256.314883,193,4024.270255
-181.464844,968,4030.219266
254.486237,226,4031.203062
257.183102,196,4032.018864
258.297425,179,4032.76325
259.103074,367,4034.412946
283.311838,198,4035.270777
151.69846,1000,4039.904222
271.087868,193,4040.712354
250.917098,144,4041.297745
248.91927,165,4041.980389
281.794594,193,4042.823294
281.594528,207,4043.714247
280.452059,202,4044.582987
300.635539,226,4045.568791
277.901196,157,4046.246432
277.390702,202,4047.101907
259.323978,193,4047.908836
263.590353,183,4048.681033
281.758304,151,4049.310816
306.324578,241,4050.372532
293.598424,215,4051.287928
265.668549,352,4052.886905
286.648084,189,4053.681484
262.365722,149,4054.287308
289.554905,177,4055.025633
306.013443,191,4055.8526
296.023074,195,4056.682395
267.932636,181,4057.451629
281.590368,235,4058.511602
275.207831,144,4059.112185
247.454931,185,4059.876701
257.474572,191,4060.668654
272.363281,882,4064.939518
327.565518,319,4066.334726
267.130115,273,4067.491657
282.56906,253,4068.603258
288.348754,203,4069.47628
291.561995,231,4070.498828
297.380886,212,4071.398765
311.486848,195,4072.240065
311.763085,223,4073.253306
274.912527,185,4074.020968
283.306727,239,4075.065662
294.203428,530,4077.630177
268.370396,150,4078.237581
272.413617,149,4078.841454
276.24522,193,4079.664919
290.602034,179,4080.432808
262.725283,216,4081.449326
274.602873,146,4082.072015
277.899057,246,4083.114777
273.331554,142,4083.697253
286.962454,296,4085.040766
271.658083,185,4085.811563
250.202785,190,4086.623468
280.855602,259,4087.774722
318.301001,188,4088.581937
291.631635,196,4089.41328
219.36181,325,4090.970117
274.449029,262,4092.15901
252.928677,158,4092.809637
287.945898,160,4093.457922
306.625032,189,4094.265856
295.745194,164,4094.963016
56.689124,76,4095.270978
282.01719,204,4096.120656
25.627229,94,4096.502093
71.017841,155,4097.161041
276.464467,201,4098.013999
259.692355,194,4098.828661
283.535564,135,4099.379857
279.414273,203,4100.238902
263.747139,199,4101.092145
281.349747,178,4101.840172
289.969228,173,4102.553325
275.061231,156,4103.211273
281.829338,199,4104.052851
282.003078,182,4104.813954
44.334892,126,4105.340709
278.791377,155,4105.970151
270.163733,179,4106.714309
255.964146,161,4107.369116
277.224177,313,4108.82159
273.834,146,4109.418271
263.34811,267,4110.602826
262.04911,185,4111.386577
310.889095,192,4112.193378
309.870782,200,4113.029715
255.109525,160,4113.683497
69.642378,145,4114.283012
317.860324,168,4114.997567
43.134416,75,4115.302221
44.983841,115,4115.772153
63.629206,71,4116.060408
316.012238,217,4116.965631
293.290813,198,4117.794537
20.275841,83,4118.13335
70.146573,157,4118.782766
291.236261,183,4119.546159
286.593521,184,4120.303565
307.648588,237,4121.314897
297.669894,198,4122.136067
297.603981,247,4123.256688
56.660924,1000,4129.271016
68.306659,94,4129.665413
295.177403,227,4130.636495
274.891628,138,4131.202824
275.672267,169,4131.893475
280.224576,194,4132.720756
302.605482,207,4133.581649
74.666719,147,4134.191469
267.195824,159,4134.849057
291.195946,313,4136.346732
65.50751,73,4136.644678
266.011207,212,4137.53881
286.891718,279,4138.78147
285.900332,170,4139.486324
284.571882,290,4140.754294
274.797145,186,4141.535819
297.787639,194,4142.35816
46.721321,85,4142.711651
247.780869,241,4143.800002
64.087326,77,4144.114808
280.945354,288,4145.432295
266.5176,369,4147.191866
290.781959,204,4148.080078
273.039314,202,4148.957549
292.794366,198,4149.790384
306.167124,194,4150.607064
287.217761,285,4151.864656
281.334024,185,4152.633561
305.579137,215,4153.542557
300.015915,189,4154.340438
283.230424,157,4154.990818
54.873917,296,4156.28872
40.024344,106,4156.723898
32.398313,108,4157.16252
300.0839,212,4158.055151
55.382339,81,4158.385671
303.140307,213,4159.299477
303.226371,144,4159.896872
27.540357,96,4160.284865
52.708979,79,4160.60527
307.413302,193,4161.415258
271.008673,173,4162.129818
289.058564,142,4162.712046
287.873136,132,4163.255442
293.153919,150,4163.877918
269.62879,180,4164.627956
302.16392,209,4165.531934
273.20928,141,4166.116749
304.025383,198,4166.950371
312.673239,155,4167.606973
264.092483,176,4168.338318
270.598322,188,4169.117626
270.37102,149,4169.737643
9.117873,101,4170.145382
52.424148,90,4170.513957
270.819487,139,4171.082131
311.869838,180,4171.862844
291.970257,207,4172.741107
291.917397,197,4173.569241
293.882241,192,4174.380253
276.530871,133,4174.923819
279.184946,239,4175.941292
310.549735,211,4176.837352
276.391036,152,4177.459157
263.45168,137,4178.020858
268.089388,221,4178.968965
287.612343,172,4179.699659
320.740588,234,4180.70406
292.578485,186,4181.484891
286.517187,162,4182.16313
304.699251,243,4183.226325
285.250103,196,4184.071436
307.865177,258,4185.167841
266.28296,167,4185.855935
268.169287,158,4186.513087
287.101861,167,4187.199476
288.333204,157,4187.840344
286.74724,199,4188.687861
270.016311,187,4189.484049
266.262941,169,4190.189274
304.631398,160,4190.862638
285.898441,159,4191.526535
267.116449,176,4192.267113
282.18947,172,4192.986713
303.961694,192,4193.812169
290.295248,166,4194.499513
239.194738,368,4196.170849
293.401756,188,4196.966151
281.954228,152,4197.599303
298.949021,134,4198.152764
279.044424,146,4198.756339
-23.667752,457,4200.976229
275.085971,237,4201.996178
282.771285,219,4202.914286
300.419175,202,4203.763689
288.328217,139,4204.33404
290.671544,206,4205.201541
289.985404,197,4206.022843
280.737906,148,4206.643366
270.728635,169,4207.336065
271.878503,215,4208.235771
293.885931,203,4209.087199
266.293771,154,4209.728427
278.819311,223,4210.684903
293.934479,138,4211.260918
280.08463,250,4212.326938
267.561728,140,4212.903951
243.560175,266,4214.088055
282.303724,210,4215.000583
275.702918,223,4215.956736
251.597819,142,4216.535708
306.253078,166,4217.2316
322.848209,165,4217.938433
296.871774,214,4218.857357
299.715468,191,4219.660727
289.979931,169,4220.375378
254.345812,157,4221.032714
264.112033,172,4221.750258
287.325402,229,4222.74422
267.157813,134,4223.296772
298.415714,174,4224.035347
253.50931,231,4225.049581
284.287296,181,4225.810092
297.558283,207,4226.706867
277.135849,166,4227.386928
306.974848,162,4228.084814
295.437579,184,4228.865201
291.541885,136,4229.424208
290.198025,138,4230.002672
254.063014,236,4231.035155
267.307237,412,4232.898384
273.418053,198,4233.754448
287.952316,129,4234.278622
301.443725,328,4235.782403
280.101017,147,4236.393393
326.059389,155,4237.064638
280.585124,158,4237.720315
245.753099,275,4238.928234
310.467046,171,4239.652568
265.259429,163,4240.335483
320.545156,169,4241.059782
288.212579,242,4242.102394
271.880179,187,4242.888341
292.160171,210,4243.794426
267.317228,135,4244.347075
253.753982,244,4245.396422
294.510973,278,4246.60546
274.706118,187,4247.408065
251.636644,464,4249.618693
262.228335,160,4250.280135
285.989015,453,4252.494939
282.12081,287,4253.783335
258.290077,298,4255.133796
277.492371,214,4256.039706
292.473049,238,4257.087655
309.380149,234,4258.090297
276.856185,167,4258.787495
317.933936,241,4259.843802
255.263217,156,4260.479639
311.937521,216,4261.424756
304.951638,212,4262.341518
275.56254,190,4263.14624
293.919313,173,4263.871454
275.468492,187,4264.664273
282.023601,203,4265.524137
-31.179142,1000,4271.265104
259.281233,200,4272.12752
295.072455,212,4273.052273
261.373043,178,4273.805734
279.690803,137,4274.367659
273.094419,207,4275.264867
274.044483,157,4275.917247
266.976952,170,4276.633715
303.85963,372,4278.344437
302.004789,290,4279.655446
301.658289,197,4280.471401
289.28696,180,4281.22632
276.625064,631,4284.211211
284.68717,267,4285.381958
276.597443,630,4288.393343
282.92678,185,4289.179845
305.81373,209,4290.082491
287.475656,181,4290.835349
286.768832,193,4291.631521
287.588199,248,4292.718869
302.650603,165,4293.420832
283.60719,193,4294.248745
255.031394,217,4295.182777
294.743478,492,4297.565651
301.452193,265,4298.73699
288.433388,237,4299.741983
270.908946,558,4302.319746
314.099186,225,4303.319666
272.316582,170,4304.027033
297.57414,179,4304.800505
300.024317,238,4305.836905
249.529102,158,4306.490766
324.49382,167,4307.20668
297.794685,239,4308.281271
265.272458,154,4308.923867
291.62422,249,4309.975965
306.097406,179,4310.744843
238.546026,157,4311.394284
319.450051,202,4312.253079
286.713171,222,4313.218365
284.357615,249,4314.322236
279.004856,128,4314.858627
290.143762,311,4316.254875
300.274202,196,4317.089078
251.787005,157,4317.747846
291.203853,168,4318.462553
180.646892,1000,4323.895302
299.666168,172,4324.624891
297.029382,200,4325.473066
271.218262,322,4326.91956
304.18448,210,4327.805995
287.131174,188,4328.58393
291.346465,189,4329.384664
288.850729,187,4330.153697
270.84388,173,4330.873322
267.791258,284,4332.109596
277.422772,174,4332.825227
316.072351,185,4333.608781
256.112427,441,4335.559597
282.530571,193,4336.365777
261.833058,153,4336.991693
319.393279,192,4337.798198
251.017243,144,4338.385823
288.880823,192,4339.181032
240.27377,148,4339.783027
309.291911,186,4340.569958
312.556574,221,4341.509501
247.732474,341,4343.063
276.231742,165,4343.762512
256.949444,161,4344.424868
300.870012,233,4345.416076
308.503811,189,4346.209483
297.404955,211,4347.132732
310.896452,197,4347.95984
294.512347,264,4349.128394
303.130411,165,4349.820206
253.640774,146,4350.41707
285.972571,154,4351.054341
306.246283,154,4351.710973
262.343546,177,4352.446806
307.103111,228,4353.408768
279.01661,159,4354.051471
295.71269,186,4354.819313
282.209347,178,4355.562941
280.525573,236,4356.592993
309.43056,215,4357.514527
285.01223,138,4358.076944
273.471958,206,4358.953331
294.00814,261,4360.137092
299.622387,187,4360.916254
287.385046,186,4361.688678
255.923937,156,4362.345221
303.618797,195,4363.182108
273.264033,178,4363.925488
297.795798,178,4364.672054
286.082199,241,4365.741301
279.623836,162,4366.414585
325.048022,247,4367.46459
299.65349,334,4369.019107
299.746682,213,4369.973254
306.241288,177,4370.729448
264.561211,880,4375.054669
274.123846,355,4376.878541
305.866687,182,4377.663379
313.061961,211,4378.570495
309.111664,170,4379.294897
294.339677,172,4380.014919
269.106836,161,4380.683571
287.483894,184,4381.497825
276.944186,154,4382.249308
308.275331,219,4383.223057
269.71638,136,4383.778255
277.418179,134,4384.331569
310.360088,176,4385.08979
313.306491,151,4385.731255
279.835412,137,4386.299832
317.114562,209,4387.192499
303.024667,184,4387.985381
291.563188,171,4388.737605
306.750458,176,4389.489934
305.922532,184,4390.274507
285.54789,155,4390.930077
292.962921,168,4391.637351
284.89907,166,4392.316555
280.097371,151,4392.943219
301.010507,149,4393.57062
284.689807,159,4394.236221
320.529511,186,4395.043469
286.815022,214,4395.960365
249.101224,149,4396.574058
324.673103,176,4397.350206
256.550787,150,4397.968003
281.257128,190,4398.762062
296.659704,214,4399.684217
261.042912,705,4403.171403
310.463464,220,4404.137788
303.309013,159,4404.819428
309.225733,522,4407.382154
281.941915,212,4408.278723
296.972692,224,4409.233415
244.776033,157,4409.907636
251.833929,232,4410.934821
250.379253,164,4411.601978
270.838901,175,4412.312231
314.200179,149,4412.936206
286.777896,171,4413.646832
259.169307,180,4414.397536
311.881429,203,4415.267421
272.097878,267,4416.436103
306.694428,183,4417.219284
260.345495,158,4417.879205
291.624407,184,4418.668705
280.202393,196,4419.494844
270.975923,200,4420.34768
287.780808,165,4421.034945
275.439899,177,4421.758398
245.234517,202,4422.611857
276.625366,167,4423.303132
278.035825,202,4424.162929
312.341061,240,4425.187389
285.175055,138,4425.749082
276.128518,129,4426.272923
308.035891,167,4426.980961
296.283937,250,4428.098441
288.641165,167,4428.793494
151.868947,1000,4434.251121
278.654156,137,4434.828775
312.531759,166,4435.529183
262.23028,224,4436.486591
267.811164,167,4437.172415
297.226879,173,4437.908646
293.797752,142,4438.493993
279.23613,142,4439.076191
264.123511,166,4439.77099
282.430066,183,4440.530213
281.479067,178,4441.268588
295.773782,359,4442.923499
266.321613,249,4444.009592
313.925377,180,4444.788225
244.262467,157,4445.4356
294.394104,165,4446.130167
306.439788,257,4447.257795
308.775366,176,4448.011553
246.334491,160,4448.657119
274.432919,154,4449.298603
288.807972,172,4450.026668
285.20663,144,4450.629741
285.867837,150,4451.25924
292.20425,178,4452.013535
299.831555,200,4452.865861
293.184124,171,4453.606201
252.810549,146,4454.199053
310.072438,192,4454.99723
262.299913,170,4455.704877
277.764768,163,4456.385139
157.82865,1000,4461.253328
304.432459,151,4461.888707
276.102299,172,4462.612305
278.00864,197,4463.442163
317.410002,163,4464.132892
266.621556,170,4464.843547
293.842878,187,4465.645862
298.25944,181,4466.388354
251.203597,143,4466.968154
302.373645,181,4467.906073
288.682878,159,4468.567795
277.339212,182,4469.32673
303.581629,184,4470.106418
288.40182,177,4470.857571
295.521969,184,4471.632536
287.871708,159,4472.29291
295.928659,192,4473.089282
297.660319,183,4473.850181
265.642532,166,4474.524378
267.816493,139,4475.093233
310.261747,210,4475.989539
294.913618,186,4476.772229
287.991484,157,4477.408473
257.954011,342,4478.968813
307.034699,180,4479.734661
264.521389,128,4480.253659
296.235605,177,4480.980711
296.856708,186,4481.754165
320.92893,165,4482.453497
263.509188,135,4483.017361
245.032148,145,4483.607779
308.018445,183,4484.398115
269.169297,147,4485.006554
259.00892,548,4487.587005
289.779323,200,4488.452731
245.926833,154,4489.082383
292.564303,148,4489.700204
291.410522,142,4490.289356
253.051687,319,4491.736563
266.862557,147,4492.336328
327.516214,161,4493.051145
293.218852,174,4493.788093
301.039823,194,4494.64078
261.815141,157,4495.301548
277.090431,178,4496.055811
299.248393,197,4496.898274
263.411152,158,4497.551999
289.337153,165,4498.235991
297.467131,163,4498.920073
295.345471,187,4499.72663
314.072118,191,4500.532145
304.73751,197,4501.370624
304.887556,171,4502.098751
282.945605,157,4502.753934
301.675283,193,4503.562529
289.479296,186,4504.336977
282.213933,177,4505.078164
257.125074,148,4505.687047
297.789867,288,4506.98563
293.193054,183,4507.753646
301.096164,155,4508.411643
275.219689,148,4509.056223
299.52075,180,4509.826375
311.897155,183,4510.615137
321.836748,176,4511.360711
290.226476,190,4512.17277
289.861093,166,4512.865748
290.574872,586,4515.619352
304.3024,162,4516.302829
270.488124,161,4516.966923
283.240493,139,4517.539272
312.589126,201,4518.379734
297.052811,246,4519.454633
260.859251,134,4519.99999
285.040908,180,4520.747127
316.690588,227,4521.725005
264.615428,130,4522.256851
292.183642,192,4523.065369
291.825082,148,4523.687626
294.860474,166,4524.389027
272.464029,180,4525.154972
262.227546,169,4525.872377
313.599765,430,4527.876416
303.523463,170,4528.59114
274.798898,214,4529.502004
276.890899,168,4530.208573
282.145328,156,4530.86201
295.022046,135,4531.425642
271.67421,150,4532.047825
275.334024,221,4533.001969
294.466423,197,4533.868508
313.840686,189,4534.680239
277.26732,187,4535.465807
306.694007,193,4536.277295
307.370143,163,4536.975256
313.449888,196,4537.826682
304.521851,209,4538.728272
297.654205,139,4539.317154
270.472117,168,4540.008441
295.368698,180,4540.778877
284.077424,160,4541.442406
301.343462,139,4542.022058
283.296339,179,4542.753359
303.957522,161,4543.441123
271.729776,164,4544.111736
301.577013,193,4544.921089
310.02118,198,4545.755289
328.508833,176,4546.514674
314.000441,175,4547.2668
301.932253,171,4548.00166
258.080868,292,4549.355095
309.686585,186,4550.136585
43.026494,90,4550.50613
288.482484,156,4551.16083
291.148789,129,4551.690404
310.890249,199,4552.524331
311.74824,209,4553.453424
261.774934,155,4554.087826
275.531224,166,4554.778392
274.412775,147,4555.392585
292.06396,602,4558.117575
295.053749,179,4558.860407
261.573806,160,4559.52248
310.816475,196,4560.350254
303.554486,171,4561.076057
277.388738,150,4561.701406
287.119609,136,4562.263931
300.808825,184,4563.055805
286.612043,291,4564.365731
284.080715,181,4565.127248
265.541746,186,4565.916431
309.584294,168,4566.634414
280.356791,180,4567.382038
278.582972,172,4568.101968
268.747763,166,4568.802309
283.339676,162,4569.490328
310.961391,185,4570.274847
279.043326,166,4570.980552
302.211119,142,4571.57276
310.786532,186,4572.367837
248.196823,168,4573.075995
275.145549,148,4573.695375
298.77057,183,4574.469329
287.065845,188,4575.279277
287.16442,183,4576.051195
276.306649,185,4576.841316
272.430689,164,4577.523122
281.570789,179,4578.290395
304.771107,157,4578.957533
281.259953,184,4579.720993
285.411856,169,4580.431824
296.754298,224,4581.403531
260.155407,161,4582.084479
262.772157,156,4582.72009
275.698357,183,4583.483553
258.254974,133,4584.030106
280.534658,166,4584.730272
294.331646,120,4585.228261
318.416493,158,4585.901267
304.554766,193,4586.723033
283.78874,170,4587.419545
293.607607,145,4588.025663
271.236721,139,4588.594097
316.495607,150,4589.22903
297.326929,154,4589.87639
276.053958,200,4590.716697
316.31873,180,4591.47964
285.034863,188,4592.274146
280.459763,719,4595.867543
297.484757,161,4596.549622
255.606832,175,4597.281156
262.430419,471,4599.368247
296.457127,173,4600.097866
281.430398,134,4600.655978
280.028119,162,4601.320273
261.409574,155,4601.960717
289.761994,946,4606.838967
272.445152,247,4607.902657
270.21959,159,4608.574224
255.945007,421,4610.499474
252.611428,260,4611.640609
275.943519,144,4612.241771
193.998009,1000,4617.097546
262.323477,153,4617.736599
170.350006,1000,4622.613956
265.135295,952,4627.556956
301.329749,384,4629.319119
301.146648,210,4630.215158
292.819276,127,4630.735399
249.555574,137,4631.296813
299.615291,195,4632.143362
258.407211,154,4632.778943
268.882917,202,4633.643429
176.208416,1000,4638.589553
296.397888,218,4639.556758
289.574741,168,4640.260322
307.245964,194,4641.09414
273.886675,192,4641.912502
274.42169,158,4642.572416
249.441586,173,4643.301612
296.684288,321,4644.692155
296.644984,237,4645.753978
282.448638,162,4646.433081
285.851093,174,4647.152209
290.452653,192,4647.966957
268.853974,191,4648.791055
286.658464,201,4649.665751
302.708587,330,4651.151958
292.164243,240,4652.19594
310.114451,202,4653.059717
285.706563,368,4654.76104
290.36389,130,4655.301651
258.166743,169,4656.006266
307.668584,229,4657.038329
290.178209,166,4657.731358
278.093426,169,4658.427206
269.855193,157,4659.074494
261.89136,150,4659.689506
278.171594,187,4660.489216
289.46864,154,4661.135911
285.932062,155,4661.784258
280.619078,161,4662.452924
294.881994,159,4663.136158
292.909274,235,4664.170126
291.428663,129,4664.701377
285.295233,169,4665.397929
288.190035,192,4666.235832
282.931297,155,4666.883103
290.488988,159,4667.549819
290.753287,181,4668.324553
309.036616,186,4669.149208
258.570426,157,4669.800914
290.461521,199,4670.643511
280.500749,149,4671.265585
266.2874,154,4671.910001
323.967928,172,4672.643152
305.009184,160,4673.322125
294.6212,196,4674.145035
279.050302,148,4674.757548
276.742898,160,4675.416326
260.13228,136,4675.975947
278.919355,191,4676.784068
312.066549,183,4677.5834
295.407319,143,4678.186963
282.192858,204,4679.158738
272.082257,159,4679.83208
276.5652,173,4680.580956
293.576176,160,4681.303242
314.049182,200,4682.250894
287.440304,161,4682.93883
301.513709,152,4683.590957
301.526702,206,4684.465621
241.429639,175,4685.184438
284.703156,155,4685.838876
257.754472,154,4686.474663
253.894637,156,4687.114874
264.617707,173,4687.823822
287.824194,145,4688.421775
320.509165,328,4689.92838
289.79519,164,4690.630088
302.102683,187,4691.444976
294.769613,185,4692.215196
288.184828,230,4693.198836
297.873749,182,4693.953921
292.567047,136,4694.514513
293.567976,437,4696.620821
294.737088,152,4697.252891
276.959447,156,4697.904486
301.128864,184,4698.670147
285.749971,214,4699.603256
303.564546,195,4700.416139
311.557837,180,4701.177631
171.997577,1000,4706.452687
270.946147,163,4707.134433
287.639189,954,4711.867723
293.333138,165,4712.545599
304.508935,254,4713.670365
291.73756,192,4714.493815
268.498614,146,4715.10122
266.630233,186,4715.891056
260.718712,168,4716.594226
280.421076,140,4717.167998
321.448199,162,4717.85924
280.697491,181,4718.608551
277.694753,153,4719.246935
273.427806,176,4719.979497
289.039026,183,4720.735266
281.722251,193,4721.557085
295.618592,132,4722.098058
323.332779,237,4723.128304
265.324075,174,4723.855178
277.010576,160,4724.52103
267.514385,175,4725.249956
308.961533,171,4725.990854
295.839814,194,4726.822548
283.679102,179,4727.562818
39.351386,118,4728.065321
285.504928,162,4728.743839
314.69924,189,4729.551806
263.496266,202,4730.401414
299.286965,176,4731.148856
256.296876,184,4731.924015
307.323589,184,4732.725729
294.952201,164,4733.426483
312.887247,178,4734.18614
309.089569,181,4734.968497
313.157004,184,4735.744112
57.800262,124,4736.264763
274.604068,176,4737.006657
260.314682,154,4737.644003
318.911656,155,4738.299743
277.530335,133,4738.844047
276.176178,201,4739.709755
267.564467,190,4740.515554
313.502096,190,4741.327979
273.389658,152,4741.950592
313.679713,239,4743.009571
316.567344,193,4743.84179
301.211079,214,4744.752992
63.693527,82,4745.093392
259.649572,150,4745.717226
182.381872,391,4747.574506
261.210563,183,4748.373704
52.926975,79,4748.726513
294.893485,197,4749.574733
267.298058,170,4750.284225
275.372032,182,4751.048013
289.104776,180,4751.806175
307.104146,147,4752.429527
282.420166,172,4753.145057
282.75393,137,4753.712839
303.751634,175,4754.468861
288.456729,173,4755.205428
294.152684,166,4755.908502
306.741213,205,4756.783037
62.994232,79,4757.109258
252.379963,157,4757.762342
257.677919,159,4758.417066
270.739669,156,4759.076219
295.234981,184,4759.849112
270.130394,178,4760.59014
293.234659,165,4761.290681
285.992176,192,4762.110899
280.388821,162,4762.773061
291.980844,149,4763.382942
-246.623681,334,4764.920986
243.13826,149,4765.532878
291.194177,283,4766.850329
263.438713,164,4767.521451
283.0723,180,4768.273012
280.822126,204,4769.153116
310.610663,169,4769.883931
306.945432,293,4771.201562
265.761739,215,4772.116973
284.916619,173,4772.846477
311.189333,207,4773.732863
256.662213,160,4774.391041
283.036274,259,4775.567293
288.17886,168,4776.273734
306.949998,169,4776.997603
289.275594,171,4777.721067
303.347383,155,4778.381111
255.470318,166,4779.059287
13.482943,91,4779.430577
305.925287,169,4780.140145
65.985845,130,4780.681692
305.747432,182,4781.464079
282.467532,204,4782.337805
299.062423,145,4782.961456
313.360058,175,4783.722813
292.844494,170,4784.450639
293.327337,232,4785.448877
261.570441,169,4786.151812
260.468464,160,4786.811431
267.719468,180,4787.564351
298.599465,156,4788.220862
268.668199,162,4788.888432
278.119275,165,4789.586755
305.720368,194,4790.426946
305.637414,211,4791.370844
327.274178,177,4792.132175
324.654347,162,4792.843559
261.30893,167,4793.533091
313.875625,173,4794.281733
280.836832,172,4795.025754
313.596769,201,4795.895581
292.509663,161,4796.564003
305.732576,211,4797.471697
310.403641,172,4798.205703
318.882554,226,4799.19204
308.792265,202,4800.057149
307.671119,164,4800.753879
312.490717,237,4801.77918
323.190792,173,4802.523098
292.830287,175,4803.258225
267.293718,158,4803.909257
303.840706,220,4804.828159
291.435038,149,4805.441892
278.512464,182,4806.208535
251.461262,181,4806.967227
297.850992,298,4808.377673
295.94049,130,4808.914428
282.788286,150,4809.533527
277.420514,172,4810.244289
273.338398,150,4810.866078
307.914882,199,4811.710755
324.037864,170,4812.440554
293.767475,171,4813.169878
55.002486,108,4813.623976
284.299081,351,4815.238287
280.9693,166,4815.933234
284.651899,171,4816.659952
293.369483,148,4817.272044
324.475415,173,4818.011326
283.60748,283,4819.315396
294.257653,151,4819.946374
-222.694876,265,4821.177121
283.812422,170,4821.872028
89.582,135,4822.455922
317.487451,187,4823.270104
263.470812,143,4823.857289
57.006171,102,4824.289678
321.625417,187,4825.093953
309.002719,212,4826.034146
237.330728,148,4826.651359
287.686466,184,4827.433178
303.031353,198,4828.284548
303.799157,234,4829.300304
306.021903,178,4830.082211
80.226028,104,4830.527301
292.552656,149,4831.148002
284.597083,160,4831.818452
265.010914,168,4832.523185
309.715498,179,4833.297883
295.335355,185,4834.082825
301.948486,247,4835.179136
275.846727,288,4836.404209
290.967339,202,4837.254549
304.119172,184,4838.03922
307.776438,192,4838.877233
69.704176,99,4839.296011
308.801045,186,4840.107238
264.213461,152,4840.742684
283.086124,260,4841.897856
69.458297,119,4842.393475
319.050176,184,4843.210059
270.402079,174,4843.944229
269.320307,206,4844.828571
249.981755,239,4845.859217
277.977119,199,4846.705058
275.275376,171,4847.40568
251.557068,193,4848.229437
249.989628,848,4852.361279
304.389331,212,4853.261062
328.340886,269,4854.444957
57.55879,114,4854.934426
269.230482,178,4855.675514
297.175698,172,4856.403415
306.252284,166,4857.110627
281.491641,195,4857.908878
306.173813,255,4859.013606
49.842547,128,4859.537903
312.099122,186,4860.338825
264.834828,842,4864.277605
256.767569,153,4864.905721
68.834922,108,4865.354451
281.395265,134,4865.902725
311.453082,194,4866.737866
284.907849,188,4867.510094
264.656974,165,4868.194929
271.979082,192,4869.034587
246.368172,171,4869.747666
50.630615,119,4870.238388
280.007507,404,4872.152587
293.559723,245,4873.20182
33.853236,121,4873.699953
304.548622,218,4874.634095
71.295863,94,4875.033853
271.940936,171,4875.748219
283.715929,220,4876.69019
282.465001,164,4877.374809
275.241168,143,4877.963968
276.832422,182,4878.718619
282.802226,151,4879.345335
52.805291,125,4879.86332
311.544154,236,4880.877212
246.798176,185,4881.652593
285.11816,528,4884.256605
296.474854,209,4885.176215
169.456646,1000,4889.954742
305.513463,199,4890.798333
74.402677,127,4891.322931
296.951736,154,4891.96661
293.903119,195,4892.779766
267.434678,170,4893.473959
248.0522,155,4894.103492
274.193137,194,4894.929775
272.362737,175,4895.657604
289.527748,169,4896.341946
257.082149,618,4899.166292
254.991405,161,4899.829813
249.641834,456,4902.01337
295.801703,177,4902.764153
263.229051,172,4903.494028
-61.243558,1000,4908.976134
285.637929,196,4909.778275
304.92543,276,4910.961097
315.523317,200,4911.817064
31.794603,119,4912.305633
306.536354,160,4912.991305
259.951613,166,4913.672803
304.024508,175,4914.405073
306.68387,236,4915.432977
259.65608,159,4916.089092
241.571869,183,4916.850925
304.161462,190,4917.664199
302.168323,215,4918.597003
285.630202,209,4919.473774
248.980303,197,4920.299911
304.353818,190,4921.100815
279.842356,161,4921.764575
264.979793,142,4922.346019
262.227408,267,4923.513185
294.538707,286,4924.752961
272.469506,232,4925.760451
280.420069,221,4926.730037
282.364037,232,4927.706679
290.307179,219,4928.622376
265.478542,328,4930.139036
290.351538,157,4930.798932
283.685628,220,4931.701853
300.640065,162,4932.392698
286.327155,749,4936.56871
305.361531,178,4937.320873
262.58511,238,4938.352324
297.246615,216,4939.262381
223.28716,918,4944.417348
298.837709,326,4945.909082
282.175141,224,4946.863186
280.13498,142,4947.454831
254.995955,808,4951.179965
289.694851,196,4951.987861
283.838053,239,4953.039798
286.95489,150,4953.663137
266.527281,176,4954.404894
252.819901,239,4955.433501
289.280836,203,4956.269795
303.069041,220,4957.208012
284.727359,171,4957.930276
315.015393,204,4958.797271
242.074285,325,4960.356847
267.451528,147,4960.969573
305.761117,166,4961.676442
304.281145,159,4962.363781
294.917051,147,4962.987719
39.257581,114,4963.444587
297.092344,232,4964.445386
36.980141,79,4964.769449
294.300862,222,4965.731955
318.987556,327,4967.209281
300.959693,298,4968.516841
287.010693,173,4969.257897
286.612775,188,4970.05314
261.563319,184,4970.820498
292.374404,561,4973.509654
293.234561,153,4974.156148
278.411655,225,4975.144809
295.687212,171,4975.878079
287.786958,215,4976.791207
252.907468,151,4977.428543
268.477031,165,4978.129165
133.310546,1000,4984.741001
250.706906,181,4985.496581
306.445344,165,4986.199115
276.529538,254,4987.332139
268.272599,486,4989.72333
297.046563,159,4990.394886
257.352017,173,4991.123967
230.004502,168,4991.817977
260.171637,212,4992.725833
288.112647,162,4993.405926
301.089872,155,4994.062476
282.858166,270,4995.308999
277.155234,197,4996.153158
287.753408,140,4996.728374
258.873129,138,4997.295833
243.036109,176,4998.032775
241.978017,152,4998.655238
46.805007,126,4999.173899
261.204913,177,4999.90717
297.088395,197,5000.739612
287.879911,170,5001.448846
57.505509,79,5001.771723
266.875318,174,5002.504007
273.532631,182,5003.275431
307.734442,197,5004.123084
319.558894,153,5004.766299
269.004609,163,5005.453525
315.251304,251,5006.560537
254.284652,167,5007.249056
280.832592,138,5007.81946
287.128763,207,5008.715295
266.615426,194,5009.544902
258.746003,171,5010.26022
285.690467,239,5011.310569
280.201257,155,5011.942322
308.912654,197,5012.78014
269.959629,178,5013.518516
245.73756,163,5014.192175
271.148586,148,5014.80719
281.191904,239,5015.864895
294.179967,201,5016.705911
260.845801,166,5017.38967
286.485488,174,5018.105824
266.292121,153,5018.741732
45.418979,104,5019.179862
300.281711,224,5020.131598
250.532049,143,5020.724523
292.180353,189,5021.537808
296.733507,295,5022.878606
301.136804,140,5023.478819
294.367019,155,5024.134449
266.57478,157,5024.77881
285.671426,243,5025.871748
287.490552,145,5026.481135
296.937677,147,5027.0949
300.964436,147,5027.710565
289.537162,160,5028.386002
287.721697,176,5029.114964
248.129481,160,5029.768915
241.82753,173,5030.480359
266.054342,158,5031.128816
310.130797,234,5032.135047
298.410718,178,5032.905336
266.718841,145,5033.500706
288.29888,143,5034.091293
291.944064,212,5035.000653
299.283469,165,5035.702023
259.964282,165,5036.391806
291.774331,134,5036.950427
260.766217,184,5037.727751
252.952295,139,5038.299407
293.213108,305,5039.665694
262.549458,172,5040.379639
322.137396,156,5041.039046
284.470407,150,5041.664078
278.708292,163,5042.345981
282.795662,219,5043.286818
288.374754,207,5044.165815
322.827174,183,5044.954481
289.632835,182,5045.733919
294.077581,205,5046.616567
278.119147,175,5047.355154
259.09887,186,5048.143477
307.981688,202,5049.004571
256.307964,193,5049.840544
288.732964,233,5050.8678
287.913205,143,5051.464485
300.173767,208,5052.368928
289.630677,232,5053.375966
264.743894,195,5054.208471
288.848195,226,5055.167415
274.142895,166,5055.856345
278.172734,207,5056.749632
302.205111,153,5057.405793
283.171003,177,5058.159738
288.896505,194,5058.984516
298.480657,208,5059.87303
291.874755,143,5060.474288
295.25111,137,5061.042407
262.302232,171,5061.752815
283.127872,193,5062.568927
285.144173,232,5063.565182
285.304458,144,5064.16747
294.146438,214,5065.111022
300.079014,185,5065.898159
297.275002,172,5066.631185
288.589415,184,5067.428005
296.315866,148,5068.051642
275.544479,147,5068.659165
197.260225,245,5069.72582
283.354422,223,5070.676787
298.020012,157,5071.349738
293.684879,163,5072.034471
288.241358,219,5072.980308
289.380604,138,5073.549695
248.755716,152,5074.186251
300.029345,225,5075.150834
295.426112,221,5076.097927
268.438859,209,5076.979662
251.683481,167,5077.669845
313.414075,208,5078.570441
284.005214,174,5079.306216
282.64573,175,5080.025464
305.969485,199,5080.885674
258.271139,173,5081.606968
260.336229,211,5082.503562
276.940592,162,5083.197524
253.570109,197,5084.01572
296.983324,202,5084.86613
295.676247,163,5085.556317
254.079232,178,5086.307335
285.063236,208,5087.223133
258.023108,161,5087.895826
293.619848,198,5088.750403
242.603512,158,5089.408558
290.007876,247,5090.48795
279.779566,173,5091.193056
288.687783,190,5091.986988
274.544181,146,5092.598342
300.059441,240,5093.638699
307.30218,144,5094.247069
296.880903,214,5095.186636
247.310901,157,5095.831798
283.775913,143,5096.426604
287.933941,162,5097.103888
269.429475,198,5097.948079
299.519212,178,5098.699468
277.08583,205,5099.589238
253.405043,208,5100.471819
242.559311,173,5101.190351
250.734171,166,5101.87424
247.658572,185,5102.661592
242.657263,177,5103.403128
279.136315,199,5104.259541
272.68047,181,5105.006537
279.611174,234,5106.01773
300.247564,224,5107.012433
255.978929,153,5107.652629
256.781198,206,5108.580478
296.802576,250,5109.709786
260.366468,212,5110.640018
248.655845,163,5111.316251
251.203905,168,5112.022234
259.041202,182,5112.78491
261.743086,167,5113.483086
249.388577,167,5114.178527
272.820273,160,5114.854064
309.68524,213,5115.772694
293.49278,173,5116.505425
272.139467,224,5117.45271
267.43206,215,5118.378798
300.700073,151,5119.012885
279.316382,152,5119.651501
238.955379,161,5120.320796
273.026537,157,5120.975622
300.166835,140,5121.557903
321.22355,162,5122.247296
299.078248,182,5123.029449
297.315847,169,5123.743843
291.650584,184,5124.521589
286.842145,242,5125.559257
285.837413,258,5126.730841
244.835552,174,5127.449109
277.682425,170,5128.165091
267.523043,150,5128.786106
269.685,212,5129.69577
316.978458,173,5130.438308
307.462132,209,5131.34313
247.168694,177,5132.08084
267.727709,145,5132.679344
301.260426,234,5133.686358
293.729599,232,5134.678816
279.949121,560,5137.373212
279.882527,175,5138.111245
288.262342,193,5138.906442
277.110824,238,5139.914647
276.682542,203,5140.763778
303.481402,231,5141.743718
256.960052,173,5142.465363
283.23171,304,5143.828611
288.417225,164,5144.517622
279.398883,186,5145.297033
312.297977,220,5146.231045
243.946074,245,5147.299843
258.353136,191,5148.11616
290.247093,261,5149.239509
277.816048,198,5150.086763
319.665463,532,5152.578016
285.886582,283,5153.823857
295.15202,211,5154.734943
281.835547,164,5155.419251
281.02918,183,5156.172384
281.325279,133,5156.721189
244.063498,151,5157.341614
285.029325,173,5158.063156
305.421214,190,5158.858697
301.355599,162,5159.54501
254.564924,223,5160.481534
264.982033,175,5161.207788
267.437949,280,5162.437675
301.426719,300,5163.763745
273.953864,231,5164.742955
281.206365,231,5165.713175
242.340852,172,5166.433442
303.913544,174,5167.167723
297.497976,288,5168.456855
302.413151,200,5169.314982
311.481504,172,5170.043514
309.462455,201,5170.893973
280.90266,129,5171.42404
259.933012,167,5172.115167
245.798184,156,5172.768523
293.870013,226,5173.744028
263.231347,212,5174.655845
315.608455,198,5175.509236
257.756099,158,5176.155026
297.679273,182,5176.909897
273.761937,178,5177.640799
275.638675,190,5178.425957
293.617577,177,5179.186763
278.623754,150,5179.808991
29.702571,85,5180.157298
245.781156,158,5180.811449
299.58637,234,5181.80072
263.784521,147,5182.414266
265.29624,143,5183.004956
271.007843,175,5183.729617
281.797818,164,5184.400847
295.527139,153,5185.056246
238.665556,158,5185.70697
315.08142,172,5186.443007
309.753312,190,5187.24971
295.947863,144,5187.864445
297.358273,210,5188.775445
279.473035,151,5189.41127
283.32841,160,5190.093325
243.729078,222,5191.061224
299.228617,165,5191.748447
276.008856,199,5192.59676
278.862111,162,5193.281223
295.573561,131,5193.858056
