#{"t_start": 1574124591.195837, "env_id": "BipedalWalker-v2"}
r,l,t
-78.115903,1600,8.711056
-112.694723,74,9.04161
-119.491284,88,9.424993
-80.959535,1600,16.356908
-120.27406,86,16.724244
-107.372873,66,17.005108
-107.690122,88,17.379711
-113.053319,51,17.603117
-80.029747,1600,24.777515
-83.043402,1600,31.765666
-82.603751,1600,38.693357
-126.389061,135,39.27578
-105.647161,51,39.500166
-156.651249,937,43.584715
-105.390952,73,43.899788
-115.061642,91,44.291328
-106.199493,63,44.567191
-109.234192,54,44.803096
-104.043614,54,45.039574
-108.514522,64,45.317145
-142.676424,790,48.902929
-104.582078,57,49.15748
-104.371554,44,49.353663
-98.28271,101,49.801755
-104.067177,68,50.106584
-94.760014,1600,57.156925
-163.671329,1041,61.784255
-103.982922,72,62.107929
-103.778778,1600,69.215162
-103.870903,1600,76.277491
-190.757247,1345,82.084622
-114.356293,61,82.36101
-136.845119,196,83.227876
-114.412035,94,83.646714
-121.493078,125,84.19401
-114.819086,72,84.500911
-107.847729,59,84.773833
-161.828808,793,88.364363
-103.635495,63,88.647259
-70.487205,1600,95.690208
-111.758857,83,96.068435
-82.263513,1600,103.056153
-113.796741,44,103.251181
-100.025649,1600,110.304536
-108.763758,59,110.565496
-113.297689,41,110.752061
-109.251147,64,111.039159
-109.082787,74,111.362678
-110.194267,53,111.598635
-125.246701,54,111.839563
-111.871113,39,112.016535
-118.277761,46,112.220563
-114.173472,1600,119.265324
-208.527346,1153,124.347527
-128.28112,116,124.860971
-191.658272,942,129.043314
-149.243428,387,130.756581
-252.409634,1548,137.622631
-105.520931,71,137.937672
-132.700515,1600,144.930049
-101.972435,68,145.232229
-104.601992,64,145.521137
-102.104379,85,145.900784
-131.695875,1600,152.993821
-122.6057,1600,160.14007
-109.749536,1600,167.180956
-104.723298,71,167.490881
-94.762636,1600,174.643165
-70.824615,1600,181.729047
-32.701937,1600,188.797515
-54.135861,1600,195.755127
-75.636016,1600,202.692452
-102.487713,1600,209.756077
-92.328126,1600,216.841458
-89.392058,1600,223.850547
-89.83568,1600,230.939785
-101.900549,1600,238.015152
-100.310424,107,238.493021
-111.673574,1600,245.535502
-100.547071,1600,252.604086
-104.268372,85,252.983709
-101.978279,83,253.350106
-165.41043,647,256.258298
-101.377169,78,256.605485
-103.111883,77,256.951996
-122.79497,1600,264.130028
-104.324237,64,264.418809
-111.068187,178,265.208156
-104.261164,61,265.482354
-139.019481,1600,272.661065
-133.782177,1600,280.41515
-106.670648,82,280.817793
-105.881788,125,281.437311
-108.945943,1600,289.7914
-91.083047,1600,297.965421
-76.458975,1600,305.626821
-91.21676,1600,313.982189
-105.036405,1600,321.566766
-121.890934,1600,328.532755
-124.924957,1600,335.502269
-130.615158,1600,342.448557
-111.161689,1600,349.422523
-112.237287,1600,356.317117
-102.501083,1600,363.329592
-88.276844,1600,370.3088
-89.974853,1600,377.300839
-88.284857,1600,384.258842
-58.092178,1600,391.27674
-42.516013,1600,398.192229
-93.022145,1600,405.146735
-141.441231,1394,411.032242
-23.157822,1600,417.954592
-51.809507,1600,424.985125
-78.0824,1600,432.07555
-87.675265,1600,439.154072
-95.653246,1600,446.221242
-90.782012,1600,453.246468
-91.420745,1600,460.201573
-97.401174,1600,467.123924
-178.531461,1293,472.686629
-110.685482,70,472.992556
-124.531578,116,473.492389
-108.071491,96,473.911984
-135.034532,1600,480.941194
-135.365644,1600,487.838395
-107.056885,1600,494.857602
-111.084507,1600,501.816109
-117.141826,1600,508.782399
-108.64891,108,509.244558
-126.530853,1600,516.131663
-160.139655,1003,520.411932
-127.607513,479,522.43496
-108.901367,128,522.994436
-114.013501,119,523.508606
-122.198115,220,524.446048
-119.371717,157,525.11455
-124.205347,326,526.50593
-112.670063,90,526.896806
-148.118088,751,530.086028
-95.529012,1600,536.99965
-145.83729,333,538.404016
-98.520833,1600,545.454128
-124.341754,1600,552.456817
-72.277283,1600,559.454118
-111.696282,1600,566.411973
-109.462008,1600,573.454256
-114.720497,1600,580.44129
-106.64663,1600,587.395883
-108.221861,1600,594.215954
-113.739738,1600,601.218626
-117.782655,78,601.561508
-114.279884,1600,608.562556
-123.399669,1600,615.611167
-124.244155,1600,622.569278
-121.128289,1600,629.442053
-72.703204,1600,636.360349
-88.393704,1600,643.258571
-87.920171,1600,650.180568
-109.098768,1600,657.023277
-90.247055,1600,663.897024
-98.656999,1600,670.759281
-127.727542,47,670.962917
-69.585493,1600,677.789675
-123.558069,47,677.996588
-123.021669,47,678.201956
-127.718113,481,680.254579
-84.015027,1600,687.100856
-100.467124,1600,693.908809
-104.116752,1600,700.670695
-121.694096,1600,707.471196
-158.764527,914,711.370194
-89.93817,1600,718.152268
-241.015642,1565,724.811883
-214.8215,1241,730.21081
-125.217626,1600,737.027964
-141.046526,1600,743.848633
-124.625484,1600,750.690076
-105.769619,1600,757.61756
-129.555083,103,758.061302
-153.89132,245,759.101837
-133.938846,1600,765.977526
-127.03278,1600,772.826041
-132.386475,1600,779.674049
-122.943074,1600,786.696521
-120.787913,1600,793.858162
-112.398387,60,794.136118
-112.340185,60,794.410492
-112.864388,62,794.694632
-112.820401,55,794.945363
-108.693324,47,795.156129
-108.363886,51,795.379017
-110.89575,54,795.610398
-108.080306,50,795.845106
-108.887982,51,796.074885
-108.924987,53,796.327251
-109.296139,47,796.54
-110.298965,49,796.766399
-109.717205,51,797.009916
-109.844493,53,797.254982
-108.982321,49,797.469866
-109.063464,55,797.707602
-107.037395,51,797.946107
-106.636537,42,798.137883
-110.017553,54,798.401315
-108.016613,62,798.686337
-109.726561,55,798.936541
-112.19421,60,799.204744
-107.383757,63,799.486715
-110.466563,60,799.746901
-111.808409,56,799.991645
-110.773843,56,800.247607
-199.905748,1487,806.673432
-111.928678,47,806.877905
-112.347538,66,807.159257
-111.883029,56,807.399697
-124.026335,140,807.996325
-116.256056,56,808.239578
-116.905329,1600,815.13151
-110.154821,29,815.257605
-109.941398,43,815.441767
-127.241407,1600,822.374186
-97.589429,1600,829.309374
-93.150459,1600,836.24798
-85.690922,1600,843.213244
-76.784913,1600,850.065819
-67.62746,1600,856.836053
-50.736543,1600,863.745943
-68.514262,1600,870.756541
-83.406694,1600,877.69957
-90.878819,1600,884.723707
-103.309449,1600,891.714676
-98.747524,1600,898.676951
-96.653371,1600,905.708185
-86.832251,1600,912.674117
-132.816735,115,913.189579
-121.988223,123,913.732471
-102.015656,135,914.347461
-81.432501,1600,921.333384
-96.00254,231,922.324398
-62.071627,1600,929.385825
-85.481869,1600,936.356271
-129.257675,526,938.617379
-85.888174,1600,945.484022
-116.468617,1600,952.409768
-95.461252,1600,959.338778
-96.399316,1600,966.219915
-103.835184,1600,973.062859
-103.561023,1600,980.031257
-185.286075,1073,984.610348
-142.496545,271,985.779849
-156.709551,717,988.867118
-151.413781,988,993.100006
-126.24407,186,993.893002
-142.046184,782,997.310317
-92.866503,1600,1004.28672
-114.68377,164,1005.02901
-127.7306,603,1007.775882
-117.444091,163,1008.498172
-74.292469,1600,1015.467066
-96.947031,1600,1022.489129
-116.148747,221,1023.515984
-90.068163,1600,1030.407352
-102.214533,1600,1037.292315
-125.000182,204,1038.171836
-121.371374,489,1040.248017
-115.068342,246,1041.294503
-139.693945,760,1044.628534
-111.634932,168,1045.365754
-109.337246,242,1046.409866
-64.307187,1600,1053.438183
-25.572284,1600,1060.35124
-121.028807,72,1060.675401
16.49122,1600,1067.584935
-8.582548,1600,1074.598539
-20.433446,1600,1081.513838
-82.115481,1146,1086.482364
-113.102919,315,1087.854179
-177.827411,1588,1094.782104
-143.017207,823,1098.41517
-106.614597,417,1100.224817
-119.899284,714,1103.265197
15.919997,1600,1110.21389
-104.963858,167,1110.941231
-109.700572,106,1111.427579
-109.153905,140,1112.02539
-105.470403,133,1112.627115
-107.847893,102,1113.078575
-103.426002,102,1113.514775
-107.641386,165,1114.23
-95.43893,558,1116.626355
-100.075704,122,1117.152519
-4.817517,1600,1123.998198
1.179056,1600,1130.796166
-19.659864,1600,1137.6133
-106.813552,1117,1142.453664
-91.098162,1249,1147.906719
-107.864889,232,1148.922805
-110.74907,155,1149.608525
-117.286836,193,1150.469681
-105.112306,127,1151.029436
-105.893826,118,1151.544948
-107.971905,144,1152.176663
-106.45276,155,1152.85112
5.097523,1600,1159.883805
4.279807,1600,1166.875374
14.782069,1600,1173.877035
0.560673,1600,1180.835515
29.718973,1600,1187.809271
40.336546,1600,1194.793708
33.491696,1600,1201.801916
34.216032,1600,1208.77995
66.593132,1600,1215.874567
-71.350554,1305,1221.618476
-45.805757,1556,1228.433149
40.771821,1600,1235.567462
-35.861709,1568,1242.418385
-112.288258,46,1242.625519
-114.082394,49,1242.844849
-104.528258,398,1244.603392
-97.682125,615,1247.293068
26.919384,1600,1254.363459
-63.221711,1057,1258.963686
-126.933812,328,1260.40646
36.499058,1600,1267.441571
57.842372,1600,1274.514203
-102.840667,117,1275.062795
-84.16337,365,1276.687343
-103.02893,92,1277.100191
-87.748855,261,1278.269602
-98.557278,219,1279.251853
72.089585,1600,1286.289002
86.803333,1600,1293.1407
69.595858,1600,1300.105986
67.505227,1600,1307.129348
-120.828493,73,1307.463826
135.055069,1600,1314.403773
119.743112,1600,1321.379942
-98.007251,630,1324.188898
-113.370414,445,1326.146719
156.814909,1600,1333.194512
-71.466503,989,1337.551763
-66.125086,757,1340.918006
-131.746985,117,1341.434487
-126.616632,84,1341.807541
83.293351,1600,1348.789724
-105.623366,568,1351.267349
123.353706,1600,1358.240617
55.8008,1600,1365.257523
64.819824,1600,1372.302479
101.611617,1600,1379.274859
-128.252415,88,1379.664897
-109.199755,877,1383.636921
115.160893,1600,1390.647939
-43.114617,927,1394.698972
130.265572,1600,1401.798768
-59.741139,892,1405.761451
110.926138,1600,1412.852962
-22.954792,845,1416.567357
-111.992875,194,1417.420187
-1.895292,989,1421.763086
150.537996,1600,1428.847027
-43.603707,698,1431.969742
-51.211376,624,1434.757726
165.66691,1600,1442.150782
171.689092,1600,1449.304395
43.259405,1535,1456.117964
181.163614,1600,1463.257363
155.516499,1600,1470.447387
197.166325,1600,1477.540002
190.316014,1600,1484.557681
40.727983,1325,1490.487717
184.770835,1600,1497.512435
205.535196,1600,1504.572468
217.809867,1600,1511.59129
229.949513,1600,1518.657448
232.153718,1600,1525.706445
226.9773,1600,1532.811092
214.661747,1600,1539.882637
250.074997,1527,1546.582791
256.239109,1427,1552.925291
250.747763,1510,1559.545969
-18.964043,548,1561.931073
248.858219,1485,1568.483547
-17.210733,530,1570.835203
-109.610872,105,1571.301668
253.56909,1489,1577.826903
254.984637,1459,1584.248684
216.751613,1600,1591.293016
232.395447,1600,1598.315637
252.068237,1529,1605.038285
94.999765,1600,1612.14609
57.40307,985,1616.489234
-14.563606,624,1619.2531
-59.43144,391,1620.954004
-8.81317,693,1624.048983
210.557266,1600,1631.131506
-55.422729,774,1634.57032
91.64203,1600,1641.684342
210.998882,1600,1648.798245
21.270132,796,1652.279484
43.296589,727,1655.467224
-35.096458,396,1657.21723
270.024539,1233,1662.6045
259.410492,1348,1668.56397
263.621252,1305,1674.32447
259.229388,1348,1680.270231
247.082895,1553,1687.154406
220.559144,1600,1694.180448
235.019012,1600,1701.193691
253.988342,1476,1707.686821
246.924964,1537,1714.49901
254.637586,1433,1720.772499
265.748791,1335,1726.667917
46.397788,836,1730.38507
266.988577,1271,1735.951274
263.53076,1309,1741.63811
264.491204,1291,1747.324367
74.352664,1600,1754.356173
-18.590501,527,1756.635243
265.387115,1246,1762.132558
268.352857,1238,1767.491635
266.968722,1236,1772.915959
263.680054,1268,1778.411767
259.253753,1329,1784.049691
7.262149,642,1786.743037
257.593523,1373,1792.497862
187.873736,1600,1799.193207
264.239489,1289,1804.625421
261.465007,1310,1810.13763
256.030187,1396,1816.045874
33.988042,750,1819.210672
261.371244,1288,1824.582794
258.711904,1315,1830.076339
258.24262,1328,1835.633783
260.47744,1281,1841.009134
266.803525,1233,1846.193175
260.252679,1300,1851.699853
266.279374,1236,1856.945475
267.972284,1234,1862.129742
49.362405,694,1865.087227
268.123267,1241,1870.334685
51.626962,784,1873.670902
24.720971,662,1876.481875
256.660662,1375,1882.240383
264.666286,1410,1888.213929
268.393848,1459,1894.328356
259.191363,1571,1900.903131
259.582684,1445,1906.962702
254.073181,1452,1913.0463
251.534173,1464,1919.243123
-108.986789,63,1919.524215
267.159595,1255,1924.846487
259.876133,1318,1930.40799
264.635568,1304,1935.900638
-109.908815,78,1936.229162
190.24835,1600,1942.903585
274.457068,1159,1947.786989
264.480847,1262,1953.107394
269.377822,1170,1958.015856
264.812604,1238,1963.213967
270.913561,1230,1968.421463
-92.893806,113,1968.901549
264.161257,1241,1974.056904
-110.584325,54,1974.290134
-108.510598,55,1974.527339
263.914921,1196,1979.520198
260.01139,1297,1984.926307
262.219543,1263,1990.200285
-106.145495,59,1990.45599
148.128355,1303,1995.943928
261.581867,1407,2001.864298
250.716305,1539,2008.326048
253.493196,1475,2014.531503
260.425851,1326,2020.07374
260.025888,1260,2025.314487
259.189891,1270,2030.620091
265.043042,1187,2035.650865
-91.857598,225,2036.636475
257.56831,1287,2042.052695
260.128232,1236,2047.267087
265.082879,1201,2052.380191
267.670365,1181,2057.312952
272.474501,1152,2062.170936
117.26949,1042,2066.550691
-21.243168,538,2068.79663
272.601047,1130,2073.520288
273.531514,1179,2078.429328
-52.173725,300,2079.683277
-47.257913,276,2080.848031
-23.634941,372,2082.41877
277.000443,1143,2087.26904
272.158362,1172,2092.19098
275.725596,1124,2096.88402
275.845798,1134,2101.622509
275.677137,1194,2106.650666
278.095184,1151,2111.467251
275.219478,1189,2116.459343
273.611097,1237,2121.669608
279.00829,1142,2126.467786
278.456006,1172,2131.433054
277.013226,1184,2136.448638
275.598821,1192,2141.448644
278.29104,1153,2146.267084
276.237981,1151,2151.087609
271.810142,1260,2156.344025
271.346707,1259,2161.612408
-86.655359,190,2162.414991
-59.012793,283,2163.619039
274.361705,1238,2168.803115
273.566506,1213,2173.88067
275.404063,1193,2178.943177
278.140014,1164,2183.821224
278.74965,1147,2188.624163
276.786255,1181,2193.57274
281.38643,1069,2198.072982
282.709743,1110,2202.756208
281.928229,1133,2207.705718
283.955475,1098,2212.303466
283.798666,1110,2216.950525
284.517407,1097,2221.573904
283.84713,1124,2226.342155
288.287267,1059,2230.733765
289.601568,1011,2235.024232
295.1345,974,2239.114211
295.043474,971,2243.168454
296.930589,949,2247.20508
113.952403,710,2250.170551
-100.189045,71,2250.474347
296.229127,941,2254.436335
296.334787,916,2258.254885
297.087664,897,2262.012471
291.793018,957,2266.061039
12.387233,407,2267.778288
296.621177,947,2271.745729
46.929742,512,2273.886884
16.226796,472,2275.8933
297.723533,957,2279.874342
-103.636217,71,2280.175459
-41.409705,286,2281.376652
-70.830525,147,2281.998517
302.454677,880,2285.679885
301.728664,903,2289.473124
300.958936,922,2293.322924
-102.515334,68,2293.615781
299.93122,912,2297.454908
-88.549403,101,2297.888351
89.855804,610,2300.45509
302.506532,884,2304.237292
302.820485,877,2307.875429
302.877273,851,2311.421293
-93.71854,91,2311.815262
299.998176,852,2315.432866
134.529202,687,2318.3104
-42.864245,228,2319.27752
298.123645,885,2322.984802
301.766452,874,2326.637921
300.478753,919,2330.521977
298.86327,915,2334.402608
302.300859,884,2338.116024
303.845868,857,2341.732953
301.63034,911,2345.581903
303.413144,889,2349.340965
301.486552,911,2353.228507
301.730429,922,2357.14012
304.161854,884,2360.886233
300.252223,909,2364.698788
303.664315,871,2368.335457
304.240082,886,2372.081274
303.651769,895,2375.83478
51.152268,519,2378.029595
1.017033,346,2379.512135
135.084996,716,2382.52487
88.000403,544,2384.811963
30.736044,477,2386.828288
147.444139,760,2390.039798
187.151704,1600,2396.84903
147.102725,1325,2402.441828
275.699628,1335,2408.134846
70.434938,825,2411.70269
-111.522135,69,2411.993487
297.460496,986,2416.074562
301.533453,864,2419.695361
184.015674,813,2423.099269
-22.344089,281,2424.275221
302.272538,863,2427.903816
303.773325,851,2431.508446
302.40542,871,2435.159077
307.503552,822,2438.604087
305.985775,879,2442.289931
70.160987,564,2444.638475
124.387739,612,2447.223994
177.946179,810,2450.635016
303.883434,909,2454.449039
302.246521,876,2458.120181
305.57153,868,2461.768062
303.565106,931,2465.691196
301.512065,956,2469.703387
304.989105,905,2473.520121
303.89589,931,2477.435147
303.494411,941,2481.383619
171.161507,808,2484.777812
305.565803,882,2488.471654
300.477083,977,2492.576043
304.34685,911,2496.410735
303.225882,942,2500.367234
294.862158,1019,2504.635444
231.38229,1600,2511.472326
291.635895,1092,2516.09987
287.971659,1218,2521.182507
126.524667,891,2524.923965
-45.998877,264,2526.048048
131.840541,831,2529.50095
293.864809,1057,2533.944442
301.752472,911,2537.804958
175.069368,840,2541.343597
127.946735,704,2544.300438
168.238933,840,2547.850427
4.095474,374,2549.441398
297.558516,955,2553.484271
156.479059,836,2557.029494
69.886877,563,2559.404979
-66.744994,186,2560.193742
293.353107,949,2564.181963
63.600981,583,2566.631037
-102.640345,70,2566.932653
76.343756,593,2569.400764
-104.162714,59,2569.655844
-104.461513,79,2569.995004
60.830576,552,2572.314428
-110.747697,86,2572.687331
-110.729503,69,2572.979694
-96.937676,123,2573.497745
-110.206557,90,2573.885737
302.001253,978,2577.966213
162.056866,849,2581.518665
125.378789,802,2584.897444
-104.775464,107,2585.350844
300.745814,975,2589.4504
104.238065,694,2592.38109
120.055873,739,2595.597325
-98.180998,90,2595.999588
-100.313983,78,2596.354087
-96.53763,88,2596.745151
-103.711685,61,2597.013025
296.69064,1058,2601.437394
27.571819,807,2604.829376
-101.621689,55,2605.081178
-102.302088,74,2605.404838
298.468587,1005,2609.613698
-98.284147,176,2610.363054
302.970994,966,2614.418572
305.918257,929,2618.318117
301.951209,1010,2622.558752
162.866742,868,2626.214828
152.495973,779,2629.489172
-111.29988,74,2629.807273
307.913886,902,2633.591312
67.176079,587,2636.055162
307.51717,898,2639.833468
307.93826,887,2643.571466
46.019698,514,2645.741131
303.462057,985,2649.888109
308.397188,905,2653.687792
158.331935,918,2657.540482
309.174709,900,2661.347236
305.795096,940,2665.290654
54.273507,752,2668.454211
305.469503,940,2672.417545
109.592274,620,2675.019375
295.171223,1119,2679.755768
307.456836,924,2683.672369
302.118631,1113,2688.408495
304.57463,886,2692.160809
311.671171,840,2695.693536
308.651946,888,2699.452148
309.850202,905,2703.274383
-13.949516,321,2704.642041
-53.643482,190,2705.447147
302.607765,977,2709.5582
131.577352,934,2713.48865
305.863445,928,2717.408376
273.230773,1373,2723.235195
277.180401,1243,2728.485618
61.946803,1600,2735.235714
-102.609309,1600,2742.042654
23.049127,562,2744.408178
48.265018,1600,2751.155258
-125.475921,110,2751.629455
-151.335211,1600,2758.447323
-125.140731,1600,2765.269368
-63.525409,404,2766.992422
-39.912226,251,2768.066728
-8.314385,392,2769.745736
-52.138541,231,2770.723895
24.581815,457,2772.652474
-11.22852,357,2774.160369
-107.801291,112,2774.660619
-46.473491,258,2775.785788
-107.439011,120,2776.299996
1.939233,363,2777.834496
-44.00189,281,2779.03078
-41.993939,264,2780.147119
53.16488,517,2782.326883
299.899122,890,2786.057214
68.373824,530,2788.28953
196.975862,850,2791.871916
307.94953,921,2795.750462
306.492806,949,2799.763654
303.95499,1084,2804.349721
306.514343,993,2808.638372
307.744629,946,2812.642909
300.926579,1012,2816.859053
300.829567,1109,2821.532713
307.622429,990,2825.723943
309.861224,921,2829.606032
311.352278,947,2833.535971
96.144501,632,2836.190371
307.993499,1015,2840.477494
65.566661,851,2844.072998
294.015607,1275,2849.418791
301.38623,1141,2854.24928
294.845072,1306,2859.755723
302.136479,1121,2864.449892
301.889291,1160,2869.298364
303.577591,1105,2873.949994
303.48693,1090,2878.483377
304.113481,1052,2882.877823
305.712688,1040,2887.235676
311.747405,972,2891.233389
310.819221,932,2895.141406
312.398108,859,2898.766834
88.391554,536,2901.021935
46.143889,424,2902.774852
312.86662,848,2906.354412
311.525236,872,2910.038158
314.312492,862,2913.592796
314.591907,869,2917.217124
313.498333,856,2920.811006
313.292235,814,2924.182647
309.906018,900,2927.956455
310.990652,926,2931.868897
312.291432,919,2935.756348
312.692026,894,2939.579252
312.719208,871,2943.276049
313.271104,852,2946.873796
311.285629,878,2950.568042
311.192703,864,2954.234274
310.498812,868,2957.885639
310.491667,901,2961.698588
308.026637,909,2965.557959
309.736508,898,2969.315148
311.826261,893,2973.076011
122.841748,688,2975.964302
311.068991,834,2979.498104
307.799908,907,2983.410877
302.789432,968,2987.48328
311.503705,859,2991.082371
310.55677,933,2995.005059
309.829198,892,2998.775488
113.425447,629,3001.437546
309.525027,886,3005.158033
25.096058,384,3006.781687
308.377281,885,3010.502774
311.965803,837,3013.98194
25.766846,387,3015.600003
75.747342,497,3017.656316
-47.59792,200,3018.488858
309.668449,828,3022.002539
312.13939,822,3025.466089
311.419476,837,3028.982909
309.564023,846,3032.549538
307.63504,849,3036.126484
49.5276,461,3038.065534
17.618777,362,3039.595028
84.225464,504,3041.72677
-6.654114,316,3043.067346
69.424636,486,3045.132749
38.824065,404,3046.844425
84.236589,534,3049.109697
307.419498,839,3052.655567
-42.415073,247,3053.707185
307.796883,852,3057.295442
311.431115,873,3060.99947
285.597222,1293,3066.522889
148.729121,802,3069.947242
72.270373,833,3073.463599
308.02505,917,3077.346809
312.817199,826,3080.855272
313.881621,815,3084.316287
313.408307,828,3087.801578
314.473645,818,3091.257687
314.776156,804,3094.657744
312.365767,798,3098.01044
312.114648,821,3101.482904
13.837864,355,3102.993585
313.895331,810,3106.458216
311.822394,814,3109.875606
315.13627,785,3113.193304
315.07549,782,3116.489547
-71.275454,169,3117.209113
44.158034,414,3118.957607
64.94449,472,3120.948023
75.797323,527,3123.215122
309.680568,825,3126.706386
310.546919,822,3130.177315
150.106849,837,3133.694372
276.720768,1471,3139.95459
121.944008,776,3143.290352
60.959546,800,3146.680325
309.402835,970,3150.796235
314.287566,839,3154.35202
308.730458,891,3158.137033
313.867269,808,3161.602805
315.900654,799,3164.966856
21.858657,417,3166.759278
312.678357,821,3170.228917
-115.424574,50,3170.446885
-15.751277,290,3171.676479
302.260822,1041,3176.12044
309.025604,950,3180.123389
302.972999,1030,3184.536106
310.751605,921,3188.448268
313.831516,836,3192.00331
275.193649,1547,3198.539626
308.89914,939,3202.493709
170.953754,827,3205.986528
314.10452,841,3209.537648
313.093434,842,3213.108862
313.089566,803,3216.48398
313.116228,815,3219.920818
312.744524,801,3223.330806
73.357317,477,3225.354046
313.83772,807,3228.744986
311.316894,783,3232.048784
-96.725525,62,3232.317666
-107.576292,78,3232.660235
315.168727,764,3235.957831
-107.219697,83,3236.410344
29.565398,390,3238.093694
312.363894,823,3241.589488
313.471146,811,3245.028422
-31.155703,239,3246.053755
310.504941,816,3249.554273
308.132987,856,3253.194429
162.345387,659,3256.032675
105.892697,611,3258.66211
307.924889,875,3262.368883
303.906981,905,3266.231338
311.918257,804,3269.636004
304.303177,882,3273.376718
308.672322,848,3276.985087
313.44545,785,3280.335971
312.909734,765,3283.579017
315.881081,751,3286.735472
314.321536,748,3289.897894
59.798595,430,3291.711234
317.179325,732,3294.782479
151.541457,687,3297.662933
128.110634,581,3300.12158
314.987841,736,3303.261803
47.76048,422,3305.030759
308.228436,874,3308.737193
96.616213,575,3311.209945
-5.911231,362,3312.774574
311.542004,815,3316.236597
310.697208,791,3319.603152
312.43935,822,3323.14802
-83.219448,121,3323.678589
316.844635,797,3327.038347
313.851421,806,3330.501973
313.328219,826,3334.019873
-74.966697,145,3334.639124
317.293384,762,3337.837766
80.723432,492,3339.938653
313.711794,828,3343.453501
-72.879782,186,3344.257713
115.001951,578,3346.737828
313.692731,824,3350.290962
314.860002,808,3353.780046
48.463669,435,3355.662251
312.4009,827,3359.210768
-53.246325,231,3360.214198
308.820658,878,3363.977571
312.912546,828,3367.528902
303.396571,994,3371.778033
32.955707,443,3373.663618
310.298452,859,3377.303986
300.777769,1008,3381.628333
-65.602669,188,3382.436569
314.113591,802,3385.870839
313.460157,798,3389.285317
78.812222,631,3392.027237
312.739531,817,3395.548073
304.462652,934,3399.543513
197.485524,854,3403.211953
112.794107,617,3405.917901
263.563002,1479,3412.269852
309.742032,834,3415.790758
295.953748,1086,3420.357175
263.975836,1510,3426.746569
303.009719,908,3430.629134
64.109294,676,3433.535447
304.98054,898,3437.365473
277.57906,1248,3442.678348
310.923253,795,3446.068395
132.466623,1600,3452.850433
304.901591,933,3456.853119
303.112279,958,3460.95315
193.14866,1600,3467.737965
312.557366,794,3471.09914
311.552043,815,3474.614838
309.67027,804,3478.064899
153.875866,648,3480.848584
313.378138,781,3484.155074
311.695887,802,3487.601317
312.214041,784,3490.958075
312.908941,781,3494.258066
310.234575,779,3497.560622
313.35691,757,3500.761834
311.605058,779,3504.057522
312.728504,762,3507.280117
314.91245,773,3510.540162
313.087195,779,3513.852196
312.892614,794,3517.22505
313.518965,773,3520.542111
312.461118,789,3523.922884
312.414066,789,3527.297048
312.414192,785,3530.611762
311.694889,787,3533.928255
310.647592,793,3537.270315
311.938325,799,3540.648264
87.927511,541,3542.942102
313.338998,770,3546.209078
312.134415,783,3549.511243
311.645153,778,3552.796406
309.1333,822,3556.26226
93.92441,630,3558.931375
-97.877326,114,3559.424157
-161.107916,1600,3566.211505
310.595136,788,3569.526545
309.277602,800,3572.914323
313.350956,739,3576.031372
54.84338,428,3577.859815
311.161258,801,3581.303385
311.074161,783,3584.623656
310.461534,799,3587.979684
308.737089,822,3591.461048
308.611376,808,3594.849167
306.659571,813,3598.306329
308.346945,792,3601.679234
304.716795,826,3605.173346
306.709607,819,3608.700511
303.068561,844,3612.305708
306.013665,808,3615.721459
306.033143,832,3619.266837
302.936378,827,3622.771261
-101.508771,43,3622.959877
92.293684,508,3625.109677
307.873013,772,3628.382571
304.753071,817,3631.89092
-99.519072,47,3632.096052
-99.413425,48,3632.305027
-102.387948,45,3632.503415
-100.532487,51,3632.727635
-102.671461,46,3632.931425
-99.627855,50,3633.15063
305.347029,802,3636.532078
309.353477,761,3639.755754
302.370873,820,3643.261729
306.198198,756,3646.459711
305.693256,783,3649.774191
96.616372,513,3651.933597
165.795722,682,3654.821503
101.563352,517,3657.013442
61.728179,447,3658.904542
306.426943,773,3662.155576
52.615886,450,3664.097362
302.876333,904,3667.904945
303.763589,865,3671.568365
303.928743,852,3675.153479
302.492781,856,3678.760855
307.070264,797,3682.133437
308.857526,781,3685.442958
308.082212,817,3688.89848
183.873294,814,3692.348106
305.278985,847,3695.935671
308.329727,788,3699.269307
309.747567,755,3702.440383
308.615115,759,3705.631511
307.710845,810,3709.046843
308.193968,796,3712.405496
305.64608,810,3715.869383
307.094746,809,3719.282909
305.85266,829,3722.768583
-102.52006,84,3723.129092
301.363031,881,3726.827745
307.989101,809,3730.232839
306.934461,812,3733.661765
305.429902,835,3737.178561
308.470053,792,3740.528722
25.391861,349,3741.98965
309.737401,768,3745.227341
32.812518,363,3746.757912
6.857199,301,3748.028205
36.713315,378,3749.609313
-57.37278,172,3750.341378
310.559535,777,3753.614692
310.778652,772,3756.858729
305.626835,851,3760.433471
-1.755358,296,3761.692624
309.112795,826,3765.181398
304.570042,854,3768.793542
301.247439,919,3772.674074
298.481914,967,3776.779368
296.694675,982,3780.936795
299.668425,922,3784.849157
180.041618,847,3788.424394
303.984792,874,3792.102456
306.812634,822,3795.561355
306.080877,852,3799.172686
42.176005,426,3800.978421
39.705686,389,3802.618806
301.402642,915,3806.468335
303.829834,868,3810.105806
308.239408,845,3813.665842
19.776626,409,3815.391184
303.375559,865,3819.029519
301.115674,907,3822.836934
300.163703,915,3826.685706
304.624889,855,3830.286836
307.83018,823,3833.752078
304.54073,871,3838.207585
306.510274,867,3841.938638
309.241267,838,3845.668586
305.722938,834,3849.211798
305.184731,852,3852.84534
306.776573,843,3856.416695
300.53966,941,3860.398021
294.558191,1054,3864.831953
299.629279,933,3868.802567
302.545779,920,3872.687216
308.8968,823,3876.167266
306.042444,864,3879.809925
304.846671,860,3883.417301
305.862186,838,3886.95859
305.118953,866,3890.601676
46.76318,445,3892.490494
306.075923,834,3896.056805
27.487535,427,3897.873636
305.927093,824,3901.3593
304.258315,857,3905.02432
135.317486,664,3907.857069
300.578439,870,3911.557134
302.933501,817,3915.019717
64.498237,479,3917.042859
305.231283,813,3920.476069
304.033414,830,3923.970775
306.676591,821,3927.445455
308.304551,807,3930.853635
307.256288,795,3934.221835
297.200511,950,3938.271733
304.644986,871,3941.982486
306.802212,853,3945.618673
305.171586,854,3949.334667
306.611102,848,3953.026531
303.499943,909,3956.952795
-107.492448,31,3957.098637
301.733732,925,3960.995471
308.348606,852,3964.591886
305.539468,868,3968.254621
302.751839,913,3972.1101
304.316513,913,3975.960346
303.953637,889,3979.730595
304.209304,872,3983.403209
68.87006,617,3986.026852
303.530844,879,3989.737806
294.698033,1034,3994.12016
307.132358,844,3997.707534
304.347884,858,4001.348084
303.078086,879,4005.228394
-98.106,71,4005.595085
300.015884,945,4009.671815
301.90528,904,4013.488984
-101.711824,48,4013.698991
-100.796231,51,4013.917905
-99.81696,56,4014.162171
-96.269616,61,4014.427563
301.789721,870,4018.086703
-95.37983,68,4018.37884
298.222895,935,4022.335528
302.976681,851,4026.000005
-96.728033,88,4026.391183
301.646254,871,4030.06015
300.739278,869,4033.752761
300.975345,855,4037.40578
299.903832,858,4041.022259
304.614501,831,4044.502513
303.446093,851,4048.050919
301.504375,861,4051.664824
303.196665,865,4055.304379
306.47699,833,4058.744846
-102.954892,70,4059.040353
303.779145,829,4062.524767
-99.695534,71,4062.826505
-99.615974,66,4063.109798
40.315736,396,4064.781922
305.891108,776,4068.061824
-100.772001,63,4068.330792
-96.669298,76,4068.654104
67.311602,501,4070.762968
161.996241,705,4073.751543
66.957801,533,4076.010611
-102.576561,56,4076.249007
-79.050941,167,4076.960354
63.097664,494,4079.038025
181.719789,909,4082.88105
303.630531,822,4086.33942
47.80693,511,4088.497993
296.465207,981,4092.628278
284.123646,1199,4097.684935
302.797629,857,4101.288333
299.652399,902,4105.089241
300.209081,915,4108.932407
301.533281,893,4112.700779
304.43789,849,4116.286242
304.620364,847,4119.854854
-90.364581,102,4120.29131
-105.163991,86,4120.660522
-61.948458,170,4121.384971
308.731925,823,4124.846187
103.268353,585,4127.313237
93.974188,564,4129.689848
155.551143,708,4132.676259
306.69382,829,4136.174382
304.875624,840,4139.709532
-16.462941,302,4140.989759
-36.834497,278,4142.168666
299.778728,906,4146.01702
305.073781,831,4149.529624
308.025889,848,4153.093782
309.201226,827,4156.599877
307.768831,822,4160.125317
308.40596,850,4163.759457
308.224527,841,4167.325373
306.42682,858,4170.93456
302.739541,890,4174.695019
302.085718,918,4178.609415
297.832703,1035,4183.045308
182.035582,878,4186.764197
308.151063,860,4190.408309
305.047384,927,4194.333463
302.302995,946,4198.355386
298.157553,933,4202.286982
300.559277,908,4206.111827
69.628175,562,4208.481161
302.100753,895,4212.27147
11.999738,422,4214.065126
171.160973,828,4217.5598
304.734841,854,4221.147835
304.788124,852,4224.786503
304.933232,831,4228.347799
308.335499,838,4231.932279
45.282097,495,4234.041789
304.495358,861,4237.712709
165.372548,815,4241.14402
123.587113,654,4243.894836
-22.801168,390,4245.563642
-4.998985,381,4247.196048
-21.597512,272,4248.348115
312.907551,797,4251.728252
295.269847,1083,4256.300525
-41.900872,224,4257.270726
308.945395,841,4260.819961
304.518581,943,4264.828288
307.483247,874,4268.51587
304.643649,983,4272.67957
309.003126,958,4276.738354
299.813716,1040,4281.14003
307.778157,914,4285.078089
298.298309,1048,4289.807783
303.737991,902,4293.627455
