#{"t_start": 1574151631.325238, "env_id": "BipedalWalker-v2"}
r,l,t
-122.299772,1600,3.156084
-101.076194,1600,5.483927
-112.296334,55,5.568449
-105.963511,52,5.649325
-109.115383,146,5.860621
-114.748496,81,5.979787
-79.314319,1600,8.304035
-111.353676,88,8.434626
-85.556735,1600,10.759376
-118.373535,87,10.889578
-108.616073,1600,13.223886
-147.47984,473,13.920608
-114.817863,69,14.028712
-127.779949,1600,16.350692
-121.221702,96,16.492511
-118.131718,47,16.562941
-118.121365,80,16.6813
-116.937219,44,16.749747
-117.683418,78,16.869539
-111.057692,71,16.974379
-115.320351,38,17.032641
-115.671007,57,17.119199
-111.26142,72,17.225573
-151.968039,1600,19.565245
-116.082429,41,19.627825
-146.344131,1600,21.980219
-145.358032,1600,24.327236
-143.786861,1600,26.680227
-151.108001,1600,29.039883
-128.238037,1600,31.435204
-114.233009,1600,33.778049
-102.788512,1600,36.090398
-92.465849,1600,38.410446
-94.643247,1600,40.72017
-98.181027,1600,43.026967
-86.874694,1600,45.315103
-90.288811,1600,47.601249
-96.340713,1600,49.883776
-96.536479,1600,52.175323
-199.536839,1540,54.389572
-124.129228,130,54.579397
-96.167477,1600,56.868688
-110.941361,163,57.106273
-100.117867,1600,59.394784
-96.295631,1600,61.668241
-116.428461,167,61.912565
-91.62666,1600,64.189936
-94.608455,1600,66.470065
-101.353003,1600,68.759251
-102.723205,1600,71.045417
-100.030803,1600,73.933753
-107.029651,1600,78.021615
-101.783105,1600,80.446501
-108.080322,82,80.569607
-126.410959,117,80.74352
-105.852321,43,80.811778
-125.51883,141,81.019881
-105.256452,65,81.120115
-104.010321,105,81.277807
-105.29142,49,81.354026
-105.2387,57,81.441125
-101.987705,65,81.540643
-104.168848,88,81.675079
-102.633689,1600,84.201293
-99.328791,1600,86.535157
-94.627086,1600,88.846164
-93.748658,1600,91.147217
-103.955894,52,91.227395
-109.98434,85,91.355606
-106.477208,85,91.483975
-139.629756,565,92.30792
-96.76954,1600,94.608248
-90.224232,1600,96.919578
-163.030273,1140,98.576318
-99.394742,114,98.746243
-107.005809,57,98.832272
-112.16652,64,98.930157
-105.374874,70,99.038543
-118.554615,273,99.436527
-114.89129,218,99.759749
-112.476107,195,100.048406
-108.986535,102,100.203094
-106.551156,69,100.307931
-107.528067,111,100.471026
-101.337221,112,100.638223
-106.522097,87,100.770804
-103.110715,65,100.868478
-103.236588,99,101.015177
-106.984196,53,101.096186
-104.032211,98,101.243957
-118.907963,63,101.338141
-106.853124,75,101.452683
-99.373351,142,101.665891
-114.873279,277,102.078074
-102.049047,100,102.226002
-104.126372,56,102.310976
-111.490551,226,102.64668
-103.668823,55,102.731242
-102.056933,73,102.841236
-105.324875,61,102.933868
-113.689254,179,103.196665
-105.877938,88,103.329833
-113.67185,52,103.409476
-123.37809,274,103.815799
-101.459915,75,103.929878
-99.048937,96,104.07269
-106.984523,143,104.283388
-109.739948,133,104.481735
-107.879716,109,104.643856
-106.787513,75,104.757029
-100.852435,96,104.899825
-114.368221,200,105.193672
-118.512447,97,105.341671
-109.857256,57,105.429248
-102.737751,126,105.614436
-111.138953,168,105.865715
-112.926945,45,105.93709
-111.250686,115,106.107636
-123.044879,286,106.524152
-110.546509,163,106.765469
-125.413392,432,107.395684
-105.349451,145,107.610465
-107.100272,82,107.732523
-111.977081,172,107.988458
-107.537025,71,108.09665
-107.971563,191,108.375872
-109.167725,54,108.459299
-110.871555,43,108.527494
-111.321018,116,108.701238
-107.182005,76,108.815309
-106.722781,184,109.08552
-102.230204,97,109.227831
-108.316319,118,109.40507
-102.568197,120,109.583607
-108.140184,135,109.782717
-106.379672,114,109.952221
-101.722832,116,110.124829
-111.533001,173,110.378719
-109.23333,46,110.452246
-102.300175,139,110.656789
-104.719292,62,110.753063
-98.987084,78,110.868567
-100.45437,80,110.988754
-102.719416,63,111.085504
-102.820657,59,111.177977
-102.544069,52,111.257344
-104.480419,147,111.475747
-101.80357,75,111.588781
-101.642839,81,111.709019
-118.110495,86,111.837995
-117.300894,64,111.935482
-109.738067,124,112.118153
-103.274962,117,112.301753
-109.019261,191,112.582419
-102.993598,73,112.69281
-115.064005,248,113.055882
-111.554857,177,113.314984
-113.680795,79,113.435813
-106.875715,183,113.701693
-103.204198,69,113.805312
-109.797383,163,114.044592
-114.153327,212,114.356138
-109.649414,71,114.463435
-99.430108,88,114.595189
-120.564597,375,115.139721
-146.825764,894,116.425626
-104.457734,69,116.529075
-112.779203,269,116.928751
-101.287342,72,117.037899
-110.460309,123,117.218377
-105.745844,172,117.471962
-114.056224,241,117.824026
-108.354889,135,118.024508
-110.423751,57,118.111338
-113.380965,261,118.493518
-104.246381,129,118.684445
-108.159459,89,118.818066
-113.082065,68,118.923418
-111.718393,108,119.082204
-109.763741,178,119.344707
-111.370096,120,119.523783
-112.580437,169,119.773166
-112.490551,269,120.164035
-102.273945,112,120.331844
-106.563181,70,120.436748
-100.756818,101,120.586629
-117.211927,233,120.929572
-135.500181,512,121.677359
-164.414237,1065,123.226496
-118.855796,258,123.604722
-107.873416,163,123.84365
-104.847665,112,124.009858
-109.895499,128,124.197424
-112.964451,187,124.472921
-105.88882,251,124.837011
-100.187788,133,125.033529
-104.008756,162,125.271943
-108.520449,104,125.426908
-113.861469,192,125.707323
-127.471399,121,125.887671
-101.26047,90,126.025361
-110.791564,105,126.181335
-119.994501,331,126.661789
-104.678636,108,126.824885
-107.873218,182,127.093492
-106.442071,52,127.17464
-112.01819,220,127.497363
-110.55645,194,127.782397
-101.399424,76,127.896956
-106.8447,147,128.114389
-105.159067,113,128.283186
-108.436388,196,128.570161
-135.201475,186,128.841814
-99.264635,107,129.003082
-109.112802,151,129.225086
-107.722266,165,129.468459
-108.98571,221,129.791763
-108.544907,88,129.924084
-109.953226,185,130.198292
-111.580477,190,130.478746
-110.361953,119,130.653661
-105.724611,151,130.879107
-103.397021,93,131.017213
-113.2299,229,131.352004
-111.968354,212,131.663804
-131.278948,466,132.34386
-112.078564,196,132.635965
-101.313377,1600,134.926893
-106.172201,1600,137.215142
-109.824402,1600,139.501584
-105.000239,1600,141.789001
-113.753011,1600,144.072049
-113.715119,1600,146.367098
-119.976912,1600,148.687267
-118.847973,1600,151.057065
-114.949669,1600,153.358547
-105.625067,1600,155.653412
-101.854361,1600,157.946648
-109.774466,1600,160.251188
-106.358478,1600,162.546152
-105.610978,1600,164.841373
-108.773623,39,164.902389
-106.860024,1600,167.202976
-102.506225,1600,169.503284
-109.610943,1600,171.799071
-93.824007,1600,174.09673
-97.307365,1600,176.402447
-88.46905,1600,178.698521
-168.025992,684,179.684875
-88.140076,1600,181.976441
-86.04576,1600,184.280631
-105.301979,56,184.36741
-60.952847,1600,186.650433
-108.437348,43,186.716072
-170.288114,1420,188.769761
-72.242838,1600,191.070988
-110.845327,79,191.189047
-71.271543,1600,193.51352
-107.984787,86,193.643052
-108.796343,48,193.717355
-116.823767,85,193.846087
-66.356421,1600,196.146803
-68.702994,1600,198.441295
-62.702638,1600,200.751241
-139.059219,603,201.620584
-67.892297,1600,203.918012
-119.490866,63,204.01502
-54.498955,1600,206.343971
-60.370079,1600,208.658971
-34.092323,1600,210.939434
-107.09344,98,211.085652
-48.778354,1600,213.365063
-108.676792,73,213.472664
-109.524546,53,213.55539
-29.720915,1600,215.850606
-47.075062,1600,218.129624
-0.444709,1600,220.433163
-105.540174,50,220.510236
28.669777,1600,222.831369
0.264621,1600,225.109122
-110.796047,53,225.1894
19.803336,1600,227.459034
-107.929942,43,227.527001
-100.867133,132,227.720965
35.409682,1600,230.013651
53.006469,1600,232.291493
-108.726592,68,232.394701
-115.369761,83,232.51962
-112.335903,69,232.622358
-107.47709,46,232.694534
-105.770243,48,232.767242
-106.606567,37,232.828167
60.164859,1600,235.089722
55.048642,1600,237.369084
70.869296,1600,239.664439
-108.033505,43,239.730292
-96.611346,411,240.32482
-112.127282,56,240.412292
-104.185666,50,240.489127
32.035583,1600,242.801553
-103.487022,59,242.890391
-22.43877,1493,245.037591
-52.570496,945,246.394557
-34.951803,1051,247.890552
-107.436905,48,247.965717
145.664339,1600,250.280095
-107.899928,59,250.370531
-109.784485,47,250.442829
-107.500738,52,250.522491
-102.679784,96,250.669754
-11.706988,1091,252.262554
-109.895373,55,252.348899
-110.294486,80,252.469348
-117.727735,62,252.563279
-109.862902,66,252.662948
-108.683987,53,252.745008
-118.912681,133,252.940909
83.249233,1600,255.240354
-116.173171,59,255.32919
69.880318,1600,257.618192
41.13219,1600,259.940193
-111.261417,45,260.009795
139.399281,1600,262.323192
-108.477486,58,262.412639
-108.681432,56,262.498324
-114.131367,71,262.605334
-116.726396,84,262.732374
-110.347317,50,262.810468
-111.077583,55,262.894955
-112.369192,53,262.976497
-102.26924,74,263.089126
-54.911771,418,263.691337
-117.771942,100,263.840234
-122.115373,86,263.969792
-126.107617,92,264.108068
-109.408678,67,264.209244
-127.369765,118,264.384583
-110.890167,90,264.519093
-111.519555,115,264.68928
-111.574942,55,264.773453
-111.348733,65,264.871961
-107.510945,61,264.964732
-112.930101,67,265.066043
-115.783416,72,265.176566
-124.801571,94,265.316737
-111.940197,43,265.383246
-110.274242,88,265.516027
-107.965898,70,265.623282
-115.587137,108,265.783661
-108.76426,65,265.884254
-114.863594,72,265.9946
-115.603514,167,266.239665
-108.867848,67,266.344155
-122.595024,119,266.520418
-102.609169,84,266.645986
-116.220606,82,266.772599
-117.640626,72,266.886317
-118.392096,84,267.015264
-117.147922,62,267.110466
-104.229939,55,267.196535
-109.604217,69,267.302029
-107.296794,103,267.459228
-120.447461,70,267.565467
-121.775188,71,267.672561
-111.588498,111,267.839324
-114.097535,68,267.944248
-125.588699,96,268.088494
-120.265262,55,268.173487
-111.522048,119,268.350902
-119.38028,66,268.449871
-114.760186,91,268.584782
-100.581934,107,268.743631
-115.833318,71,268.854535
-119.238526,80,268.97575
-116.479405,167,269.224085
-106.753024,126,269.41387
-111.915108,97,269.56157
-109.190811,203,269.860997
-115.131895,59,269.955869
-131.666323,104,270.11813
-121.710672,81,270.242551
-116.386466,64,270.340095
-120.325219,93,270.483066
-130.96962,182,270.777694
-123.372984,160,271.026689
-108.978967,64,271.126897
-136.221379,137,271.332245
-174.083105,535,272.134777
-174.302639,1600,274.507762
-117.526511,52,274.589231
-130.28517,209,274.902766
-123.960524,174,275.164775
-138.050017,285,275.586052
-221.502921,1230,277.423865
-234.987953,1504,279.635543
-114.667003,94,279.780732
-125.072824,330,280.265775
-184.292973,1012,281.754572
-164.39177,743,282.827752
-150.789225,509,283.575013
-113.873677,114,283.744512
-106.665459,78,283.863005
-118.881775,179,284.128072
-114.407328,160,284.368458
-114.94405,154,284.596794
-111.629499,74,284.707647
-110.01607,231,285.048231
-114.106255,187,285.32923
-109.533447,54,285.413791
-132.451326,526,286.17469
-117.429686,146,286.391516
-215.313687,1529,288.590154
-146.298788,462,289.275225
-166.416512,1373,291.233525
-111.740415,165,291.478353
-114.222858,159,291.714752
-105.745785,59,291.803727
-119.239147,461,292.480327
-103.486751,295,292.909517
-101.220376,88,293.041038
-114.525293,254,293.416663
-110.695816,88,293.551081
-106.93029,238,293.905509
-106.894843,142,294.118124
-102.536847,142,294.329044
-103.394536,209,294.635399
-106.839692,160,294.872966
-111.28592,39,294.935582
-101.689226,122,295.116337
-112.701819,117,295.289504
-108.494587,78,295.409296
-118.269978,63,295.506781
-107.711313,65,295.606172
-112.216408,121,295.790808
-98.661347,133,295.98908
-112.084308,107,296.15421
-113.758343,52,296.234092
-113.456975,52,296.316129
-114.548036,61,296.410488
-110.66492,208,296.713425
-122.648297,552,297.518636
-117.314392,188,297.796188
-110.758724,86,297.927293
-119.143168,453,298.578337
-104.002722,130,298.772868
-118.115038,918,300.093617
-104.646073,99,300.241099
-108.475347,93,300.380116
-105.780964,115,300.551767
-107.191075,40,300.615538
-101.465883,84,300.742903
-99.421684,96,300.886318
-98.484279,99,301.032334
-101.116699,188,301.307821
-105.782227,52,301.387358
-98.927517,147,301.60144
-104.885771,88,301.73762
-105.586869,141,301.947891
-105.783986,91,302.085759
-101.817976,189,302.363906
-106.600306,78,302.482612
-100.681254,157,302.713115
-103.37068,113,302.883557
-108.316244,176,303.141495
-106.150699,87,303.270869
-109.676614,347,303.775142
-114.803298,90,303.911365
-103.578237,71,304.017417
-101.183606,86,304.147044
-102.581283,92,304.288787
-108.395146,94,304.428731
-97.865623,113,304.597386
-101.919181,86,304.727777
-105.427907,86,304.857808
-105.627103,79,304.976329
-104.438121,129,305.167931
-101.55978,177,305.426576
-98.707678,206,305.729167
-102.165157,83,305.853913
-106.504386,184,306.126533
-114.118299,102,306.278599
-101.24073,181,306.545876
-106.267309,178,306.808756
-106.874165,110,306.97513
-103.31535,141,307.182961
-105.630344,134,307.381764
-105.956927,215,307.695799
-102.805455,100,307.847845
-112.506709,218,308.166288
-107.043961,119,308.344623
-107.57756,62,308.438767
-114.162529,81,308.56054
-114.030256,232,308.90157
-98.161808,117,309.076209
-101.482472,241,309.42674
-109.126732,112,309.59466
-105.334709,291,310.015786
-100.055889,88,310.146934
-105.902389,410,310.738027
-97.230217,240,311.089049
-104.376213,54,311.172612
-109.853452,192,311.457689
-112.179157,164,311.701163
-107.071189,170,311.955755
-99.154941,95,312.100057
-111.865527,81,312.224584
-111.596369,470,312.898967
-104.645465,142,313.106836
-105.498718,94,313.248995
-105.282214,714,314.274994
-102.280671,95,314.417835
-105.206469,212,314.726241
-105.056958,139,314.932023
-112.911897,397,315.500127
-107.086809,148,315.719492
-119.672452,1171,317.386125
-111.423745,104,317.542006
-103.032573,180,317.806693
-108.37594,86,317.936121
-105.462882,371,318.469096
-97.405327,112,318.63556
-103.713712,91,318.77218
-104.381417,57,318.857852
-109.338316,98,319.002793
-117.672218,160,319.240801
-105.149377,110,319.405916
-106.271223,104,319.562841
-109.024719,106,319.720176
-111.018646,152,319.945424
-105.21296,106,320.103464
-100.308004,227,320.433203
-100.190215,104,320.588901
-104.256855,108,320.748572
-106.114792,92,320.888249
-95.575816,166,321.129305
-100.085224,169,321.376321
-102.280181,171,321.627298
-96.303062,177,321.884539
-106.514195,105,322.042226
-107.613531,455,322.694191
-100.444143,433,323.319251
-106.385564,71,323.425935
-101.448251,193,323.713076
-107.416756,67,323.81501
-99.183501,90,323.950473
-93.608823,227,324.278864
-113.267365,121,324.462022
-96.254203,91,324.596969
-102.597933,89,324.730235
-100.034341,125,324.916584
-101.528289,80,325.037025
-103.959653,55,325.120925
-95.846786,145,325.334363
-98.771908,93,325.471131
-102.094029,222,325.796652
-103.729687,95,325.939981
-104.942566,118,326.115121
-103.172528,224,326.443396
-104.609159,165,326.68907
-115.638102,79,326.81565
-117.831976,1004,328.248973
-98.690251,199,328.538886
-93.11013,246,328.907248
-100.456493,277,329.308131
-96.803001,200,329.600713
-97.911087,232,329.938626
-102.866215,152,330.166397
-108.494236,163,330.406473
-95.906072,109,330.568588
-108.822544,112,330.737492
-99.869201,135,330.938432
-105.904675,86,331.066655
-92.192257,244,331.419209
-111.268141,424,332.029706
-102.808988,149,332.249593
-97.593779,193,332.5321
-92.449855,165,332.771306
-97.605455,503,333.492791
-114.616251,127,333.682858
-101.849025,292,334.110017
-111.287377,754,335.197272
-120.308224,538,335.989637
-114.069643,591,336.847826
-117.620353,192,337.136012
-128.67081,568,337.96269
-131.260152,1135,339.597626
-97.885253,588,340.443687
-112.409323,52,340.524591
-108.380158,271,340.919186
-103.238912,68,341.023676
-101.025754,71,341.130792
-100.694212,65,341.230588
-98.203567,90,341.365847
-103.633353,139,341.570984
-100.214479,232,341.909195
-99.159583,73,342.019425
-98.474241,133,342.215733
-96.886724,216,342.532732
-101.584671,101,342.684366
-107.490094,277,343.086325
-104.649876,63,343.18355
-105.727765,267,343.569906
-103.728115,154,343.795755
-105.993107,102,343.949758
-101.804916,98,344.099219
-102.14424,145,344.316308
-95.928633,641,345.239751
-89.660791,257,345.612016
-103.478668,136,345.814581
-110.461877,61,345.907827
-110.498132,65,346.00809
-101.60002,108,346.168576
-95.215933,72,346.279227
-103.897324,129,346.471292
-93.541447,465,347.140869
-107.502672,123,347.324568
-102.594957,178,347.590484
-99.522011,168,347.834897
-96.893414,157,348.068542
-108.792372,123,348.249722
-107.862858,207,348.554478
-102.200897,87,348.684489
-103.141509,208,348.991042
-101.144954,336,349.479425
-87.906722,249,349.844989
-84.542012,407,350.432273
-105.776784,220,350.759519
-74.941982,522,351.511389
-101.777248,131,351.705486
-105.573559,60,351.798238
-98.653092,161,352.038295
-86.256577,321,352.511246
-111.738015,366,353.045445
-111.851959,706,354.068509
-107.554706,361,354.589803
-101.382062,125,354.775701
-98.179742,169,355.025354
-102.746007,986,356.422067
-100.251227,183,356.687467
-99.518667,501,357.411578
-108.062773,509,358.136411
-96.970669,353,358.645556
-110.139085,584,359.488202
-104.449513,330,359.96585
-103.257957,87,360.095332
-119.721076,84,360.221179
-107.70454,122,360.401493
-98.686503,117,360.574538
-112.332955,82,360.696024
-108.200353,282,361.106725
-97.25466,186,361.377845
-100.181145,205,361.67458
-97.018082,89,361.807164
-88.174933,192,362.084811
-108.640474,51,362.163412
-91.74901,225,362.487883
-88.292818,347,362.987962
-98.920791,102,363.139799
-98.415515,99,363.288425
-100.929426,123,363.469602
-97.108965,151,363.692304
-114.789227,80,363.812315
-107.084327,108,363.971597
-87.544949,699,364.96615
-90.547887,330,365.444085
-71.389997,387,365.995132
-103.925601,387,366.552927
-89.77382,223,366.874254
-110.3222,81,367.012168
-90.146875,222,367.3347
-101.807649,179,367.600457
-98.67639,695,368.595271
-107.327723,311,369.047539
-89.425461,294,369.470664
-115.576764,90,369.604415
-99.299121,283,370.015147
-113.302161,93,370.153332
-89.745571,374,370.690546
-97.854277,380,371.240726
-81.288089,674,372.203158
-78.808942,607,373.073231
-113.466802,70,373.179043
-109.493156,559,373.990614
-82.892153,231,374.324577
-111.870957,295,374.751242
-99.401261,106,374.909413
-91.668214,196,375.197422
-90.715472,329,375.668904
-111.81421,615,376.548965
-88.165322,307,376.99526
-100.281618,261,377.373191
-102.07979,320,377.83587
-79.442783,495,378.547287
-119.879433,623,379.446544
-87.427594,403,380.025921
-103.364087,182,380.290423
-104.378238,64,380.387884
-106.22255,156,380.616433
-99.491254,162,380.854008
-91.413114,146,381.069469
-103.036851,64,381.166522
-92.590013,209,381.470981
-94.498052,380,382.019047
-102.563532,152,382.239342
-102.05397,228,382.569744
-77.962032,293,382.989338
-100.529393,78,383.10633
-99.635238,83,383.229063
-98.015823,287,383.645321
-96.062077,125,383.831348
-106.050019,76,383.946279
-72.906554,342,384.437265
-98.997171,151,384.659851
-113.082699,63,384.754259
-97.901618,111,384.919026
-94.103095,95,385.060636
-95.217814,204,385.361011
-91.307547,151,385.580526
-93.19313,145,385.796632
-71.624553,258,386.169192
-111.984066,73,386.279346
-96.811201,187,386.551927
-107.952362,49,386.627987
-95.848971,244,386.986656
-95.540696,157,387.216589
-95.910334,262,387.59533
-98.970011,103,387.748645
-111.807569,63,387.844288
-102.148016,61,387.93688
-87.992191,244,388.289774
-68.80581,372,388.838464
-94.420172,146,389.053223
-95.613331,113,389.222131
-55.028051,1029,390.728455
-103.942817,90,390.864383
-87.824176,985,392.267675
-90.98451,315,392.723034
-95.339641,198,393.00874
-79.713806,398,393.582592
-85.981022,295,394.006338
-74.800025,311,394.456378
-103.572182,73,394.56828
-94.395431,146,394.781359
-108.447731,43,394.847583
-97.798438,339,395.335104
-87.230502,291,395.759291
-100.632076,155,395.986905
-73.562352,325,396.451863
-90.676558,366,396.981708
-103.635361,102,397.13142
-85.711626,453,397.786908
-73.122938,358,398.302572
-25.838848,732,399.350309
-96.555494,336,399.833372
-62.971751,372,400.3681
-68.383131,414,400.957992
-88.276622,412,401.554392
-73.703817,361,402.073426
-71.457591,452,402.723544
-114.973283,141,402.929398
-100.787874,102,403.081114
-77.761124,494,403.783477
-109.930273,51,403.863197
-97.746237,144,404.073835
-42.479358,529,404.823441
-108.258322,38,404.884226
-87.50487,191,405.164662
-121.50331,74,405.27538
-80.736244,295,405.696772
-63.214909,469,406.365872
-108.576815,107,406.523494
-114.512039,51,406.60163
-26.530716,761,407.691649
-0.273904,896,408.9749
-87.601367,270,409.36755
-111.709711,83,409.492491
-93.065859,340,409.982147
-5.004688,991,411.399326
-119.908389,72,411.509912
-55.066472,709,412.540843
-34.646882,669,413.507718
-107.771796,120,413.685189
-30.417433,664,414.641881
-125.491737,135,414.838168
-118.304691,80,414.957905
-91.705436,159,415.190535
-115.094185,72,415.299749
-113.513931,45,415.369963
-116.035838,64,415.46788
-124.408399,138,415.671152
-99.535019,192,415.951326
-108.900753,36,416.008541
-114.572396,79,416.127547
-91.572953,168,416.374753
-115.174295,86,416.502987
-108.016715,36,416.560675
-111.345666,72,416.671503
-55.321908,558,417.483232
-72.076256,512,418.239013
-39.88128,744,419.306623
-97.392353,126,419.495443
-90.569497,202,419.788888
-110.614316,38,419.850102
-31.666706,723,420.888678
-96.516714,243,421.242204
-86.569908,299,421.676663
-113.037695,80,421.796794
-101.407058,287,422.211185
-117.479325,102,422.362016
-83.839216,242,422.71477
-72.630995,305,423.160143
-113.36601,58,423.248939
-119.952702,55,423.332846
-89.539108,133,423.531844
-59.755725,419,424.139605
-118.46703,69,424.244863
-109.832925,39,424.305536
-122.327043,68,424.409533
-85.259602,248,424.773084
-117.128665,59,424.862937
-119.459086,107,425.021956
-72.908713,266,425.406571
-120.312702,66,425.506925
-113.436977,46,425.578802
-24.055487,826,426.762711
-122.465992,65,426.861949
78.029258,1600,429.177128
-38.079738,707,430.187112
-123.223293,60,430.278445
-47.142564,911,431.570363
-72.346621,306,432.017758
-117.053386,52,432.099567
-33.437744,538,432.866759
-121.040026,66,432.967137
-80.598177,206,433.263548
-108.774962,151,433.483478
-112.577098,36,433.540762
-111.98744,48,433.615688
-116.863324,75,433.7274
-42.819872,430,434.341316
-67.108265,331,434.813695
-92.032404,168,435.059642
-63.273486,324,435.52616
-113.463397,41,435.592788
-109.852671,39,435.652606
-108.630741,42,435.718974
-113.170883,50,435.796486
-109.192728,40,435.859078
-87.516359,159,436.091578
-114.861193,102,436.241077
-112.876198,220,436.562812
-16.328215,1051,438.054578
-69.616365,273,438.444852
-69.164343,271,438.835691
-75.481108,251,439.201671
-117.415187,55,439.285502
-68.292341,431,439.921154
-57.969331,504,440.639801
-61.228878,415,441.234348
-119.988887,85,441.361165
-78.25637,187,441.633295
-119.269202,85,441.759418
-119.873337,58,441.84621
-64.389758,314,442.293566
-98.650187,175,442.550354
-121.845599,78,442.667726
-118.392803,71,442.774783
-119.600173,96,442.918211
-121.792667,70,443.024792
-115.665437,56,443.109952
-119.038784,79,443.228133
-108.964168,35,443.283371
-89.081117,214,443.594316
4.39287,945,444.931832
-109.615899,103,445.082827
-118.304448,68,445.185122
-69.761886,426,445.791494
-123.286108,95,445.932317
-117.860923,54,446.015255
-117.367278,67,446.115132
-54.788641,451,446.764439
-83.070626,206,447.065008
-71.937514,377,447.605844
-113.627234,45,447.676009
-116.545634,57,447.764334
-80.878764,236,448.102978
-115.860012,54,448.186052
-118.368656,153,448.407793
-108.533997,39,448.469826
-108.207744,47,448.541464
-108.660055,37,448.60065
-111.776058,75,448.717587
-107.847081,39,448.779916
-108.398451,37,448.837584
-114.454598,76,448.954373
-115.74701,68,449.060402
-104.673553,236,449.403607
-109.313766,67,449.505697
-108.949919,37,449.566102
-116.924193,87,449.695006
-113.397535,50,449.771232
-94.532187,263,450.155914
-89.878543,195,450.438893
-125.454948,173,450.688951
-124.047371,129,450.877476
5.739727,950,452.219154
-19.998405,891,453.485434
-120.963313,70,453.591445
-119.288727,85,453.718124
-121.336365,71,453.824719
-118.846632,89,453.957907
-126.866837,123,454.13865
-6.036274,920,455.44385
-113.39151,79,455.560971
-77.719975,210,455.871154
-75.335455,378,456.412424
-114.700173,55,456.496773
-115.653259,46,456.569118
-121.420366,70,456.67411
-115.708499,63,456.768704
-120.388615,61,456.860697
-77.575202,319,457.323458
-109.063478,77,457.441985
-109.073033,39,457.502533
-118.872564,146,457.71848
-108.049093,36,457.775997
-100.689506,152,457.99871
-114.095984,73,458.108491
-82.934537,305,458.55117
-123.114831,123,458.730645
-115.178991,80,458.849945
-116.822373,53,458.932369
-108.674416,43,458.999637
-106.572537,54,459.081216
-116.167321,53,459.163172
-108.396148,35,459.219335
-88.13423,226,459.552308
-115.101512,84,459.679174
-29.338264,764,460.780725
-110.749849,44,460.849258
-118.990201,70,460.960048
-108.953288,40,461.022892
-109.203345,40,461.085636
-108.202162,39,461.146233
-69.09876,360,461.668241
-115.099001,47,461.743422
-119.543612,66,461.844401
-107.547252,41,461.908844
-114.987984,48,461.985088
-109.127441,42,462.050722
166.889687,1600,464.338122
-82.647709,381,464.884009
-80.88363,318,465.345341
-79.513299,292,465.766811
-66.22312,548,466.555229
-117.414417,64,466.652468
-117.623758,63,466.745949
-115.095527,84,466.870869
-118.500783,61,466.963903
155.142405,1600,469.230899
-117.645346,69,469.334847
-114.079709,71,469.442076
-112.646998,50,469.519823
-116.295597,51,469.600091
-108.007894,43,469.66544
-76.871689,247,470.024944
-117.324051,60,470.116222
-89.874334,435,470.739815
-106.387339,100,470.889254
-59.853412,371,471.423645
-11.833077,736,472.484185
-26.537754,915,473.797269
-100.015334,308,474.244525
34.437831,1335,476.155306
-112.022171,184,476.423541
-114.782662,41,476.489601
-120.329841,71,476.596405
-108.48491,39,476.658652
-31.459542,532,477.418722
-108.221953,38,477.479121
-108.697491,39,477.538625
-33.591502,527,478.292845
-50.250996,559,479.095925
-66.205755,427,479.704613
-116.410729,82,479.827529
-115.66339,66,479.929871
-135.916603,160,480.165904
-122.344038,67,480.267072
-108.64083,43,480.334574
-120.721516,67,480.435453
-113.411919,62,480.530056
-122.039425,64,480.627267
-121.803217,86,480.754466
-113.604489,47,480.828797
-108.26774,44,480.898084
-117.325013,55,480.983214
-109.651758,91,481.118052
-98.593583,179,481.379198
-109.104306,37,481.437196
-109.16268,38,481.497261
-109.973522,45,481.567659
-112.30293,73,481.677303
-107.806864,35,481.734065
-106.59142,58,481.824154
-107.922038,44,481.894032
-107.234589,34,481.948076
-116.77078,75,482.061231
-108.14308,60,482.153268
-82.44116,163,482.394714
-116.710121,63,482.490369
-108.338929,35,482.546744
-107.999188,42,482.611827
-108.192529,43,482.679894
-114.43774,46,482.75169
-118.943795,66,482.851911
-118.300684,76,482.966926
-118.121573,63,483.063115
-115.098636,56,483.149025
-108.870811,37,483.207566
-56.659484,274,483.602696
-108.650333,41,483.66756
-77.914106,274,484.065629
-115.198325,72,484.175388
-67.78144,265,484.556807
-17.418779,817,485.72481
-71.687438,304,486.162294
-122.368586,119,486.339673
-101.818489,184,486.607177
-112.526864,58,486.696991
-112.686241,90,486.831167
-55.043096,423,487.438974
-118.906437,76,487.553166
-55.95453,481,488.246834
-118.360363,53,488.328868
-114.548404,78,488.4455
-121.3732,73,488.555702
-116.712997,64,488.652529
-105.818247,60,488.744793
-109.316777,40,488.807329
-108.083905,142,489.016081
-112.371192,39,489.078485
-110.83248,46,489.149436
-109.778959,38,489.209658
-46.649083,421,489.819006
-110.465695,172,490.069041
-113.180793,46,490.140224
-111.316251,38,490.202006
-78.734352,203,490.498655
-115.828672,44,490.566314
-79.646552,267,490.956389
-115.653233,78,491.071722
-109.536705,44,491.140878
-109.214384,53,491.223182
-79.082766,214,491.534657
-118.038764,72,491.642315
-113.834486,47,491.714752
-83.01125,276,492.119024
-112.403953,73,492.229789
-66.58488,295,492.662859
-119.935825,67,492.764909
-79.905454,206,493.067796
-102.22331,161,493.305001
-75.92396,272,493.700384
-117.596243,49,493.776515
-77.642328,239,494.130026
-119.786802,58,494.219447
-116.642332,65,494.319479
-3.792009,740,495.37765
-56.828516,550,496.180157
-116.348275,68,496.281816
-109.006575,129,496.474078
-108.086525,74,496.587409
-118.655416,64,496.684458
-116.432403,74,496.794652
13.165079,982,498.209393
-72.106029,197,498.497391
-69.169108,263,498.880804
-116.356075,51,498.959571
-111.474768,50,499.039131
-115.946043,151,499.262832
-119.877518,96,499.408964
-117.872265,84,499.535149
-78.905765,339,500.029475
42.459532,1386,502.000528
-109.474639,42,502.067264
-118.151195,58,502.155294
-115.877244,68,502.259566
-115.077587,79,502.377986
-115.673377,70,502.483738
-113.866995,43,502.550702
-108.723254,41,502.614474
-23.230844,1600,504.904763
-13.230511,1034,506.378833
-115.284273,67,506.481188
-70.663807,300,506.924345
-109.765995,70,507.030918
-109.20648,38,507.090166
-121.54395,63,507.185133
-49.60917,384,507.735023
-106.278981,168,507.978721
64.351058,938,509.317997
-92.226279,405,509.931886
-118.550304,54,510.017168
-113.838834,55,510.107792
-79.487892,189,510.38769
-79.239255,222,510.710641
-115.175379,75,510.823206
-19.790118,643,511.736309
-120.747031,79,511.854666
-117.212179,48,511.930402
-108.136376,44,511.999828
-89.88239,161,512.23727
-114.392901,53,512.318481
-117.995947,53,512.407321
-118.274688,63,512.504829
-119.401128,51,512.583393
-108.593406,42,512.647868
-109.141326,39,512.709961
-114.90199,50,512.788092
-115.57389,81,512.90924
-93.386819,154,513.136583
-108.754872,35,513.192257
-107.819313,35,513.248053
-92.288265,178,513.508732
-103.662314,111,513.674586
-107.728333,65,513.774114
-93.373838,176,514.034358
-107.66774,32,514.085391
-104.293187,62,514.181406
-108.127938,38,514.240262
-107.677776,36,514.298673
-112.328411,178,514.562712
-105.026708,168,514.810171
-109.444934,92,514.946992
-108.837639,47,515.021137
-107.967098,36,515.078974
-108.196616,43,515.146248
-112.411937,37,515.206891
-108.78244,39,515.268097
-110.162801,94,515.409594
-107.781742,40,515.472428
-108.759766,186,515.751851
-102.36328,84,515.878044
-104.722706,191,516.157127
-88.203777,199,516.447188
-116.25633,70,516.553819
-116.584917,141,516.764299
-109.888403,49,516.839208
-114.251565,65,516.938333
-107.833559,36,516.997131
-108.548931,41,517.061215
-106.411531,67,517.162948
-91.643303,212,517.473076
-101.913249,197,517.762223
-119.864024,62,517.856466
-64.95803,260,518.233031
-108.94628,47,518.307741
-107.028863,123,518.487319
-113.958408,47,518.56149
-107.758486,39,518.623049
-107.914034,35,518.679135
-107.519409,167,518.922084
-114.222159,49,519.000568
-107.295632,48,519.074325
-19.523517,555,519.880698
-112.211359,60,519.972503
-111.770213,74,520.085611
-108.270291,42,520.152657
-117.357018,57,520.241884
-109.442922,44,520.315905
-117.305111,84,520.445597
-108.597535,37,520.517019
-106.920603,101,520.673869
-112.794513,73,520.788573
-107.90009,40,520.855693
-120.338999,69,520.964569
-121.525806,66,521.068741
-76.828979,189,521.385209
-114.531496,54,521.483853
-108.294407,36,521.545666
-76.225233,251,521.924654
-102.983904,186,522.201431
-43.272424,480,522.890936
-67.831415,208,523.194371
-78.898377,208,523.500387
-107.931344,36,523.558051
-108.83534,42,523.624533
-75.303208,162,523.862554
-109.253032,117,524.036963
-107.351255,41,524.101681
-108.323212,63,524.196589
-122.593487,63,524.292858
-107.750765,35,524.348681
-107.177123,43,524.416662
-107.448743,61,524.509209
-108.213734,53,524.589006
-107.54074,38,524.649845
-115.790518,134,524.852074
-98.128861,178,525.115657
-108.10309,45,525.185315
-109.180943,46,525.258493
-108.108567,43,525.32459
-105.293052,105,525.48037
-106.824972,138,525.682807
-66.907702,222,526.00707
-112.068861,58,526.096675
-107.455906,31,526.146915
-108.872904,74,526.258238
-108.229953,43,526.32354
-100.620887,158,526.554954
-84.627487,176,526.81143
-107.74087,35,526.867735
-109.184055,47,526.943121
-107.841242,40,527.005823
-99.86212,92,527.142026
-107.583429,34,527.197094
-109.562244,38,527.25559
-105.600449,54,527.338412
-89.249635,258,527.71486
-116.561864,78,527.831199
-82.472432,165,528.074838
-112.09595,50,528.152976
-108.842191,38,528.213522
-104.151886,67,528.313891
-107.208377,37,528.373891
-105.547937,52,528.453444
-108.352366,35,528.508653
-115.986854,54,528.591367
-117.460569,85,528.717755
-107.284186,52,528.797247
-110.917716,136,529.001414
-116.583765,70,529.10783
-103.61358,122,529.290363
-107.212245,31,529.341324
-113.515419,110,529.505831
-107.63505,49,529.581924
-108.080397,43,529.649311
-104.795877,125,529.834124
-107.743802,35,529.890052
-108.106963,40,529.954222
-105.330906,72,530.062395
-107.201406,31,530.112151
-103.550083,61,530.20626
-108.010027,51,530.285933
-111.058752,63,530.380681
-109.768224,49,530.456343
-115.682363,62,530.549376
-109.18825,40,530.611519
-108.241003,46,530.684449
-111.077263,56,530.770573
-111.865797,45,530.840522
-109.650596,54,530.923945
-114.943633,61,531.016966
-112.256614,78,531.132631
-110.469437,49,531.20986
-107.85455,109,531.37289
-103.516713,130,531.567453
-109.988451,49,531.643546
-100.683847,169,531.893176
-113.453592,50,531.970139
-111.428736,60,532.06113
-110.849303,50,532.137558
-113.786647,126,532.333049
-109.536315,58,532.421931
-106.444055,47,532.496023
-105.584161,57,532.582868
-110.134558,68,532.688171
-113.587439,37,532.746915
-110.716811,77,532.865327
-108.706103,32,532.916439
-112.549135,61,533.009796
-110.728435,42,533.07694
-110.792285,46,533.148275
-110.75324,55,533.233305
-113.846909,53,533.313729
-104.816226,76,533.432336
-115.329203,48,533.505099
-110.291148,98,533.65307
-106.429789,85,533.780791
-115.619372,111,533.947221
-107.101704,56,534.031367
-112.255471,70,534.137384
-107.661578,58,534.22652
-105.922876,85,534.355627
-115.063014,44,534.424385
-102.820835,85,534.552374
-112.531098,45,534.621484
-103.407848,101,534.772758
-119.167888,231,535.116024
-101.864066,108,535.279609
-117.066777,258,535.656653
-121.217827,181,535.924799
-148.785647,1014,537.38633
-107.109263,31,537.437183
-108.661159,52,537.519031
-124.406199,543,538.307596
-110.041586,60,538.400586
-106.830035,87,538.532106
-108.971077,35,538.587599
-103.793302,124,538.770777
-114.019049,70,538.876906
-106.179452,120,539.056551
-105.448779,122,539.257608
-108.740715,65,539.36725
-102.505845,90,539.505116
-110.843937,264,539.889456
-113.387439,45,539.959959
-107.962685,50,540.037404
-112.733741,124,540.224353
-121.469616,147,540.442824
-105.732072,81,540.565331
-116.322878,294,541.001015
-104.571955,77,541.118101
-108.105899,70,541.224522
-55.315027,469,541.905597
-111.035045,60,541.997198
-106.523976,38,542.058511
-80.274181,245,542.414585
-119.793476,72,542.522058
-74.90855,233,542.858148
-101.229998,132,543.051518
-107.103678,44,543.120232
-109.369505,83,543.245472
-57.349398,450,543.887384
-108.816362,34,543.94103
-88.872964,197,544.227946
-111.457932,61,544.320405
-116.689801,49,544.396213
-111.829393,60,544.487555
-37.901413,640,545.398756
-48.948755,460,546.065406
-118.252894,71,546.172146
-62.695498,332,546.653723
-58.829126,276,547.055636
-107.921936,45,547.126623
-110.445497,88,547.259752
-111.226642,96,547.408115
-105.255967,100,547.555843
-108.318991,48,547.632746
-122.210463,64,547.730461
-102.507263,130,547.922734
-115.856475,48,547.997411
-118.98899,53,548.079675
-114.338886,54,548.164095
-109.105902,47,548.236742
-106.63933,67,548.340202
-114.927467,82,548.462835
-98.849451,145,548.676331
-107.473874,54,548.759404
-75.623975,176,549.017836
-103.166049,107,549.176331
-108.286239,41,549.24239
-107.654337,31,549.292778
-85.489013,137,549.496334
-84.643375,178,549.758795
-105.863622,64,549.858483
-117.161927,118,550.033016
-96.121378,223,550.357905
-108.039442,92,550.495926
-95.411541,105,550.65493
-81.424579,211,550.960967
-108.813035,37,551.020579
-76.875208,201,551.311072
-85.255526,137,551.512442
-116.475446,99,551.659436
-82.18917,140,551.863151
-108.292269,43,551.930053
-110.427158,74,552.042306
-100.829342,99,552.187523
-74.364583,222,552.510802
-91.69381,151,552.734077
-108.096551,40,552.79792
-108.310339,68,552.903972
-106.392223,148,553.123785
-114.609004,63,553.220944
-87.134897,143,553.43118
-70.082501,188,553.706877
-85.786648,243,554.060684
-110.407313,83,554.184997
-105.339639,165,554.42469
-110.163084,70,554.531671
-107.730439,34,554.587032
-96.600796,121,554.764101
-107.578452,39,554.826101
-109.100772,163,555.064394
-64.443106,311,555.513552
-62.03657,332,555.993886
-66.709279,295,556.419875
-57.741012,334,556.905542
-106.812351,33,556.960681
-108.448717,97,557.10598
-89.528254,244,557.459363
-114.577934,80,557.580327
-93.655188,238,557.923913
-123.672845,152,558.167138
-74.155888,408,558.759555
-94.893365,148,558.980051
-80.521593,263,559.362567
-103.793108,213,559.678277
-91.664478,333,560.160789
-104.077895,58,560.249913
-117.417282,91,560.387618
-72.723546,288,560.805292
-57.54624,426,561.41852
-108.911023,41,561.485083
-68.864933,249,561.844607
-83.398687,191,562.125771
-104.846161,129,562.315706
-96.693715,245,562.674556
-113.800523,76,562.79142
-103.115779,247,563.149492
-113.079298,63,563.246629
-108.060071,34,563.299706
-106.954239,151,563.525184
-108.152338,35,563.581277
-107.162919,31,563.631334
-108.40892,39,563.692593
-77.480206,253,564.059476
-51.956932,426,564.674063
-109.293629,32,564.727312
-107.950211,38,564.786838
-88.993797,154,565.015568
-109.706967,56,565.101813
-120.267274,321,565.573442
-98.114953,270,565.967573
-106.803185,70,566.0742
-70.269316,263,566.452538
-89.540589,173,566.709022
-113.85552,79,566.828389
-100.719183,148,567.056392
-103.559201,74,567.169669
-105.74094,93,567.310381
-109.666018,68,567.413475
-110.282075,56,567.499182
-101.904251,151,567.724564
-116.455889,115,567.942592
-111.84675,72,568.092826
-117.231526,158,568.406589
-107.037284,30,568.473701
-98.807358,106,568.686236
-108.532505,57,568.774317
-106.492012,106,568.933874
-103.02896,81,569.059628
-102.2588,180,569.324637
-100.695886,159,569.560053
-111.580671,132,569.756917
-111.642722,66,569.859209
-116.745998,111,570.024845
-98.531893,110,570.189813
-112.765232,64,570.288197
-109.610572,142,570.500154
-101.121142,101,570.653259
-112.22721,50,570.730673
-76.17954,263,571.11355
-80.716843,225,571.444269
-109.029498,83,571.573144
-112.318375,59,571.664951
-105.717758,188,571.9378
-71.094246,404,572.52619
-101.65648,107,572.684403
-72.749945,352,573.190531
-113.931016,70,573.295704
-102.742837,69,573.400645
-91.790019,290,573.817986
-112.946842,80,573.942437
-73.642229,442,574.574021
-98.277691,332,575.051112
-107.833909,39,575.112719
-109.004795,37,575.172394
-114.08393,53,575.25208
-69.812872,388,575.816189
-0.82912,921,577.12721
-99.654177,247,577.502648
-104.103339,136,577.70675
-114.994046,70,577.812423
-109.637241,102,577.964055
-61.285508,348,578.468865
-6.436936,1091,580.026149
-77.008216,475,580.712309
-95.934709,127,580.9011
-104.857033,54,580.98467
-114.517573,73,581.094989
-107.211323,82,581.217036
-84.772267,225,581.544131
-103.739261,241,581.892792
-124.333143,120,582.06893
-78.611948,341,582.56481
-22.832306,821,583.811001
-112.528485,91,583.955845
-62.024985,430,584.614776
-69.27957,318,585.069914
-58.258926,381,585.615601
-81.628225,296,586.038393
-72.663468,259,586.408716
-29.349175,540,587.180665
-73.225438,286,587.58906
-91.475819,302,588.023746
-102.652405,155,588.249531
-72.854247,300,588.682011
-69.069717,283,589.089861
-111.809541,74,589.202002
-85.915628,281,589.60676
-69.106661,253,589.968282
-108.251992,38,590.029439
-102.632443,158,590.263071
-107.976414,101,590.411761
-103.141267,162,590.646692
-116.067148,46,590.718041
-60.518038,385,591.270145
-110.704139,232,591.608342
-71.538277,323,592.067799
-109.602866,56,592.15515
-100.48812,230,592.499676
-85.597809,173,592.750141
-108.091924,190,593.03084
-82.522825,265,593.414234
-107.767966,36,593.471238
-84.382912,317,593.93322
-75.272221,251,594.29417
-73.860563,269,594.681404
-111.897005,74,594.793755
-116.816396,93,594.929734
-108.166076,40,594.993102
-93.734039,161,595.227622
-64.551881,491,595.932391
-85.261891,150,596.148827
-76.89683,250,596.508782
-102.761317,179,596.772672
-108.773214,46,596.848213
7.44986,892,598.111526
-107.6062,34,598.166028
-117.921535,54,598.248246
-64.287785,566,599.065662
-111.828335,87,599.194347
-89.972733,369,599.724258
-106.823379,31,599.774109
-106.190698,58,599.863544
-60.050376,409,600.448989
-81.615886,237,600.789245
-33.26502,612,601.663724
-57.595148,264,602.04217
-108.090151,36,602.098287
-62.931821,323,602.562453
-114.000138,52,602.640817
-79.20405,282,603.049078
-70.747019,359,603.562274
-114.754959,67,603.661645
5.066759,1006,605.090599
-113.602304,69,605.194208
-83.000671,164,605.433747
-104.048773,62,605.527396
-89.913728,342,606.017734
-103.757252,64,606.112681
-112.119713,73,606.222016
-83.593714,168,606.46707
-106.86036,150,606.689067
-79.301022,167,606.933669
-72.026573,301,607.366827
-119.762099,96,607.508341
-115.201575,72,607.617164
-114.918907,75,607.72915
-91.62935,255,608.098104
-101.079806,152,608.319949
-104.25061,71,608.427255
-79.042658,215,608.736851
-47.193534,537,609.507913
-131.200727,217,609.818727
-103.183455,119,609.993298
2.560674,716,611.009869
-71.07044,541,611.790913
-119.367076,55,611.874902
-100.264382,215,612.185427
-13.740984,763,613.274132
-53.932516,372,613.808131
-65.877096,280,614.21035
-105.774906,66,614.310866
-109.243875,36,614.367284
-108.063053,117,614.538687
-54.727974,272,614.933144
-102.86032,53,615.01391
-58.071543,358,615.529363
-79.37329,143,615.735862
-87.258924,155,615.962651
-86.791394,144,616.171667
-98.824582,202,616.463789
-93.764724,108,616.620982
-63.638457,263,617.001987
-30.546892,460,617.657329
-75.499081,264,618.036335
-110.486236,143,618.245542
-101.171742,84,618.373684
-112.621205,88,618.505772
-50.255808,454,619.154977
-110.594438,38,619.214806
-79.110386,223,619.538111
-81.060015,221,619.856524
-59.707945,327,620.325755
-60.876607,337,620.810203
-24.175821,700,621.807357
-83.010651,233,622.142322
-70.720907,434,622.7611
-1.128714,680,623.726242
-116.268951,78,623.842865
-108.906147,129,624.031224
32.732904,1087,625.584431
-82.679831,215,625.897856
-107.249958,69,626.002784
-94.275933,134,626.195961
-65.742543,347,626.692926
-121.540256,104,626.847452
-48.266147,418,627.452937
-72.011408,443,628.097656
-61.84457,509,628.824557
-106.097007,184,629.097634
-78.532898,328,629.57335
-72.45149,250,629.935823
-93.182428,121,630.120855
-69.370382,272,630.517708
-97.517776,199,630.826135
-89.621865,155,631.062706
-115.193387,162,631.303163
-115.391054,65,631.401252
-100.387162,177,631.658306
-81.749863,478,632.34825
-90.2999,228,632.677312
-107.356905,111,632.843142
-67.911901,245,633.195822
0.557373,661,634.141153
-48.81001,324,634.608491
-109.641848,94,634.748585
-108.839243,68,634.853119
-104.780725,90,634.989081
-53.140059,582,635.826019
-73.452338,345,636.32371
-83.476096,170,636.573212
52.461164,1586,638.848983
-91.453882,336,639.340718
-64.311335,458,640.010158
-75.990786,222,640.33739
-54.239116,342,640.829521
-48.442202,450,641.488952
-97.818614,197,641.77919
-118.721528,92,641.914842
-61.648269,331,642.397194
-18.252863,650,643.329473
-108.492373,59,643.42032
-75.754088,220,643.740147
-118.283751,90,643.874395
-26.712028,522,644.625945
-60.310654,260,645.003269
-24.714479,783,646.127385
-102.572087,74,646.241508
-29.683461,782,647.362133
-107.602962,53,647.444282
-122.675797,112,647.610213
-60.143994,256,647.983028
-122.78924,66,648.083712
-104.85259,79,648.201975
-108.283019,64,648.301084
-103.371412,106,648.45885
-58.481595,271,648.850473
-51.986279,324,649.316298
-111.205465,81,649.4394
-64.735418,223,649.757467
-107.830574,34,649.811736
-69.613763,230,650.144765
-107.001558,71,650.251118
-119.726756,121,650.428672
-66.105128,242,650.783315
-114.372069,102,650.934038
-112.483814,95,651.076735
-118.351671,58,651.165606
-88.54294,139,651.368052
17.035415,700,652.382852
-108.433859,52,652.462966
-68.04155,299,652.893829
-91.580782,318,653.350799
-84.579995,221,653.671627
-69.993238,426,654.27977
-57.169924,351,654.784507
-118.443083,58,654.873161
-46.668769,516,655.616352
-60.079419,459,656.276047
-103.475509,68,656.377744
-86.549251,129,656.566227
-93.231571,141,656.778477
-31.893272,444,657.416869
-110.093589,82,657.537822
-107.761764,35,657.592805
-115.663707,86,657.720872
-64.811941,511,658.4464
-105.161459,134,658.643602
-70.199989,282,659.048314
-63.029525,361,659.584388
-107.575443,36,659.640872
-105.975759,107,659.798292
-120.496831,76,659.911771
-108.904777,164,660.153582
-123.010107,91,660.289948
-72.846638,212,660.596611
-78.448794,166,660.839118
-84.40946,532,661.611263
-73.118236,285,662.020786
-57.056762,308,662.46241
-96.135118,164,662.701147
-42.944217,340,663.195473
-46.235173,333,663.681088
-90.700416,178,663.941466
-104.066174,93,664.079873
-113.626957,82,664.205063
-114.320264,76,664.31869
-114.374825,98,664.462624
-111.760885,130,664.652124
-73.289382,196,664.939508
-111.954476,42,665.005018
-115.27754,44,665.073985
-103.63085,60,665.165392
-88.642648,248,665.522689
-109.493128,45,665.592647
-104.801472,66,665.695773
-75.247916,326,666.165565
-64.963199,287,666.578148
-72.757129,224,666.902393
-108.76465,65,667.001547
-79.08101,525,667.762527
-111.310077,75,667.87689
-84.244669,214,668.187706
-67.989881,228,668.516543
-75.26464,262,668.89827
-104.19246,230,669.229211
-107.895688,35,669.284853
-71.83099,180,669.549187
-107.713452,56,669.635704
-109.46794,77,669.75074
-101.002383,132,669.946013
-64.765898,312,670.394963
-79.264992,268,670.786749
-76.064546,231,671.121345
-117.632066,91,671.256535
-109.155546,281,671.668532
-110.697427,95,671.809614
-109.295403,62,671.90501
-117.450321,68,672.006806
-100.079241,102,672.16097
-108.640465,58,672.249515
-106.77784,80,672.372217
-96.098328,170,672.61923
-113.545625,81,672.742394
-104.040461,69,672.84566
-47.197834,546,673.628138
-106.953816,42,673.692844
-94.230785,220,674.013725
-82.914811,356,674.526676
-87.95454,205,674.823182
-108.032145,34,674.877701
-78.400895,305,675.317856
-115.813717,76,675.432821
-115.401762,72,675.542514
-111.436347,73,675.652511
-96.803957,105,675.808659
-105.83523,65,675.907066
-91.134158,453,676.563887
-119.761589,54,676.647628
-84.309512,249,677.009005
-107.36308,58,677.099018
-88.782496,153,677.322945
-67.977014,306,677.760554
-117.958043,128,677.948163
-64.309151,210,678.253844
-110.562807,83,678.378572
-101.926129,66,678.478415
-111.902577,95,678.617854
-93.583441,148,678.835157
-76.771589,327,679.305527
-112.109801,69,679.410257
-109.665842,71,679.51793
-114.722714,101,679.66671
-108.471878,50,679.745118
-94.387318,272,680.138463
-77.25543,270,680.531389
-66.789503,246,680.886307
-107.862786,34,680.940793
-68.108891,330,681.415611
-109.558065,58,681.502168
-90.767002,146,681.717975
-44.81016,370,682.245566
-81.428245,202,682.538131
-45.94968,444,683.174094
-113.720747,77,683.28857
-62.609868,356,683.793584
-107.878247,39,683.855214
-108.543133,41,683.919064
-24.380658,488,684.620482
-49.506421,409,685.208908
-97.5803,203,685.502091
-81.238767,173,685.753648
-111.461066,55,685.837802
-22.397496,680,686.816333
-64.355563,228,687.143034
-119.162695,154,687.365503
-104.71477,175,687.622048
-49.540765,667,688.577942
-21.135195,527,689.334196
-113.354387,81,689.455794
20.614304,889,690.724417
-47.095975,488,691.423721
-39.987289,777,692.538938
-100.242369,110,692.702095
-108.088371,45,692.771858
-116.576487,44,692.841
-76.051881,209,693.144374
-103.325622,96,693.284909
-83.227214,151,693.504405
-116.662045,78,693.620572
-108.139689,35,693.676031
-105.785345,46,693.746736
-53.993365,499,694.468811
-54.080741,363,694.988818
-54.81111,307,695.4333
-107.571008,45,695.503456
-100.673463,411,696.104749
-107.900857,40,696.16778
-100.881662,129,696.365562
-107.416612,66,696.476762
-67.549879,440,697.19232
-32.187172,721,698.347495
-108.467153,43,698.417717
-53.908387,279,698.861618
-59.264197,732,700.156924
-99.859708,237,700.564932
-116.766987,50,700.642086
-117.452451,105,700.800098
-95.17023,148,701.020178
-79.990962,202,701.326088
-100.225434,255,701.696542
-107.311881,47,701.770533
-108.547476,40,701.834531
-31.250105,571,702.658956
-58.333298,333,703.140866
25.91983,914,704.461621
-113.889964,43,704.529818
-80.679868,224,704.855245
-104.599682,75,704.968076
-78.411759,226,705.305706
-107.618457,43,705.373748
-43.095065,351,705.877477
-78.175358,193,706.155693
-87.059499,111,706.32299
-118.747348,150,706.543858
-106.276486,42,706.609169
-57.446223,271,707.021699
-53.705113,366,707.563232
-105.439244,46,707.640122
-101.712649,166,707.892278
-76.971304,236,708.250242
-105.472632,64,708.349437
-33.269942,415,709.002322
-78.59177,296,709.46502
-42.008673,364,709.998988
-77.943388,226,710.333994
-108.403264,35,710.389361
-110.214482,80,710.510455
-78.336172,234,710.855329
-80.420132,167,711.103658
-91.136922,237,711.453017
-36.915638,571,712.279683
-43.027475,446,712.936378
-130.256754,115,713.106891
-109.952023,70,713.215815
-88.595085,200,713.509029
-63.787304,231,713.847257
-74.148834,457,714.540139
-124.74038,98,714.692815
30.460071,949,716.061558
-106.660037,37,716.121246
-91.244978,135,716.320797
-75.561674,230,716.659638
-106.525919,62,716.765059
-79.808504,205,717.063172
-95.988839,125,717.250061
-18.182125,585,718.089192
-83.084175,156,718.319229
-55.036484,363,718.852491
-51.05504,301,719.291646
-114.784503,75,719.404202
-58.963611,280,719.813503
-102.89656,92,719.953522
-4.906291,776,721.090052
-100.300113,109,721.25313
-27.471939,551,722.043936
-106.952187,74,722.154317
-117.329365,71,722.262748
-39.900165,475,722.949879
-83.697145,181,723.215585
-109.263695,70,723.323205
-108.109121,56,723.410806
-103.246164,133,723.605268
-103.627353,66,723.705312
-83.047026,148,723.923269
-108.606731,58,724.013102
-114.251818,97,724.155173
-101.386706,95,724.308709
0.598942,699,725.315987
-105.497998,55,725.400127
-106.065606,79,725.518903
-109.441474,63,725.614117
-118.058459,142,725.824747
-15.321622,567,726.63095
-108.171584,68,726.735679
-106.600325,58,726.823218
-112.017939,107,726.982038
-109.619183,71,727.088473
-105.500679,167,727.338936
-105.538959,63,727.43828
-116.74642,105,727.593007
-102.148371,72,727.700698
-106.636159,76,727.818251
-102.947419,111,727.984113
-124.391587,114,728.155291
-100.293943,78,728.274651
-91.91107,147,728.491683
-83.501368,263,728.874735
-108.382589,87,729.006661
-109.863643,113,729.175968
-98.086277,83,729.303062
-109.330429,54,729.386733
-105.925782,41,729.451168
-109.153211,53,729.532494
-105.635101,43,729.601333
-116.993785,69,729.707611
-101.324143,204,730.005769
-114.73115,62,730.101941
-84.911787,272,730.491853
-106.162454,67,730.594988
-95.353213,118,730.769166
-47.36918,309,731.215755
-108.565754,87,731.346993
-107.850019,73,731.458078
-113.289907,80,731.578782
-78.613773,160,731.814912
-105.080205,90,731.948485
-86.768673,225,732.276994
-54.544772,464,732.948445
-111.895332,64,733.052166
-72.290565,300,733.487139
-109.342195,76,733.60576
-106.006702,68,733.709648
-105.424162,64,733.807588
-106.138014,183,734.089918
-113.114663,64,734.189375
-84.692372,176,734.449051
-119.673377,80,734.572429
-111.626614,63,734.669746
-107.235248,71,734.778131
-114.481025,70,734.884515
-97.476945,132,735.078912
-117.2901,78,735.199419
-104.843601,61,735.295486
-107.373014,120,735.472534
-107.797445,69,735.578171
-93.271978,256,735.954245
-103.493841,66,736.05596
-71.347287,254,736.431788
-71.247903,182,736.695304
-106.087318,57,736.784498
-107.918236,83,736.912117
-112.580407,75,737.025596
-115.641274,85,737.152267
-88.726758,288,737.580453
-69.505578,347,738.084329
-109.057927,49,738.160403
-120.300198,80,738.279525
-108.356172,63,738.37615
-106.36373,60,738.46958
-115.184976,66,738.569412
-88.538305,206,738.873315
-113.348065,81,738.994271
-109.880943,65,739.094842
-115.630069,74,739.209081
-93.886096,126,739.395802
-121.550253,71,739.506331
-111.576336,48,739.579658
-95.058259,115,739.753698
-112.609067,69,739.8584
-112.324472,59,739.949176
-108.056052,72,740.05651
-106.854218,73,740.1733
-113.656843,56,740.260755
-116.160905,68,740.364615
-115.287135,108,740.525268
-108.350891,158,740.758766
-113.629748,61,740.853239
-117.142448,77,740.969689
-104.910557,62,741.066993
-47.914056,487,741.766712
-61.34348,478,742.480653
-118.004586,115,742.655056
-103.399487,68,742.75856
-93.873168,238,743.107629
-113.985738,74,743.220171
-112.987299,51,743.29842
-102.78741,60,743.391282
-15.553569,532,744.159138
-122.94955,116,744.335762
-102.101175,111,744.498286
-112.648602,93,744.721797
-78.168731,230,745.084651
-109.194078,59,745.17969
-95.526846,117,745.3667
-101.814913,58,745.464007
-108.256322,57,745.559515
-107.86724,50,745.640176
-98.824584,135,745.849913
-114.9693,66,745.951849
-91.883469,208,746.264709
-73.851742,268,746.658079
-93.582649,199,746.965593
-112.405473,71,747.075226
-112.276318,175,747.336137
-121.659457,278,747.750168
-38.427813,615,748.638853
-106.633032,62,748.733817
-107.536996,58,748.822896
-120.064648,62,748.917198
-96.147902,198,749.208594
-103.038604,64,749.305088
-97.761585,110,749.469867
-111.339192,73,749.584264
-105.806175,87,749.715955
-111.588496,52,749.79824
-107.225949,32,749.851188
-115.228194,65,749.952755
-107.133231,58,750.043375
-103.05562,72,750.152614
-113.726596,80,750.275016
-111.769157,59,750.365818
-111.053077,70,750.472265
-115.3578,65,750.572086
-105.245119,81,750.694038
-113.22932,105,750.853007
-108.592603,54,750.936751
-101.461412,68,751.041701
-114.008588,70,751.147379
-104.203071,76,751.263877
-105.011169,70,751.370859
-99.510947,65,751.472207
-95.638542,117,751.645801
-104.38241,80,751.766712
-105.154568,75,751.883644
-96.528645,113,752.05407
-99.063992,69,752.161179
-107.187193,55,752.247344
-114.002003,60,752.339774
-88.157025,193,752.622486
-106.657867,49,752.700405
-111.768221,60,752.79421
-111.867122,58,752.884698
-108.60572,127,753.075152
-113.269413,65,753.174571
-114.007363,80,753.296274
-108.38854,53,753.378668
-115.205167,63,753.47485
-111.657418,72,753.584939
-111.686246,60,753.677367
-98.534874,118,753.853289
-111.715448,102,754.007617
-99.595842,79,754.127148
-117.273697,70,754.233486
-113.290104,96,754.37899
-119.050977,89,754.512746
-108.572153,79,754.633864
-89.643408,313,755.092298
-116.396844,68,755.195831
-116.91579,68,755.299202
-116.326646,55,755.38369
-113.808617,66,755.483838
-99.921441,148,755.70571
-108.299956,62,755.801652
-99.284544,171,756.053885
-110.646002,61,756.148286
-99.986242,126,756.336034
-106.143594,67,756.437951
-87.472835,234,756.779181
-105.408622,58,756.868982
-111.475998,72,756.976889
-97.149204,151,757.204126
-105.374967,79,757.325307
-91.780696,340,757.819109
-103.158651,114,757.989552
-108.650774,60,758.090422
-118.662706,115,758.262131
-117.493404,79,758.38223
-109.906025,67,758.485028
-91.915125,130,758.687755
-106.055765,42,758.753795
-110.06891,225,759.080528
-109.281838,236,759.431834
-116.38744,75,759.547468
-126.034272,697,760.574012
-116.658471,75,760.687916
-63.509254,358,761.210919
-117.69884,295,761.646653
-97.266048,235,761.998487
-98.503327,160,762.240827
-104.916825,112,762.411253
-118.947134,70,762.517627
-83.102037,239,762.912113
-75.943299,324,763.553315
-108.710301,91,763.720718
-81.485039,411,764.333374
-101.245466,60,764.429756
-73.914176,391,764.997183
-112.017487,65,765.095701
-98.67088,148,765.315613
-106.066318,63,765.413333
-113.278457,53,765.496006
-98.613787,81,765.620184
-114.76831,56,765.705045
-116.829161,71,765.812846
-109.312816,92,765.948566
-94.719914,105,766.107454
-117.294073,60,766.198753
-100.788507,75,766.312617
-112.641696,71,766.42086
-104.998344,112,766.586699
-105.364138,49,766.663123
-117.21669,97,766.807283
-90.965269,183,767.074491
-101.563337,198,767.365462
-111.601722,58,767.454925
-120.529588,71,767.561152
-100.220914,86,767.691008
-104.688717,45,767.762391
-107.536437,69,767.869145
-100.507184,147,768.08519
-109.334711,81,768.206807
-108.453889,81,768.333369
-110.742182,102,768.488639
-117.025321,66,768.588899
-48.193195,505,769.311311
-125.831113,106,769.467942
-114.245192,61,769.563963
-122.496957,105,769.719144
-97.050631,116,769.888508
-110.060424,81,770.010528
-115.282938,74,770.124891
-113.010029,91,770.262472
-83.3275,447,770.914482
-104.293662,77,771.032331
-118.895922,108,771.193259
-83.694075,361,771.716158
-143.321049,212,772.027793
-104.92782,768,773.155913
-114.729409,66,773.256006
-15.559319,1428,775.302809
-70.615773,566,776.117835
-113.518299,83,776.243126
-96.723857,205,776.556683
-119.271621,127,776.753945
-99.224528,64,776.852027
-120.687853,81,776.975692
-122.713642,75,777.090826
-101.233483,72,777.201024
-79.847579,340,777.695511
-57.596878,1552,779.923174
-105.977538,56,780.010561
-110.199817,779,781.141551
-100.70432,87,781.274091
-109.104158,65,781.373483
-99.776891,97,781.519714
-103.102351,68,781.623424
-102.255787,56,781.709781
-100.570797,60,781.802186
-59.804262,840,783.029838
-115.696897,393,783.602615
-106.958741,100,783.751272
-74.914249,817,784.937581
-51.604804,420,785.546587
-111.951616,70,785.652863
-69.811065,348,786.152298
-78.955951,464,786.828116
-73.334083,418,787.436578
-117.592458,184,787.703192
-105.914373,173,787.953903
-55.159031,414,788.561033
-82.826272,257,788.938383
-99.153728,115,789.110312
-105.079895,70,789.215866
-98.017468,150,789.439559
-101.866287,63,789.535729
-106.235968,55,789.622458
-115.564156,66,789.722926
-120.511843,87,789.854254
-5.487594,469,790.533538
-119.888048,69,790.636506
-122.280403,99,790.794101
-106.181957,184,791.088566
-87.048291,318,791.59518
9.054895,796,792.880623
-101.531647,67,792.99759
-103.521023,88,793.141587
-68.093352,367,793.711442
-85.630985,291,794.309838
-115.103689,117,794.541065
-44.534317,326,795.06355
-122.89574,64,795.160992
-103.144939,73,795.272533
-83.192419,296,795.750385
-57.507785,325,796.267666
-98.524539,140,796.492563
-104.570776,62,796.595869
-84.317206,190,796.905008
-102.928702,74,797.035489
-115.14053,70,797.173386
-106.475301,83,797.307671
-107.984816,61,797.414876
-82.409176,418,798.05211
-101.190212,95,798.196742
-79.123359,201,798.501079
-80.996834,278,798.909203
