#{"t_start": 1574328518.997621, "env_id": "LunarLanderContinuous-v2"}
r,l,t
-307.95442,98,0.865481
-331.935958,122,1.251009
-304.483719,161,1.45585
32.139582,101,1.585649
-377.670991,80,1.690627
-360.538694,98,1.813693
-234.052068,95,1.944565
-63.871985,147,2.162597
-62.105996,137,2.326481
-242.088376,98,2.428931
-296.49964,96,2.551465
-114.23105,115,2.698646
-244.86252,134,2.870411
-109.035925,98,2.994829
-52.841465,80,3.070759
-255.948773,126,3.228958
-283.62833,79,3.335107
-33.136952,138,3.507786
-205.03407,97,3.634937
-85.743158,90,3.75255
-274.459287,90,3.838515
-418.184181,161,4.071674
-433.945605,127,4.236427
-94.262439,185,4.478784
-51.550513,69,4.574199
-41.350542,82,4.653378
-359.943765,125,4.810616
-485.73844,166,5.020867
-62.793721,95,5.141136
-219.858299,129,5.303498
-265.873154,120,5.46101
-47.801325,88,5.582668
-78.080622,114,5.733043
-215.729761,162,5.949193
-181.509691,119,6.101565
-544.690825,175,6.320763
-85.410446,88,6.441829
-181.476431,93,6.563659
21.257923,1000,9.729089
-70.096917,79,9.820568
-84.622753,102,9.962938
-46.499661,75,10.065448
-73.986297,154,10.253092
-78.426896,117,10.40148
-339.858093,103,10.498348
-156.567683,117,10.641662
-342.198447,122,10.791669
-259.397595,83,10.911333
-262.616566,108,11.045042
-106.018478,112,11.183885
-93.723971,85,11.264984
-82.518495,104,11.406391
-63.202593,82,11.514924
-106.220736,68,11.578404
-45.778277,171,11.819563
-225.613951,175,12.049466
-200.63536,98,12.176301
-89.645257,96,12.298912
-57.770762,110,12.416677
-504.450288,128,12.584607
-395.631256,141,12.761772
-439.016744,173,13.008876
-112.740137,89,13.122878
-75.077563,112,13.232662
-52.141359,90,13.347383
-75.647565,71,13.457242
-42.019108,99,13.549967
-224.993208,118,13.69452
-37.916507,123,13.847661
-265.501977,86,13.967051
-65.00946,138,14.137412
-19.508992,70,14.233833
-271.198652,123,14.390605
-259.518894,142,14.56227
-113.402116,145,14.741337
-86.906619,98,14.87122
-346.330848,162,15.070936
-274.580301,125,15.226483
-42.304652,80,15.303359
-248.224408,96,15.43539
-102.12476,109,15.571095
-91.898937,78,15.677235
-27.088096,89,15.761363
-252.976798,90,15.888138
-292.520507,92,16.009219
-123.062163,116,16.153432
-97.568187,137,16.345389
-105.043002,111,16.490044
-70.489272,93,16.579177
-329.684907,127,16.734416
-101.56839,65,16.823547
-262.123062,172,17.037049
-269.694846,129,17.209122
-202.852167,130,17.488199
-86.540019,77,17.617504
-244.366719,197,17.883857
-127.59433,81,17.996293
-255.536482,107,18.161982
-15.568512,96,18.333921
-104.782816,144,18.522487
-86.092921,156,18.728362
-94.451479,127,18.947514
-83.425519,171,19.167234
-340.947584,91,19.29633
-79.655426,106,19.43847
-43.997018,86,19.524093
-10.568144,75,19.632548
-54.128794,74,19.739926
-87.983285,167,19.962938
-381.006115,140,20.144185
-301.421997,112,20.28762
-98.277303,69,20.356729
-90.766417,84,20.474747
-156.926376,157,20.709482
-89.45303,93,20.841017
-133.061864,94,20.970647
-101.06472,132,21.169719
-249.709192,128,21.337107
-58.160462,80,21.422137
-290.00399,116,21.656732
-84.482922,124,21.822863
-60.907357,75,21.935196
-100.483237,138,22.151132
-277.56612,100,22.310717
-296.372979,168,22.588399
-236.308195,104,22.766808
-98.664723,156,23.022199
-288.174035,168,23.330539
-64.111656,133,23.531672
-222.11465,84,23.694146
-78.04715,71,23.827381
-23.180075,141,24.063312
-144.919434,168,24.276635
-78.266322,152,24.513331
-81.455154,87,24.685107
-56.345307,111,24.885266
-273.658842,85,24.995235
-139.917583,98,25.175906
-307.272738,143,25.401571
-231.185879,149,25.684754
-52.910366,86,25.798241
-175.040096,182,26.116511
-231.717168,96,26.237447
-208.032433,101,26.415202
-193.086504,173,26.661457
-283.100451,182,26.906156
-119.847364,114,27.069258
-175.839378,151,27.359288
-202.548229,151,27.56039
-47.491376,211,27.891177
-185.347556,129,28.056355
-70.747305,159,28.273244
1.418421,104,28.420454
-74.800711,149,28.61181
-86.00029,141,28.790147
-30.844689,118,28.95074
-41.816446,128,29.112976
-30.86893,204,29.41483
-156.827215,153,29.60776
-12.948445,126,29.770655
-291.991576,184,30.130597
-282.489362,186,30.457634
-262.970935,175,30.796259
-84.954717,110,30.941709
-93.679858,119,31.103719
-74.440934,152,31.331937
-33.50837,154,31.556135
-89.219486,172,31.861785
-190.232273,89,31.977282
-30.662246,89,32.200662
-174.416961,125,32.468811
29.548212,162,32.786201
-49.006962,163,33.196514
-23.306637,183,33.478517
-236.18959,144,33.731257
-69.30751,133,33.962259
-55.347612,149,34.174399
-69.823727,117,34.369356
-72.345045,108,34.548455
-123.347779,131,34.781719
-221.252122,119,35.008736
-148.565806,123,35.295382
-146.917172,72,35.451929
32.661789,115,35.602711
-89.222889,93,35.757116
-76.972848,166,36.068069
-58.201893,82,36.233477
-64.557186,94,36.380899
-98.901037,165,36.687102
-34.351722,87,36.848757
-141.132625,132,37.100982
-261.627211,173,37.453404
-96.826342,214,37.88977
-291.026812,173,38.206465
-17.302674,110,38.405003
17.515634,100,38.645215
-82.540338,125,39.015701
-200.043044,175,39.424446
-52.696116,218,40.092597
-59.353,86,40.24858
-218.645457,209,40.550472
-57.503052,151,40.752927
-239.78045,260,41.195962
-286.181761,195,41.536754
-153.561821,176,41.791582
-80.96568,154,42.021577
-314.443793,112,42.143789
-140.355113,166,42.413197
-90.529963,69,42.492194
-46.499956,194,42.79675
-41.964586,138,42.990407
-42.43337,204,43.280084
5.03385,151,43.544888
-75.3694,87,43.638631
28.698173,1000,46.616343
-82.221865,177,46.918108
-14.34315,101,47.17838
-32.113652,84,47.301672
-219.908065,162,47.58145
-2.753068,124,47.802798
-97.619889,173,48.185013
-70.669378,162,48.432563
-58.626245,156,48.693375
-45.464822,109,48.87403
-272.73682,150,49.109433
9.588981,101,49.285519
-15.219584,169,49.535755
9.817009,1000,52.546578
-18.57415,114,52.775778
-15.50913,166,53.052034
-112.170086,216,53.702394
-55.222464,181,54.243452
16.267086,163,54.615024
-276.414395,180,54.989396
-104.279995,268,55.50971
-409.877606,466,56.94446
-317.609753,193,57.359037
-604.521104,441,58.974271
-78.253179,221,59.323087
-312.391728,260,59.795508
-283.392476,351,60.53697
-311.351372,271,61.071722
-418.715279,218,61.561167
-14.039824,147,61.802766
-450.013853,316,62.593626
-228.538357,278,63.037662
-259.43967,379,63.826958
-282.300666,389,64.57444
-255.351363,238,65.128806
-240.242376,304,65.772943
-63.267769,442,66.792818
-403.666246,281,67.358427
-402.308839,353,68.151419
-395.774052,400,68.972301
-382.990502,327,69.692309
-286.709445,291,70.183846
-338.761674,390,70.978088
-256.246491,272,71.439014
6.216968,175,71.71717
-39.151617,149,71.947517
-167.02971,316,72.507416
11.870638,236,72.870193
-190.214248,345,73.464867
35.075042,147,73.655393
-147.999905,377,74.406508
-164.37347,226,74.763658
-11.362352,91,74.908363
115.34225,1000,78.435377
49.0439,168,78.682209
-304.223882,273,79.138418
-247.366561,291,79.617275
-11.717219,280,80.06285
7.474313,133,80.296166
99.319926,1000,83.086263
-72.891618,314,83.634835
107.950886,1000,85.857004
-87.529665,715,88.026658
-365.339818,254,88.440511
-279.503226,324,88.990354
-119.467576,273,89.406823
18.663619,277,89.852239
-46.488001,300,90.298416
-341.85544,516,91.496648
9.8556,347,92.122139
-49.189922,391,92.793312
-14.383887,233,93.155282
138.32898,1000,95.847284
119.322656,1000,98.432246
-35.923968,654,99.938025
-164.43161,1000,102.720214
12.745955,235,103.103089
-5.603346,1000,105.675528
-74.113229,1000,109.446776
-275.613885,1000,113.152305
46.576079,1000,116.932587
-11.904609,1000,120.214588
42.999351,1000,123.023585
-176.283702,1000,125.54682
38.190562,1000,129.293486
-60.508376,1000,132.630235
59.921482,1000,135.544927
-15.632001,1000,139.240143
66.159587,1000,142.574012
-70.431656,1000,145.59003
-86.296896,1000,149.354507
-115.651566,1000,152.595278
-146.047387,1000,155.254456
-106.705057,1000,157.61598
73.015322,1000,160.088101
-60.766904,1000,163.109097
-3.435223,1000,167.648009
-51.354996,1000,171.155555
-80.606136,1000,174.068814
-69.841032,1000,176.512443
-131.932108,1000,179.948227
-108.396334,1000,183.826212
-24.792889,1000,186.735056
-48.854442,1000,189.723826
-32.094543,1000,192.437268
-47.413137,1000,195.162494
-59.630296,1000,199.299603
-91.703017,1000,202.047625
-69.81627,1000,205.525399
-20.298287,1000,208.099127
-26.472313,1000,210.468639
-61.338491,1000,213.865494
-49.894494,1000,216.862658
-60.371976,1000,220.115567
-47.39944,1000,223.047678
12.197781,1000,226.091989
-49.108064,1000,229.046068
-19.178906,1000,232.481021
-22.182364,1000,235.651824
-64.619853,1000,239.139297
-23.619209,1000,241.790212
-45.420046,1000,244.929359
-43.268643,1000,247.903018
-62.200857,1000,250.30746
-62.17957,1000,254.305195
-60.547587,1000,256.896901
-120.094269,1000,260.726323
31.623846,1000,264.012726
-0.092095,1000,267.084304
150.746291,568,268.220073
28.928711,860,270.026476
165.775088,666,271.428654
10.964987,1000,275.226151
-0.036903,1000,278.394184
33.784363,1000,280.803077
1.107082,1000,283.760921
-122.887645,607,285.252535
-68.404492,1000,288.909956
-75.568015,306,289.388241
65.220906,1000,292.402114
159.479888,664,294.080095
-105.040415,643,295.652026
41.488374,1000,299.892384
119.615675,715,301.939039
66.037579,1000,305.140062
37.849676,1000,308.374623
114.66131,618,309.752739
-112.174584,811,311.475447
48.808184,1000,314.960648
120.883535,753,316.941745
82.294887,1000,319.793589
82.834274,1000,322.854761
-49.583006,476,323.741933
54.875343,1000,327.219272
165.289425,706,329.499383
-87.566011,512,330.713921
-106.3577,547,332.121136
203.470232,653,333.478065
69.293172,1000,335.959418
137.29638,605,337.449477
73.871175,1000,340.341586
69.17289,1000,342.40351
153.179129,491,343.49803
-107.648768,345,344.143678
111.595574,531,345.197575
119.7809,1000,348.09805
197.147476,999,350.333042
-80.849778,716,351.971184
-10.260135,353,352.590863
69.236194,1000,355.95341
82.452825,1000,358.138096
114.782963,908,360.37692
194.698981,434,361.295587
64.830706,1000,364.774402
176.71824,450,365.781856
-9.697302,239,366.170602
132.642222,568,367.564807
114.281611,1000,369.949354
165.375023,610,371.379444
82.546537,1000,374.133693
-48.511462,432,374.904666
134.03963,402,375.65786
-4.437796,1000,378.473131
72.260157,1000,380.848944
158.142771,584,382.466241
78.53151,1000,385.253939
49.719551,1000,388.218768
63.148677,1000,391.484221
137.637263,811,393.602459
-163.35192,909,396.746221
157.712989,552,398.169166
57.456849,1000,401.428601
24.408251,1000,403.565136
151.358678,541,404.768687
-12.735358,1000,407.245221
-99.649064,421,408.076388
29.96267,1000,412.31304
-67.235426,317,412.815657
72.257671,1000,415.93936
35.369783,1000,418.198754
139.775678,576,419.741244
82.488684,1000,422.362257
-115.455963,349,422.970071
-77.03587,366,423.616498
-97.343291,374,424.317054
185.181424,457,425.398141
171.524815,481,426.562146
59.558564,1000,429.838596
41.009454,1000,432.295796
-59.901511,466,433.252965
-64.177711,334,433.847315
-98.90358,344,434.431919
-42.132948,309,434.98137
158.017384,639,436.338048
162.668241,422,437.141427
57.658997,1000,439.548851
-103.352164,376,440.232501
113.083958,1000,442.486251
112.711122,1000,445.125385
130.301137,460,446.087668
94.152967,1000,448.64373
129.019926,993,451.595037
-109.765416,401,452.228014
100.081922,1000,454.643926
78.636629,1000,457.061351
79.284544,1000,459.146751
121.649316,474,460.105408
66.075252,1000,462.672493
105.484585,1000,464.968677
-36.565521,340,465.631893
188.276041,472,466.478664
114.409481,1000,468.896045
-46.839002,332,469.461958
168.58789,534,470.618399
61.309862,1000,472.91212
-81.112038,223,473.25911
159.303044,463,474.267117
-128.396324,305,474.744949
178.825222,351,475.430664
-86.072339,232,475.741534
-66.011907,394,476.441218
71.338111,1000,478.966483
97.301939,1000,481.225892
174.733801,442,482.14275
83.433609,1000,484.516029
-43.20465,222,484.851881
-82.214628,294,485.308747
167.781897,369,485.99634
78.532858,1000,488.497495
-50.69362,411,489.246727
-50.579163,253,489.632289
160.505394,704,490.980939
-21.265852,263,491.365376
-67.209227,503,492.228802
162.450135,412,493.09789
-170.71658,782,494.626771
-76.615263,405,495.308237
-98.363639,458,496.21567
95.453334,1000,498.496204
-110.445467,557,499.64041
77.185484,1000,501.93597
73.543145,1000,504.948921
150.987615,564,506.140698
174.093825,670,507.860562
-155.635319,422,508.616506
168.313106,458,509.569283
-52.86813,259,509.984516
67.225874,1000,512.849808
101.07419,1000,514.94525
78.818428,1000,517.335566
182.289367,383,518.094323
159.544111,509,519.248881
156.975749,566,520.63421
1.291291,1000,522.952339
-72.492511,266,523.358102
-53.453926,288,523.779573
105.753589,1000,527.077631
69.517543,1000,529.432494
120.43089,758,531.070623
-77.835659,226,531.410603
-76.444153,360,531.989766
-93.498524,555,533.003293
-77.385284,257,533.403794
74.168508,1000,536.533353
104.281476,550,537.584622
-69.481736,291,538.088306
135.857715,609,539.403706
-48.360211,271,539.851879
153.336434,496,540.994311
149.062878,527,542.150854
131.136501,530,543.308866
-56.066587,412,544.040274
131.344519,552,545.457195
78.792371,1000,547.710859
-77.909471,313,548.264898
-90.737371,196,548.519877
-51.391562,467,549.315447
55.835235,1000,551.539763
85.017373,1000,554.125388
165.791688,529,555.382422
91.971573,1000,558.020708
168.330488,533,559.180919
42.029653,1000,561.696172
181.463256,472,562.721005
-60.106691,336,563.256267
-49.705091,267,563.658175
-52.781141,288,564.13045
96.894368,1000,567.084284
69.522952,1000,569.887599
-163.206163,332,570.395356
177.006481,451,571.203647
86.079134,1000,574.316957
197.064043,425,575.082192
-82.151955,340,575.658929
-99.982143,318,576.210845
-83.861468,417,577.00156
99.444088,1000,579.315656
-49.497823,341,579.903234
-45.520743,260,580.262454
-43.546065,354,580.890113
-120.427644,449,581.633676
102.248596,1000,583.775551
-97.70351,423,584.513137
167.259969,438,585.294013
104.323835,1000,587.362841
110.738645,624,588.671327
113.017529,1000,591.537442
-74.579166,332,592.11336
152.245933,455,593.074294
142.737809,483,594.219721
-73.669408,243,594.5913
110.289343,1000,597.873181
-74.428889,240,598.230142
-71.699903,454,599.113511
-37.770069,394,599.817584
-92.970898,198,600.109986
-124.289135,611,601.429459
-125.481814,489,602.347116
-45.286636,451,603.181564
158.468423,544,604.558859
144.939377,559,605.637685
170.808015,517,606.947991
-43.213606,436,607.759578
-74.604921,156,607.968037
-47.663328,404,608.644432
95.135553,1000,611.276139
55.132878,1000,613.828023
-121.833462,390,614.542105
-135.822555,466,615.515371
-99.179837,208,615.814174
-90.094191,343,616.384758
-58.095677,200,616.673428
-87.559354,195,616.921824
-95.144401,152,617.11567
-111.761107,570,618.243012
-82.872401,314,618.717279
-110.860678,760,620.574074
-91.198631,177,620.818389
-95.681252,186,621.055314
-164.51466,905,623.153256
-95.396021,317,623.727137
-51.545117,1000,626.584904
-132.118915,487,627.60473
-107.11605,238,627.954933
-102.149174,165,628.150405
-92.290426,228,628.478494
-91.203978,173,628.732598
-91.605209,215,629.015294
48.761581,1000,631.60959
-66.582963,428,632.323138
-152.347229,363,632.977079
94.025222,556,634.664974
41.917391,1000,637.988189
-92.635221,223,638.356513
106.452799,561,639.81386
113.789679,1000,642.606581
-62.99866,1000,645.074441
141.270052,379,645.719198
-100.878529,408,646.548476
-76.447374,197,646.921984
133.24242,605,648.629749
-66.093728,210,648.967936
-53.892621,226,649.381204
63.754638,1000,651.819271
112.064055,633,653.118254
-94.586129,472,653.85469
-193.511082,965,656.346246
-115.151199,693,657.863172
-88.846802,414,658.720371
92.274085,1000,662.007309
-58.683139,250,662.371479
148.279174,533,663.731956
-76.783402,358,664.389329
-70.485466,1000,666.864929
-106.751845,453,667.673855
-77.649123,202,667.934864
88.134444,1000,670.672984
123.438195,560,672.040905
50.60096,826,674.708258
-56.922292,214,674.999046
12.18095,1000,677.615569
119.350208,1000,680.540179
158.326867,485,681.570431
-93.575234,416,682.306023
109.398886,739,684.27007
-90.03248,1000,687.562501
-77.653212,290,687.97953
-80.687955,373,688.609572
-82.088141,248,688.959933
-102.957561,444,689.758883
46.878673,1000,693.720795
-56.120396,296,694.224427
-172.606004,554,695.457941
-70.104102,247,695.814664
-55.296848,249,696.168904
62.225169,1000,698.485607
139.298235,534,699.448667
-95.225805,174,699.668512
-97.897891,206,699.952493
-105.225606,233,700.273551
-101.993383,217,700.555248
-76.42369,209,700.854417
-91.298871,374,701.500827
-113.242763,251,701.860801
-80.131561,316,702.343221
-166.191509,674,703.660062
-89.207079,166,703.888597
-66.123506,232,704.194443
-36.327248,472,705.103018
-102.986351,487,705.944964
-72.566588,374,706.594234
-54.866235,278,707.007013
95.08485,556,708.091648
138.059326,441,708.986269
-81.245526,365,709.635166
140.898945,542,710.936045
-101.648404,284,711.333209
-84.090499,452,712.092176
-126.44465,463,712.949343
-126.623773,401,713.703511
-105.906955,170,713.917316
159.00955,420,714.687909
90.025844,691,716.711461
-90.454529,192,716.955645
-91.702184,369,717.588094
-84.370951,159,717.777343
-88.713452,167,717.978324
-62.091377,243,718.314686
-215.590995,838,720.465891
-44.814718,1000,723.367769
-82.796692,423,724.172311
-89.761464,253,724.525379
-129.903876,535,725.501679
-66.273876,328,725.98316
-95.873309,211,726.261911
-78.755301,590,727.574647
-73.509075,228,727.919837
55.641631,1000,729.735946
-74.754116,1000,733.645712
-116.245659,322,734.183197
-36.596371,1000,736.870663
-48.047008,229,737.194047
-84.940465,221,737.474154
-67.75732,267,737.853161
-103.587553,301,738.33554
-199.943239,941,741.050379
-101.674049,161,741.248191
-105.352404,907,744.104449
-117.170186,330,744.614504
-74.28984,275,745.015704
-43.478312,1000,747.794968
-75.853213,1000,751.021497
-112.810471,289,751.442429
-122.015161,493,752.324499
-101.410018,625,753.61943
-90.116089,207,753.885089
-97.685434,1000,757.041534
-103.640736,287,757.466695
-120.028729,309,757.984656
-92.725774,266,758.37887
-109.700256,337,758.910602
-69.313079,317,759.40275
-68.47797,1000,761.864253
-141.12351,1000,765.335493
-108.00898,181,765.571593
-111.048741,164,765.774149
-55.336449,1000,768.353453
-93.998811,217,768.685195
-91.777589,1000,771.163255
-48.865405,1000,774.450629
-87.122341,1000,777.189662
-98.580899,1000,779.777698
-101.23599,366,780.45221
-77.601003,1000,783.847283
-92.688687,1000,787.605969
-93.420107,144,787.791435
-103.588077,171,788.008968
-68.686559,1000,791.952459
-78.553574,279,792.376506
-126.6717,278,792.782909
-137.988581,221,793.101329
-173.806463,784,795.668099
-101.995936,175,795.892505
-150.380661,766,797.764285
-173.277498,706,799.347964
-101.010965,254,799.740017
53.899351,867,802.489222
-120.531,502,803.303824
-104.230319,253,803.666077
-100.349229,421,804.480286
-118.540846,477,805.487321
-30.128128,1000,808.689065
-92.460334,1000,811.908498
-142.704887,325,812.437261
-140.25842,242,812.799651
-92.054892,1000,815.415682
-234.760766,823,818.197801
-88.099579,1000,820.79761
-124.123051,264,821.184809
-117.749629,353,821.807467
-64.507479,1000,825.552577
-75.060531,158,825.786858
-36.702285,1000,829.750293
-118.970255,223,830.075054
-84.591865,576,831.27386
-69.517737,1000,833.910408
-196.369007,984,836.195203
-87.12525,157,836.392071
-214.214653,994,838.625868
-20.521217,1000,840.706727
-89.596572,163,840.916661
-46.693709,1000,842.971407
-196.056764,773,844.782645
-111.649803,212,845.080055
-67.371773,1000,848.683889
-53.855198,1000,851.147702
-19.999675,1000,853.376709
-173.84088,528,854.461917
-14.314341,1000,856.935484
-101.111734,180,857.19959
-108.543531,512,858.262076
-140.130019,747,860.351463
-121.687578,160,860.58667
-149.457379,357,861.143446
-95.585908,274,861.591874
-162.294612,580,862.971101
-114.737622,458,863.955678
-209.127848,961,867.364892
-120.73604,450,868.207311
-154.335667,478,869.054615
-93.27638,229,869.379226
-143.727132,274,869.789538
-33.075037,1000,872.906647
-115.996618,294,873.36847
-172.452588,731,874.977982
-54.720389,1000,877.679935
-75.505449,153,877.876887
-105.544911,337,878.422125
-137.130865,1000,881.543971
-100.649401,1000,884.183396
-190.059816,809,885.883898
-78.135352,176,886.103468
-151.137505,131,886.265964
-115.495595,514,887.30455
-148.034216,307,887.797247
-135.807039,153,887.986764
-70.346173,240,888.333566
-122.03642,197,888.581991
-181.229882,693,890.376977
-74.657788,335,890.901011
-156.431351,286,891.31225
-117.30059,380,891.912956
-93.949478,187,892.175121
-128.488712,216,892.47159
-157.969281,243,892.778141
-189.759717,874,895.025098
-147.575459,137,895.210459
-97.167387,320,895.760605
-115.036285,156,895.955742
-134.875414,193,896.217521
-102.796879,166,896.428029
-85.110134,161,896.640026
-125.067234,165,896.835392
-142.178901,125,896.99222
-47.464559,1000,900.152932
-57.709106,1000,902.419707
-134.678349,1000,904.911392
-192.129038,259,905.305876
-164.340586,135,905.468628
-134.955272,190,905.708283
-108.963693,169,905.950999
-189.094454,527,906.837632
-87.597523,148,907.02813
-141.871187,177,907.245079
-197.341056,690,909.282376
-143.597245,426,910.049302
-103.05691,176,910.263732
-91.364121,1000,913.303331
-143.974131,314,913.846954
-91.096321,183,914.082866
-150.376271,526,915.171599
-118.716612,335,915.724298
-163.934116,383,916.364507
-122.085933,204,916.635312
-165.390256,438,917.495045
-134.660706,144,917.679639
-134.742637,1000,920.509527
-127.72999,193,920.760319
-133.815969,142,920.937414
-134.163253,532,921.872248
-159.896786,126,922.030557
-151.576781,294,922.504145
-111.411345,228,922.851592
-154.191159,183,923.102187
-156.622401,243,923.509888
-220.886492,834,925.886818
-125.61688,184,926.148542
-171.129589,478,927.109489
-114.328558,1000,929.314455
-239.453885,830,931.62406
-146.778191,196,931.873798
-107.26154,343,932.448243
-147.308421,295,932.919579
-190.267691,723,935.004464
-148.286782,245,935.372788
-121.620834,248,935.739138
-104.662374,195,935.981513
-151.157134,182,936.246201
-92.72882,161,936.443236
-115.799959,334,937.00298
-159.496792,800,938.909358
-127.472108,247,939.248887
-175.670332,723,941.286378
-140.791137,164,941.484651
-76.02182,209,941.766642
-136.305601,192,942.006493
-123.257429,221,942.315415
-91.539743,1000,944.706929
-164.172483,386,945.37023
-91.678942,158,945.556454
-38.195122,1000,947.782103
-49.686396,1000,950.060534
-103.705803,1000,953.140676
-126.461949,483,954.134801
-133.827018,207,954.446668
-34.845632,1000,957.785636
-96.100073,296,958.236309
-96.067636,197,958.498642
-138.031777,173,958.740426
-116.740253,1000,961.439345
-63.617122,1000,965.16995
-138.518299,463,966.071342
-55.21047,1000,968.645752
-147.511878,402,969.392805
-114.66528,200,969.644682
-118.052224,212,969.949112
-90.64007,1000,972.281092
-84.809297,1000,975.829298
-142.025849,477,976.731967
-253.791444,966,979.22954
-69.778832,1000,981.363057
-105.891072,1000,984.12084
-102.574032,138,984.298616
-94.125373,173,984.508831
-205.537253,732,986.106978
-112.428789,265,986.497743
-123.616373,1000,989.001141
-122.983832,176,989.225094
-135.152282,344,989.848243
-159.83919,373,990.520742
-147.266424,384,991.229938
-99.449509,1000,994.552439
-121.736271,289,995.02125
-220.410733,837,997.092346
-88.888008,166,997.329772
-70.519203,1000,999.865645
-163.192586,791,1001.553488
-93.554433,1000,1003.887293
-39.012313,1000,1005.997619
-80.848265,156,1006.197815
-68.871201,1000,1008.476061
-79.55283,171,1008.693442
-84.253428,146,1008.910528
-33.628896,1000,1011.244527
-166.961169,397,1011.987395
-135.485647,161,1012.188783
-76.758889,1000,1015.358541
-123.118598,314,1015.836335
-192.469997,748,1017.639667
-244.343604,742,1019.513109
-76.145504,196,1019.770891
-84.457005,1000,1022.972966
-124.598203,1000,1025.854374
-113.862057,1000,1028.803603
-154.133742,525,1029.813926
-87.375701,1000,1032.984194
-97.995505,138,1033.159144
-144.396071,331,1033.695537
-54.347389,1000,1037.189651
-139.163336,151,1037.379179
-92.561081,134,1037.546505
-105.051191,177,1037.80858
-94.416285,222,1038.111488
-68.188355,196,1038.401857
-126.591414,1000,1041.715617
-106.006259,135,1041.879903
-154.155356,390,1042.533726
-62.062858,1000,1045.607125
-200.35055,672,1047.546586
-107.387677,264,1047.963296
-91.575775,168,1048.165293
-71.375249,1000,1052.249947
-105.348292,263,1052.639897
-108.154324,167,1052.855981
-55.595681,1000,1055.854478
-137.24878,253,1056.23021
-35.213315,1000,1059.297409
-76.83026,1000,1063.810927
-115.914891,214,1064.108674
-173.278509,745,1065.76382
-163.258952,583,1066.989675
-107.621402,129,1067.147097
-150.730597,286,1067.593627
-175.396135,544,1068.960578
-101.091058,165,1069.205287
-7.06441,1000,1071.632567
-166.523157,551,1072.791383
-46.567295,1000,1075.160836
-98.859512,465,1075.960689
-11.899234,1000,1079.00187
-48.279438,1000,1083.052271
-156.121604,299,1083.515681
-168.531134,579,1084.744658
-97.269469,145,1084.929263
-113.554578,480,1085.864474
-108.02075,131,1086.027019
-141.686879,573,1087.268412
-188.725863,857,1089.210715
-180.591235,737,1090.741798
-116.210335,446,1091.63739
-100.720258,141,1091.815311
-84.673017,1000,1094.517184
-132.094655,393,1095.189529
-85.277027,1000,1097.749477
-238.350956,919,1100.24324
-126.846901,247,1100.606245
-82.088208,1000,1103.467639
-112.21524,196,1103.712035
-203.021448,988,1107.077895
-136.376706,160,1107.283826
-255.423815,834,1109.799209
-131.386629,238,1110.147324
-143.50459,236,1110.498019
-101.533004,213,1110.767334
-110.115484,167,1110.979032
-101.002564,156,1111.209459
-81.302828,145,1111.391546
-118.07481,324,1111.916148
-104.20378,221,1112.224299
-76.699465,1000,1115.472893
-163.996185,643,1117.180249
-136.956093,260,1117.556864
-93.774737,184,1117.795354
-102.887706,428,1118.595044
-106.816078,291,1119.020717
-170.247473,754,1121.078331
-92.774891,196,1121.335147
-89.747214,170,1121.581747
-140.877608,352,1122.21222
-107.854369,434,1122.957037
-104.941348,335,1123.53896
-116.614699,285,1123.974593
-62.943526,1000,1126.325861
-67.388196,1000,1129.995296
-103.206988,240,1130.334151
-17.7455,1000,1133.993086
-78.282933,246,1134.349529
-106.92791,191,1134.598001
-94.017705,1000,1136.905752
-120.93124,174,1137.160515
-124.162656,904,1139.470431
-41.737506,1000,1141.87761
-36.488073,1000,1145.25534
-67.550518,214,1145.56658
-101.487326,254,1145.946542
-105.375505,298,1146.427805
-73.885863,202,1146.723875
-35.700405,1000,1149.120903
-125.781798,182,1149.354194
-90.04233,179,1149.603022
-66.087785,1000,1152.913541
-40.756511,1000,1155.909599
-148.739708,440,1156.821166
-98.8962,1000,1160.158379
-104.462222,170,1160.399826
-88.849612,162,1160.610519
-113.095549,331,1161.15321
-100.992716,194,1161.399063
-37.94495,1000,1164.600642
-98.23612,219,1164.919165
-88.429266,187,1165.151818
-120.224203,134,1165.31937
-89.770893,183,1165.571528
-117.088373,222,1165.858762
-32.496863,1000,1170.066383
-69.373093,1000,1172.443719
-56.185538,1000,1175.277168
-47.22517,1000,1178.524756
-65.099662,1000,1180.805909
-65.674163,203,1181.092489
-91.595914,208,1181.392354
-92.751763,225,1181.674259
-80.573303,244,1182.029233
-41.660747,1000,1184.292544
-73.186625,1000,1187.252061
-113.136586,1000,1190.291156
-48.667873,193,1190.524629
-117.57456,334,1191.105954
-24.227475,1000,1193.690645
20.610169,1000,1196.984826
-35.438694,1000,1199.903535
-150.064817,676,1201.74443
-65.535177,1000,1203.997893
-90.505182,223,1204.302495
-46.32259,1000,1208.32671
-8.288979,1000,1211.843634
-189.41358,976,1214.012482
105.825646,688,1215.510325
-85.652326,1000,1217.790168
20.813487,1000,1220.401673
69.475483,1000,1223.859445
107.077477,802,1225.804374
-38.675474,1000,1228.337408
12.675713,1000,1230.560464
10.135824,1000,1233.705162
-74.054341,169,1233.928467
-72.448387,160,1234.142294
-74.513208,206,1234.459147
86.347494,894,1236.528386
-76.2589,156,1236.722927
-33.842551,1000,1240.396897
114.56076,825,1242.304425
53.850963,1000,1245.160293
-80.177918,1000,1248.086491
-115.447873,497,1249.019764
-89.811617,470,1249.948803
-96.94116,430,1250.785011
-91.074826,332,1251.370476
-40.025963,1000,1253.79255
21.029589,1000,1257.013923
122.15091,757,1258.627028
-12.643749,1000,1261.405467
-90.685672,1000,1263.722095
-30.466016,1000,1267.875302
-26.22979,1000,1270.783432
-88.73104,176,1271.025635
-24.48758,1000,1274.319391
154.834897,991,1276.719786
-28.255525,1000,1280.076727
-41.326167,1000,1282.681673
-96.637179,471,1283.636523
-139.234136,1000,1286.44892
115.250692,687,1288.80047
-112.009777,160,1289.033525
-107.060111,425,1289.832601
87.319926,932,1293.280209
-70.618167,1000,1295.437327
23.600624,1000,1298.108969
-78.656799,198,1298.403697
51.756888,1000,1301.085906
-109.796695,1000,1303.43508
-80.480651,1000,1305.832124
-135.230128,258,1306.213371
-89.781106,531,1307.272872
-180.191301,846,1308.980931
-106.753625,166,1309.19155
-230.629148,647,1310.582817
-110.901884,146,1310.790161
-85.10399,144,1310.966631
-124.716367,463,1311.87203
-124.298703,259,1312.237287
-116.820995,215,1312.542156
-79.540967,222,1312.870903
-147.177726,218,1313.153015
-112.28081,1000,1316.071592
-66.180076,183,1316.319488
-57.036532,209,1316.59756
139.221502,363,1317.183827
-132.886748,406,1317.818428
-175.412105,831,1320.141765
92.112531,1000,1322.649905
52.552691,1000,1324.743985
-96.026659,184,1324.992215
-100.867721,352,1325.57233
-94.376817,378,1326.200024
-96.418858,278,1326.631344
-73.258269,227,1326.93658
-165.539549,628,1328.202155
-98.858911,362,1328.841485
-88.344239,323,1329.386769
-87.246498,171,1329.599278
-112.826095,395,1330.244432
54.766333,773,1331.970966
-67.726567,249,1332.3449
-79.565424,146,1332.529456
-81.803734,191,1332.80485
-134.537047,591,1333.892976
-83.210176,173,1334.128724
-104.109857,308,1334.601746
37.30218,1000,1337.244079
-167.152514,732,1338.690541
-115.422208,259,1339.064415
141.575133,504,1339.920878
-75.561215,183,1340.146967
-112.786457,257,1340.514056
-53.064291,1000,1343.840348
-84.353425,150,1344.026493
-98.643752,417,1344.831188
-88.560577,168,1345.073619
-42.892202,457,1345.806596
96.130974,1000,1347.793144
-155.611494,465,1348.624525
-165.500087,588,1349.737603
46.484759,1000,1351.993003
-140.42417,485,1352.899164
17.161267,1000,1355.478249
-36.351767,1000,1357.921826
-99.429521,249,1358.293525
-91.432444,161,1358.512697
-91.024775,234,1358.832479
-104.959505,253,1359.191744
-76.467157,181,1359.411791
-84.495007,1000,1361.85536
-4.913114,1000,1364.366585
158.418375,556,1365.609233
105.817528,631,1367.039853
115.429901,574,1368.401776
-118.131632,459,1369.211823
-97.404929,141,1369.390089
-61.370344,343,1370.014659
-79.81355,198,1370.284329
-103.526849,236,1370.617719
-108.157259,1000,1373.093914
-111.873982,229,1373.422002
-81.226217,166,1373.619077
64.128721,836,1376.524391
-68.245929,251,1376.932415
-78.056106,169,1377.191485
-76.873911,174,1377.400386
-99.86731,156,1377.601817
-151.952364,473,1378.649944
-110.61796,394,1379.336177
-16.715404,1000,1382.671993
-81.325718,301,1383.118968
-91.84035,249,1383.472287
-78.079083,227,1383.789839
88.289894,1000,1386.364006
-97.107155,132,1386.525594
125.819908,532,1387.530493
-92.97153,305,1387.960415
35.180034,1000,1390.481207
-81.545664,198,1390.758227
-99.202749,368,1391.377343
-98.060983,164,1391.577233
159.956788,551,1392.796769
157.232128,928,1395.249077
-92.879099,201,1395.545117
-108.123233,449,1396.532549
-133.110616,578,1397.646718
-126.819083,426,1398.326794
-154.52012,1000,1400.914458
124.204803,600,1402.309152
-81.045783,170,1402.515835
-67.832419,207,1402.816379
-87.86416,160,1403.018804
126.525517,612,1404.094468
-97.943065,203,1404.352334
-99.350419,212,1404.660139
-180.51315,871,1406.436829
34.850353,1000,1409.497219
-97.462762,377,1410.156933
-98.467161,253,1410.524359
97.646559,507,1411.702638
-79.664008,283,1412.137083
-25.411476,274,1412.570171
-151.71839,604,1414.039034
-107.602945,175,1414.259545
-97.901417,290,1414.70134
-80.894019,158,1414.919252
-190.756822,865,1416.649502
-60.971386,375,1417.331344
-62.511218,239,1417.676026
122.639728,627,1418.881357
-83.188501,196,1419.159164
-89.323502,200,1419.405549
101.714094,1000,1422.336353
85.842898,1000,1425.762074
121.10306,633,1427.106249
131.324329,561,1428.242104
57.125907,1000,1431.045686
171.937525,590,1432.156052
-63.094025,183,1432.418016
46.17488,1000,1434.734392
131.044299,607,1436.128105
-8.699677,1000,1438.718861
-66.148829,334,1439.29275
-80.501364,238,1439.61203
-95.292951,383,1440.267076
-111.695085,228,1440.57508
-100.948117,180,1440.832575
-90.866606,214,1441.142811
-56.155721,260,1441.502185
159.27629,470,1442.469397
104.816493,581,1443.657047
-169.75152,756,1445.100253
-80.4395,200,1445.334701
100.899377,1000,1448.306194
-118.785071,425,1449.018114
-76.273456,352,1449.610164
94.050754,613,1451.265779
141.18755,617,1452.464483
-10.504072,1000,1455.153976
-154.135834,391,1455.804597
-100.03344,129,1455.967792
-98.443979,285,1456.414588
-106.035861,334,1456.915154
-83.997862,178,1457.166496
-73.57717,329,1457.660059
108.375632,1000,1460.186677
-68.156575,317,1460.709465
-148.22782,484,1461.734365
99.114652,1000,1464.60629
102.491289,1000,1466.575019
161.117196,496,1467.454767
75.493009,1000,1469.549689
216.370078,411,1470.323455
113.021936,1000,1472.546324
88.636566,1000,1474.590707
114.403121,1000,1476.52067
-66.056889,315,1477.039652
164.204092,530,1478.178779
179.550192,366,1478.835444
193.071081,441,1479.638202
209.785738,464,1480.573562
188.5173,379,1481.184993
-88.922946,281,1481.580414
-97.231329,394,1482.207426
-86.386144,318,1482.706329
-71.816,246,1483.058698
174.551707,395,1483.798451
-45.475602,300,1484.274041
145.803203,462,1485.195538
-54.357011,268,1485.551618
-97.691094,506,1486.460467
-88.789825,435,1487.252832
-48.031137,274,1487.682038
164.796286,313,1488.2261
133.931686,1000,1491.010916
189.133495,289,1491.420003
173.037704,379,1492.089256
111.742217,1000,1494.49135
94.852399,1000,1496.408484
-59.348806,191,1496.685334
-105.572902,356,1497.297176
-76.09369,221,1497.597114
171.055594,489,1498.506524
118.859277,467,1499.421603
149.152682,553,1500.778068
-66.406692,189,1501.038605
-53.179299,181,1501.266032
-82.965129,188,1501.537575
62.279327,727,1503.23303
-57.908208,235,1503.569694
-87.323048,311,1504.045068
-87.150962,222,1504.357834
209.540229,370,1505.095622
-113.079594,208,1505.409768
-59.821682,257,1505.778274
-102.128858,488,1506.756612
-93.800136,167,1506.964412
151.257566,365,1507.635806
-77.459471,168,1507.835764
-46.032783,235,1508.180447
191.37979,391,1508.851807
-96.594056,265,1509.244303
-59.747848,245,1509.607283
103.584807,492,1510.523515
-129.448058,234,1510.866601
-100.04198,204,1511.122761
155.744636,548,1512.312354
41.300945,1000,1515.556625
-48.009418,265,1515.967432
192.086884,424,1516.825968
-107.365281,205,1517.092015
-66.217573,318,1517.624221
-202.287823,239,1517.955444
-98.083808,299,1518.407456
180.610423,587,1519.642945
108.916046,1000,1522.326017
-46.11802,275,1522.728671
113.68064,1000,1525.446658
-54.263351,257,1525.823852
75.365133,1000,1527.713963
-62.938546,203,1528.01291
-92.300071,188,1528.237448
-70.371828,328,1528.735461
-69.208303,215,1528.99812
-88.169987,176,1529.249724
160.026943,486,1530.225922
-32.79731,327,1530.692124
-30.305198,1000,1533.674986
-90.783672,178,1533.887391
-128.824974,620,1535.314889
-54.650024,218,1535.618271
149.381187,742,1537.993073
-59.812137,198,1538.233136
-110.098235,236,1538.547946
-57.659042,166,1538.746055
78.926553,1000,1541.046754
96.176046,770,1543.20511
-95.795118,236,1543.52938
167.98636,537,1544.778115
-61.897971,148,1544.957754
175.97824,466,1545.793721
146.58158,498,1546.799935
-56.594719,229,1547.117213
-71.958097,311,1547.618143
173.573362,585,1549.124591
112.435199,1000,1551.254734
-67.187617,163,1551.448564
-23.300611,296,1551.880263
-88.61002,209,1552.17532
-78.164251,705,1553.753219
194.400971,737,1555.557475
-39.032913,611,1556.745838
111.679154,962,1558.54614
76.161629,1000,1561.592697
-77.488881,235,1561.926369
75.485997,1000,1564.064984
201.327021,356,1564.722741
-71.793608,156,1564.903947
-69.840152,229,1565.219606
98.739525,1000,1567.175388
114.988632,1000,1569.384849
164.517451,1000,1571.209496
148.110113,1000,1573.68504
-37.952835,434,1574.420896
197.885129,525,1575.439013
146.864573,296,1575.913064
150.970431,349,1576.527728
221.50166,722,1578.149313
201.525298,589,1579.345762
249.67381,831,1580.901876
-101.585926,221,1581.210714
-54.605184,383,1581.824328
111.320782,1000,1583.774343
126.467053,452,1584.534021
232.341505,481,1585.447478
-112.822717,265,1585.841609
-50.348216,462,1586.63412
230.415574,594,1587.987618
147.988795,396,1588.687303
-69.887146,179,1588.94392
-52.513195,256,1589.300956
117.621056,875,1591.655016
-81.876059,493,1592.452423
-53.294944,159,1592.676351
138.064605,1000,1594.844066
-13.902995,257,1595.19264
-57.377478,194,1595.455468
-41.0145,207,1595.761726
-58.744725,216,1596.030491
84.319823,1000,1598.0005
-68.574323,211,1598.306586
83.592586,1000,1600.450749
-129.511324,800,1602.06594
-64.981535,212,1602.335891
200.792332,554,1603.526386
159.619632,398,1604.218481
32.21995,1000,1606.679998
-138.86436,416,1607.352093
192.21032,817,1609.278937
96.630211,628,1610.763214
147.942791,525,1611.607942
-69.839652,205,1611.877716
-66.783799,278,1612.274041
142.679537,556,1613.406314
214.511417,811,1615.190065
149.473423,334,1615.723037
-54.276784,197,1616.004187
178.743666,441,1616.776831
-99.609495,241,1617.13646
-81.222145,259,1617.516615
164.360192,415,1618.41872
101.109345,1000,1620.839374
195.645936,746,1622.139213
-110.953487,227,1622.444858
-116.708711,341,1622.952762
-75.496536,256,1623.331698
148.775506,308,1623.804498
233.980206,602,1625.272769
-69.721879,192,1625.508787
-197.05858,191,1625.77865
-103.496809,407,1626.43588
-95.883847,328,1626.926876
161.008345,498,1627.842251
-44.46953,245,1628.185882
-78.066702,167,1628.410733
169.192021,472,1629.096586
-91.335611,131,1629.255044
-57.341712,290,1629.672065
-106.113644,258,1630.05501
175.011712,306,1630.485802
-62.0978,193,1630.721292
-125.059535,249,1631.079218
202.996048,385,1631.796784
163.582909,369,1632.473327
152.866745,454,1633.462785
-70.046647,226,1633.765292
151.805979,569,1634.847413
-71.949262,328,1635.345024
78.568459,1000,1638.323921
195.35981,549,1639.686816
-28.17933,1000,1641.779638
-46.355885,250,1642.077265
-40.396327,1000,1644.507428
84.55419,1000,1646.598631
83.455525,1000,1648.618012
-87.493213,200,1648.860332
-105.331432,546,1649.917867
179.69961,374,1650.588519
-43.797651,262,1650.962481
-73.245304,157,1651.144265
-74.773997,161,1651.328572
195.267541,344,1651.921964
135.84834,520,1652.86181
-96.492849,165,1653.053742
-42.099102,289,1653.511373
-28.697492,477,1654.472837
-62.092605,194,1654.734964
189.719752,625,1656.114577
-99.899126,173,1656.313249
183.682621,682,1657.659622
158.529378,883,1659.938337
-80.387005,157,1660.123459
-76.50852,701,1661.346183
76.405278,1000,1663.757331
-80.52101,142,1663.927699
165.93902,742,1665.625658
-68.759911,288,1666.055073
-79.070534,181,1666.262801
-81.058092,167,1666.500655
-68.880804,146,1666.68104
147.113959,399,1667.414676
160.563998,802,1669.266074
88.111708,1000,1671.259883
-88.192971,270,1671.652776
176.963712,490,1672.736451
93.728005,851,1674.728848
178.561074,443,1675.564738
-90.225294,137,1675.72385
-195.670406,664,1677.045303
-85.964692,228,1677.359048
-97.524824,222,1677.671084
-80.037541,172,1677.879829
-104.595168,176,1678.081898
178.347911,572,1679.472879
-30.499714,538,1680.629222
167.194249,416,1681.37635
-75.341207,149,1681.584522
-30.426946,504,1682.422564
38.145331,1000,1684.610602
-87.898762,512,1685.598624
118.012584,808,1687.362913
-114.911751,292,1687.788941
-99.374607,209,1688.068984
-60.090329,387,1688.818373
-96.165175,366,1689.458445
0.274184,508,1690.307996
-79.762314,250,1690.64235
-88.915016,519,1691.591107
-64.089767,245,1691.963787
146.41179,798,1693.566036
-118.027594,302,1694.009998
-90.712194,197,1694.256035
-115.124609,301,1694.71321
155.003014,805,1697.140846
-50.613004,363,1697.664982
-89.555159,137,1697.829494
120.397096,1000,1699.630552
208.472557,919,1701.422379
-79.060961,253,1701.794493
-61.440715,248,1702.14846
-151.2532,580,1703.392367
-125.070298,301,1703.849132
197.597775,801,1706.024875
164.217205,438,1706.787625
62.622687,1000,1708.893705
179.459958,323,1709.449019
-111.576417,194,1709.679728
-70.503827,1000,1712.365715
108.304336,623,1713.66279
231.28432,857,1715.764782
-76.659614,181,1716.011353
184.239722,513,1717.062529
135.381597,404,1717.876021
115.661222,1000,1720.805864
-171.581935,351,1721.56895
-77.764221,1000,1724.930892
112.565051,596,1726.178163
-139.097329,447,1727.058513
-75.971303,296,1727.517983
-82.130113,196,1727.80833
-48.555862,1000,1730.436721
111.456785,1000,1733.104331
107.824219,1000,1735.983072
193.374146,307,1736.494182
101.119507,748,1738.130147
145.759767,563,1739.624949
-107.737767,357,1740.318816
-62.228157,336,1740.876794
-67.54106,315,1741.401573
90.516618,666,1743.700525
111.968949,1000,1746.473038
152.134696,713,1748.00438
-66.558747,226,1748.324957
207.482604,439,1749.270024
-78.573465,198,1749.545432
-80.371606,215,1749.878703
-71.520899,201,1750.177468
-78.015065,176,1750.414365
-44.41551,1000,1753.269844
-88.677208,320,1753.807486
-72.170636,181,1754.081863
-78.056037,146,1754.291726
-57.263833,175,1754.587468
-73.805606,235,1754.983029
157.460615,396,1755.807431
-143.945737,339,1756.405939
-70.439208,264,1756.898757
-60.742953,183,1757.180858
183.419034,450,1758.149419
-62.178221,294,1758.660589
-69.821183,319,1759.289461
71.735318,855,1761.640887
-79.350498,159,1761.855552
140.467456,614,1763.647159
-85.251053,168,1763.893134
-135.130966,362,1764.50042
184.517534,308,1765.014078
-66.292463,1000,1767.727982
-65.522463,282,1768.141982
-62.023154,157,1768.369377
105.020245,1000,1771.066468
111.153025,1000,1773.302422
-69.716181,238,1773.62844
181.194432,610,1774.724645
-82.249041,219,1775.017153
-39.388447,284,1775.457303
155.563196,356,1776.112187
127.276385,1000,1778.335305
-60.428379,233,1778.665022
112.464963,1000,1781.121215
103.358634,1000,1783.373521
160.065215,439,1784.177509
-72.890183,221,1784.488599
188.509416,315,1784.968584
-75.214154,186,1785.23244
105.194571,1000,1787.062784
180.279596,424,1787.86333
156.973471,408,1788.591914
-45.653022,309,1789.102738
-53.47186,205,1789.35978
-69.173466,319,1789.869835
205.402898,578,1791.154116
-43.336084,191,1791.434021
184.001806,355,1792.1197
200.163363,965,1794.614257
155.813218,776,1796.678824
179.498301,385,1797.397399
-98.763614,1000,1799.77704
-63.26995,178,1799.997487
160.478227,449,1800.885571
-63.629177,279,1801.323757
-42.783419,308,1801.815566
108.684377,1000,1803.930296
242.297301,604,1805.498162
-129.218089,469,1806.368701
203.328155,349,1806.917639
-77.308521,233,1807.235875
111.489962,1000,1809.084047
205.821675,909,1810.796703
-54.605897,244,1811.144978
148.744456,387,1811.772718
184.816,430,1812.540086
-58.554434,178,1812.794878
-56.594683,164,1812.993904
-49.222244,189,1813.251805
86.426714,1000,1815.898034
-65.886124,227,1816.244393
-30.535913,279,1816.732387
-44.56885,236,1817.103581
140.324206,348,1817.725455
216.135773,425,1818.460098
-83.08049,243,1818.815577
-72.792485,189,1819.090626
206.33761,497,1819.99808
-51.645131,272,1820.440098
251.116322,547,1821.467252
-70.708565,308,1821.908704
-58.376848,378,1822.501569
213.640515,816,1824.596258
198.825486,402,1825.56228
-66.30287,165,1825.898747
-48.005614,362,1826.691525
-73.389535,168,1826.984686
181.974512,386,1828.084115
64.454424,1000,1831.630842
-210.706135,306,1832.220139
-55.610479,365,1832.998013
77.058326,1000,1835.143741
239.249985,395,1835.897587
-83.985536,160,1836.085486
-48.729364,239,1836.465971
245.913141,427,1837.250302
-52.005979,1000,1839.502352
187.283582,306,1840.07218
-56.382227,176,1840.321061
183.063322,454,1841.307925
-72.747067,329,1841.781534
-63.463941,214,1842.086065
118.463586,690,1843.616006
252.325276,649,1845.094897
-78.165038,345,1845.666344
-56.405955,236,1846.059486
-46.034997,167,1846.293933
-79.616431,163,1846.60934
-62.069954,182,1846.917401
194.778611,354,1847.689424
246.591906,368,1848.675639
-53.219273,186,1848.975692
-77.362806,257,1849.470765
77.824488,1000,1853.207632
-82.94556,211,1853.57604
209.44952,363,1854.224775
-73.37872,181,1854.492184
-67.057463,184,1854.740256
-79.368494,218,1855.111405
166.089881,545,1856.734299
179.639394,342,1857.296541
-56.036054,284,1857.726449
176.537996,958,1860.358874
-78.178021,268,1860.937995
-68.50757,205,1861.207661
-82.273194,161,1861.41736
-67.237514,204,1861.728606
223.806158,538,1862.883615
-67.773954,247,1863.23573
229.690687,630,1864.778072
149.601398,401,1865.569778
-54.733786,322,1866.121502
-67.801047,209,1866.372058
-63.252547,232,1866.713687
206.231529,394,1867.460364
159.449405,325,1868.241264
-56.37079,201,1868.521399
206.915616,649,1870.102304
-70.477172,194,1870.386495
158.605822,372,1871.102264
41.637461,571,1872.287427
-57.144337,159,1872.551771
-60.308924,273,1873.024753
242.244132,585,1874.647364
-73.839729,191,1874.932803
-50.623651,188,1875.191864
-83.330683,259,1875.6423
158.510839,442,1876.743621
191.298354,310,1877.332074
-75.886186,173,1877.563097
-34.907293,214,1877.850637
-76.20044,214,1878.145901
-73.851554,245,1878.66342
-40.782872,228,1878.995444
-80.42231,245,1879.391435
-73.133673,215,1879.762522
-17.912625,287,1880.26857
-71.143691,191,1880.571133
255.0822,497,1881.628391
-173.608324,500,1882.63553
242.49869,362,1883.32991
-71.633664,244,1883.808952
-64.118605,192,1884.159262
-75.700265,278,1884.722855
187.938193,847,1887.105438
256.168795,383,1887.820518
-60.280053,198,1888.076665
-67.411013,306,1888.562426
-68.139291,233,1888.862742
-90.378384,289,1889.347579
213.846427,365,1890.006534
-96.893497,202,1890.327276
178.399901,351,1890.983964
-107.708411,310,1891.450328
117.484593,1000,1893.921749
-94.851816,181,1894.214651
-79.031882,233,1894.556816
-27.313834,273,1894.938759
-55.571745,298,1895.465128
-66.843656,191,1895.707217
184.649563,605,1897.086472
140.85127,402,1897.888535
119.504066,1000,1900.370338
61.636393,1000,1904.170422
122.741085,500,1905.397821
162.502246,400,1906.318431
207.379794,409,1907.350908
-136.496167,544,1908.753676
-61.634589,206,1909.199931
219.804859,585,1910.802465
208.911983,377,1911.498407
-145.830484,515,1912.42818
62.999103,1000,1914.904381
138.293967,315,1915.417227
191.356265,321,1915.962757
-76.000889,205,1916.247366
-82.852346,163,1916.445644
-69.76748,198,1916.710555
-20.862752,162,1916.914133
-72.462975,186,1917.142901
-71.83808,272,1917.508716
-46.95073,235,1917.854273
100.065588,1000,1920.766708
221.340051,428,1921.782729
236.556658,433,1922.661555
167.67547,328,1923.27197
-110.386191,344,1923.842102
172.934692,344,1924.479752
178.20586,330,1925.042398
-48.377942,194,1925.322389
-78.147115,230,1925.694269
208.200702,328,1926.19659
-61.70406,226,1926.532656
111.844638,455,1927.591463
241.571079,370,1928.264845
-80.376442,206,1928.569065
-77.951922,166,1928.78256
-48.807157,159,1929.044391
172.79942,324,1929.642834
-65.047395,207,1929.952279
-84.447536,295,1930.429633
-81.105834,142,1930.626586
157.58293,350,1931.361218
239.84915,278,1931.845061
-117.436733,253,1932.191295
-82.646115,198,1932.50729
-62.01722,248,1932.859041
-49.327093,211,1933.2262
-35.385779,222,1933.671904
206.397314,295,1934.225167
209.686964,497,1935.294335
256.367965,356,1936.040111
-68.684368,315,1936.549666
-85.400186,180,1936.796953
-83.214609,209,1937.06526
203.978534,290,1937.529936
-116.982486,404,1938.144948
-23.265654,221,1938.407654
225.499692,354,1939.010379
118.594375,1000,1941.798812
113.753262,334,1942.368062
-57.0484,201,1942.629839
-10.971841,190,1942.887101
175.287662,279,1943.324099
-90.834785,203,1943.577534
153.280001,270,1944.003773
-50.879653,233,1944.30459
171.632099,529,1945.453802
186.115578,331,1946.023122
182.044645,299,1946.526686
-15.526246,294,1946.988066
-53.109102,273,1947.39745
-73.744279,179,1947.615513
90.313005,1000,1949.66321
-72.899929,142,1949.829705
227.760978,492,1950.865021
-65.377257,172,1951.085056
-86.623745,191,1951.341893
224.617349,353,1952.000264
-59.881245,169,1952.196467
187.3706,286,1952.649002
84.465403,571,1953.812684
-72.817275,263,1954.152287
219.743458,360,1954.825333
-52.273072,167,1955.035439
-53.447472,187,1955.259837
-80.795055,282,1955.736518
206.122805,329,1956.32076
217.251422,314,1956.819215
-111.093035,325,1957.28072
-61.660517,239,1957.611778
167.147578,338,1958.168046
-73.221549,154,1958.350899
-85.632263,218,1958.645171
-69.271631,167,1958.870771
-87.115729,256,1959.236448
194.545705,361,1959.840388
-82.138274,217,1960.112657
41.706191,1000,1962.277906
-21.582131,265,1962.684054
181.732496,324,1963.224686
229.075651,315,1963.701994
-164.788902,307,1964.172812
175.455126,340,1964.75785
-69.379139,172,1965.004437
-43.908447,180,1965.228321
-93.617914,188,1965.458041
207.929226,241,1965.834808
176.813372,329,1966.365398
-108.052068,249,1966.738453
183.448293,309,1967.290665
-85.674081,208,1967.592697
-104.595272,220,1967.893932
-111.924971,344,1968.410185
-69.441293,307,1968.858839
-113.629674,338,1969.356809
-63.918317,253,1969.729114
-46.680925,156,1969.978065
256.984651,312,1970.558035
-71.160055,222,1970.89992
-73.920597,218,1971.195238
169.774582,444,1971.951341
129.956626,1000,1974.324662
-57.855027,191,1974.570442
-90.730594,243,1974.944256
-53.839992,202,1975.206
-77.096693,174,1975.417214
-52.261797,215,1975.724085
-76.598531,156,1975.901336
-46.325154,212,1976.229774
-71.153304,186,1976.461943
132.668959,325,1977.043668
148.901431,360,1978.130652
-87.234646,179,1978.559562
166.984734,325,1979.435535
246.387424,599,1981.579825
49.99912,1000,1984.689927
147.641285,380,1985.824414
-12.635313,206,1986.258164
-22.183768,192,1986.68396
-78.429448,185,1987.042604
-80.555208,174,1987.445947
238.350745,297,1988.242914
109.987311,1000,1992.064449
164.231876,287,1992.785003
-33.798032,194,1993.245612
-69.272594,236,1993.788313
-80.626982,217,1994.440625
134.373866,1000,1998.741102
-73.941426,235,1999.30646
-83.736445,270,1999.924898
-79.676214,181,2000.38408
179.9805,485,2002.012871
224.672264,705,2004.425595
-48.795492,295,2005.223904
-84.770419,136,2005.507709
158.135673,413,2006.698692
-115.43658,279,2007.364801
-45.484325,197,2007.851135
163.944009,1000,2011.713433
113.089533,1000,2014.537805
188.008884,342,2015.189538
254.198861,598,2016.781604
178.701446,312,2017.300185
244.63951,677,2019.613613
-75.287565,147,2019.845903
196.734027,473,2021.057076
227.829906,359,2021.839721
-73.521775,161,2022.106498
187.929052,316,2022.764581
184.100475,362,2023.466156
189.865283,287,2023.885543
167.073943,392,2024.562542
142.205233,291,2025.256958
-72.581377,178,2025.566742
-96.612761,164,2025.820677
-161.037861,554,2027.019556
186.629906,878,2029.491646
121.585283,1000,2032.004143
100.79081,1000,2036.308791
216.98679,425,2037.458099
170.87706,399,2039.297445
-74.651809,221,2040.063891
155.770253,1000,2043.773958
167.855991,251,2044.233657
203.371897,320,2045.211294
-101.643203,268,2045.993133
-63.457668,210,2046.439113
163.32193,431,2047.847058
-40.981739,236,2048.416212
136.710363,1000,2052.350026
104.581467,1000,2055.464839
213.618231,497,2056.862174
222.713449,310,2057.394631
-89.559853,184,2057.714292
-60.689119,283,2058.218837
259.044149,377,2059.115224
-82.733603,319,2059.734353
-58.435348,1000,2062.257353
256.650724,480,2063.858343
223.127157,443,2065.053286
-95.055701,351,2065.689212
165.519022,386,2066.708819
-122.656576,325,2067.301618
210.512836,305,2067.97112
75.284618,1000,2070.584187
-110.086428,272,2070.970548
-132.422158,314,2071.48338
211.136966,309,2072.168525
146.712277,538,2073.666458
159.515476,304,2074.176173
-67.957949,256,2074.835804
-62.356386,181,2075.169671
83.708605,1000,2078.36555
142.365389,414,2079.536599
142.806362,325,2080.531379
-36.779061,266,2081.170697
199.02556,353,2082.176168
183.237809,356,2083.043798
180.22431,357,2083.878905
159.247409,381,2084.892414
-54.632229,181,2085.177899
-64.303757,211,2085.584207
-52.233837,244,2086.06386
-64.978162,247,2086.609025
-50.969972,203,2086.979144
245.628455,441,2088.093217
-81.950472,335,2088.736084
68.28684,1000,2091.274937
-119.722961,443,2092.302965
194.407623,305,2093.002423
151.685091,392,2094.026058
95.521137,1000,2097.43693
159.546394,427,2098.578059
234.466865,334,2099.442402
-67.259179,330,2100.085899
-53.162829,216,2100.580621
-145.041715,406,2101.582281
131.745697,632,2103.017292
207.545374,397,2103.992796
52.598351,1000,2106.660646
-55.791608,191,2107.053789
166.673593,950,2110.240329
-70.136979,218,2110.697184
-254.769034,444,2111.719029
-53.506645,203,2112.100299
221.344281,360,2112.955977
-44.083055,254,2113.43365
-172.21645,670,2115.092333
-10.486654,196,2115.425588
189.412737,578,2116.976632
-99.090173,236,2117.46006
196.131457,323,2118.172727
132.144157,345,2119.003871
196.069533,362,2119.675507
132.759471,396,2120.403406
-54.268347,286,2120.809391
-40.902936,260,2121.180778
-45.848478,255,2121.522108
-7.509224,263,2121.887226
-71.792491,304,2122.311878
-121.957516,339,2122.866012
171.467752,268,2123.264842
166.861381,388,2123.889908
185.443799,325,2124.425251
222.805677,267,2124.905443
-90.046147,378,2125.48115
222.412837,300,2125.994889
228.612851,308,2126.559251
-46.097858,219,2126.869505
183.155528,321,2127.423197
-59.175758,271,2127.800052
-66.156162,212,2128.103866
195.003207,418,2128.900443
182.785514,937,2130.953237
74.978326,1000,2133.659104
-54.516681,329,2134.304201
9.832519,258,2134.754616
-72.014064,237,2135.112591
-29.418312,239,2135.516171
185.010985,312,2136.12886
129.798301,1000,2138.884132
164.689727,338,2139.486177
-85.298105,339,2140.203061
203.912458,322,2140.873999
-117.557326,295,2141.517094
181.114583,452,2142.426938
-78.123889,428,2143.305765
197.430994,357,2143.964917
178.994024,287,2144.46399
187.225185,741,2146.065114
199.423282,307,2146.607608
97.516711,1000,2149.947602
190.320729,333,2150.544968
119.527421,566,2151.596835
199.730208,568,2152.917103
194.329963,321,2153.45068
175.458112,374,2154.371608
242.517075,350,2154.993409
-55.575771,248,2155.346634
-37.720031,219,2155.696854
-68.729772,244,2156.042033
176.564333,326,2156.626528
-29.591223,395,2157.467893
174.808716,335,2158.072317
80.399998,1000,2160.234411
124.793261,364,2160.900133
-60.465011,189,2161.151181
223.322065,975,2163.250982
151.520221,313,2163.794744
-54.705555,241,2164.185389
238.498548,360,2164.95685
211.108958,364,2165.740006
188.480668,341,2166.456798
201.738646,331,2167.601584
205.652787,332,2168.481099
196.017794,330,2169.406467
-60.889755,223,2169.814086
-39.167587,289,2170.349415
201.528156,290,2171.053502
234.632693,498,2172.102771
121.332559,1000,2174.526251
113.106023,1000,2177.240169
-74.391596,192,2177.514955
194.613149,243,2177.958354
-55.786587,178,2178.32118
-64.744136,239,2178.747863
-57.225012,230,2179.058986
177.565226,263,2179.520764
-93.481003,194,2179.989085
104.115432,1000,2182.660409
197.02607,278,2183.136433
-48.768362,246,2183.542486
252.780516,366,2184.460413
228.595813,284,2185.225716
-57.412023,215,2185.671466
-19.142029,180,2186.25089
216.54992,902,2188.854705
-60.687816,260,2189.326833
233.408333,319,2190.479804
-29.397227,233,2190.988345
190.058768,360,2191.826542
118.494131,1000,2195.605054
224.073477,249,2196.288669
-59.929842,208,2196.660172
210.164237,306,2197.461064
-58.908829,234,2198.159309
236.445746,239,2198.69202
90.635144,1000,2201.798009
-29.480211,184,2202.345472
182.385542,212,2202.79452
244.042962,259,2203.268663
109.958159,1000,2205.669411
-60.872377,188,2205.960986
11.630605,195,2206.237519
111.080278,1000,2209.157374
-74.393884,282,2209.64778
169.446704,818,2211.317099
-7.582632,227,2211.66454
-49.242226,212,2211.988035
-39.145323,120,2212.145737
-64.500015,147,2212.328885
-81.165598,195,2212.766608
196.276498,978,2214.92603
-19.281251,152,2215.167027
8.500577,217,2215.489546
189.965251,219,2215.84839
-22.117542,193,2216.155933
-105.694633,191,2216.377047
-6.409854,130,2216.548091
227.004439,853,2218.36183
189.476994,296,2218.868329
115.101317,1000,2221.428916
-65.403931,238,2221.746724
202.053479,452,2222.726057
-47.124774,175,2223.039248
237.585166,249,2223.43851
-90.218864,372,2224.205274
-29.458813,290,2224.714892
173.143872,334,2225.347666
198.28204,310,2226.058957
159.759669,337,2226.657011
202.470231,229,2227.099677
-40.869002,192,2227.407054
235.161226,975,2229.271154
137.054458,290,2229.771165
-141.463078,270,2230.202941
177.825523,267,2230.681747
253.470159,543,2231.728257
-19.805306,133,2231.919421
141.599254,1000,2233.991909
236.932514,305,2234.511458
230.354641,685,2236.442993
234.601618,293,2236.913848
-22.806519,173,2237.138194
180.15432,390,2237.836814
-14.891546,189,2238.124543
231.447636,233,2238.462231
199.141623,269,2238.895697
149.629278,406,2239.567425
16.495231,224,2239.877024
-158.500686,401,2240.527755
-17.969497,145,2240.725714
228.543043,246,2241.125278
-17.548912,140,2241.333949
229.904972,239,2241.700292
-72.709261,189,2241.980962
-76.12345,250,2242.321955
-65.536226,248,2242.804154
209.912256,238,2243.260381
-61.939933,162,2243.469612
222.279822,707,2245.109826
180.256373,299,2245.575544
-47.828885,204,2245.859463
208.118651,268,2246.392006
5.576711,222,2246.758456
193.833276,396,2247.549492
253.963993,246,2248.067231
-59.717306,231,2248.513013
169.479866,336,2249.232731
-47.747554,156,2249.451685
-61.10317,176,2249.79624
252.78582,254,2250.279466
149.305647,379,2251.188022
218.381943,645,2252.840995
-60.283169,202,2253.169098
233.957312,258,2253.717883
210.056048,229,2254.126007
-22.781771,178,2254.392112
175.754664,349,2255.16584
210.438382,271,2255.700144
-99.120106,182,2256.081239
-48.775753,177,2256.364053
162.986983,323,2257.003231
236.358108,278,2257.523386
-31.761933,185,2257.79104
218.124121,251,2258.280732
-74.238878,279,2258.734641
233.296326,269,2259.190218
144.626154,357,2259.856395
225.124806,271,2260.363005
225.877565,291,2260.97576
194.720487,337,2261.592138
-194.113612,317,2262.212284
81.701856,1000,2265.362956
-45.522877,176,2265.799175
-19.209337,188,2266.101647
-55.561448,311,2266.701952
-34.899348,197,2267.024026
-85.240058,276,2267.547426
-38.468947,260,2268.011495
133.591179,333,2268.710939
-54.896848,221,2269.101968
-25.674118,166,2269.340773
86.766604,1000,2272.192087
-77.913995,176,2272.47076
238.000042,238,2272.90074
221.56553,269,2273.380822
-41.378472,201,2273.736199
225.381202,279,2274.246504
-58.456851,218,2274.607878
166.332797,277,2275.146565
124.341139,1000,2277.999107
92.779109,1000,2280.35715
225.643151,641,2281.821085
-63.610736,191,2282.097052
224.787947,368,2282.961469
263.154243,346,2283.796943
217.51337,267,2284.342491
156.126519,366,2285.095436
161.5248,335,2285.866762
-1.906685,145,2286.129174
-8.806017,183,2286.467838
-28.557102,155,2286.730079
-85.003604,269,2287.39053
213.955031,273,2288.139587
-16.778348,239,2288.727041
-59.477662,233,2289.087543
-8.498433,170,2289.396967
-67.699629,213,2289.807971
-78.027218,173,2290.149751
241.044196,318,2291.131551
-50.106519,154,2291.423565
202.515914,421,2292.700731
218.181076,230,2293.089591
139.2771,507,2294.542093
94.656358,515,2295.875956
-31.218248,166,2296.20458
-65.999797,178,2296.492632
-51.876932,124,2296.669834
189.856609,305,2297.345823
260.56979,241,2297.855846
-77.418138,313,2298.625163
182.984498,252,2299.185818
-75.369721,232,2299.617808
-28.187657,130,2299.813393
-69.183856,168,2300.060547
221.812221,296,2300.79927
-113.268433,374,2301.677722
-59.92348,153,2301.960915
118.555041,1000,2306.671159
205.247186,304,2310.236714
193.440255,897,2313.112669
10.201778,158,2313.323671
167.779521,321,2314.131714
