#{"t_start": 1574128885.7967381, "env_id": "BipedalWalker-v2"}
r,l,t
-99.112245,1600,3.394284
-114.336909,56,3.461141
-116.810675,118,3.624401
-91.935415,1600,5.774908
-115.81873,67,5.851253
-116.389277,109,6.004688
-112.621339,66,6.110516
-118.628593,115,6.27021
-106.743359,74,6.355977
-111.781289,67,6.464785
-113.798834,72,6.549604
-73.033649,1600,8.689226
-85.795594,1600,10.803244
-58.47537,1600,12.922257
-119.120771,95,13.059967
-112.586344,78,13.151736
-107.286495,63,13.255832
-108.580769,45,13.309662
-109.64938,45,13.364295
-113.050443,69,13.474522
-116.460536,89,13.607829
-106.0046,78,13.698072
-112.888421,59,13.798947
-120.377673,119,13.965947
-77.047879,1600,16.082263
-122.901154,78,16.201369
-75.28533,1600,18.312113
-105.290459,95,18.450168
-60.511078,1600,20.555859
-59.99892,1600,22.721021
-73.542334,1600,24.845922
-65.863611,1600,26.993458
-110.156296,44,27.045812
-115.856616,398,27.574932
-100.625043,86,27.705446
-127.133889,96,27.845988
-101.263951,130,28.022967
-112.507088,326,28.442809
-107.454168,70,28.556077
-116.127751,322,28.971598
-106.426688,70,29.082546
-100.727375,70,29.193132
-121.552575,100,29.307383
-106.012746,59,29.406331
-112.951996,158,29.613858
-104.37983,126,29.785292
-120.79862,183,30.019788
-58.38956,1600,32.171431
-106.99743,41,32.221695
-37.902605,1600,34.349278
-105.437839,99,34.491662
-125.24031,135,34.673784
-31.566482,1600,36.755954
-41.957885,1600,38.872319
-26.571137,1600,40.961959
-104.551119,73,41.081269
-109.347939,187,41.321145
-109.932982,326,41.769763
-104.969336,149,41.9677
-112.88955,1265,43.640323
-104.699292,121,43.806126
-107.568038,352,44.250426
-111.905076,130,44.424969
-101.63439,280,44.825058
-137.528441,688,45.721373
-113.236916,52,45.783081
-115.182784,811,46.860315
-116.487605,75,46.946049
-13.992627,1600,49.07263
-6.384164,1600,51.131192
-109.727227,46,51.215164
-99.464252,198,51.461766
-107.46377,57,51.559228
-106.429099,384,52.067566
-103.321891,53,52.130216
-105.864467,56,52.22525
-118.0237,88,52.326363
-104.416052,159,52.533339
-97.58339,478,53.169766
-67.191973,911,54.35322
-113.849258,64,54.457267
-92.696145,127,54.631871
-101.629327,81,54.725404
-102.223895,62,54.828192
-102.218359,55,54.894066
-111.914121,101,55.037937
-174.779859,660,55.923642
-97.341764,84,56.052042
-113.289919,76,56.168126
-98.029641,195,56.412682
-102.876283,51,56.473375
-115.281809,88,56.601443
-96.150748,84,56.735924
-109.680277,69,56.816298
-99.499156,67,56.923846
-113.478891,67,57.001798
-112.945244,50,57.092138
-104.787527,58,57.159195
30.366465,1600,59.269046
-102.943507,120,59.433936
-156.373946,671,60.333986
-99.790977,77,60.422042
-84.885452,1374,62.217695
-117.622033,54,62.310904
-101.666939,1578,64.353983
-117.547308,122,64.519779
-107.591541,51,64.581118
-105.016536,72,64.694958
-106.832181,89,64.826805
-117.459545,76,64.914287
-106.971211,48,65.000599
-119.329814,94,65.108486
-126.146559,115,65.269671
-104.630008,67,65.37816
-113.687507,60,65.448039
-107.153407,50,65.536201
-106.360398,74,65.622208
-101.632659,137,65.805243
-109.689628,76,65.923281
-97.270995,263,66.270191
-85.603886,1095,67.681805
-102.401579,97,67.822544
-2.849606,1600,69.928623
-77.962659,881,71.078526
-98.588302,62,71.149846
-106.697632,57,71.216423
-107.060107,52,71.307961
-117.402284,68,71.388049
-102.401035,144,71.608166
-97.471243,1306,73.323947
-104.720818,891,74.48692
-103.750165,57,74.554023
-109.965655,41,74.603486
20.914743,1600,76.717945
-127.561049,98,76.862781
-104.313491,45,76.916677
-0.857954,1600,79.067629
-3.474892,1600,81.168091
-78.691076,409,81.708043
-103.697809,64,81.810289
-122.61428,82,81.903912
-97.699434,85,82.031741
-69.422586,399,82.555362
-116.34076,65,82.660836
-102.569699,61,82.731816
-105.137116,60,82.831673
-108.644116,48,82.888603
-124.121055,111,83.043557
-113.331572,64,83.116732
-106.74848,66,83.223553
-99.06299,57,83.29066
-105.951292,64,83.394815
-119.06856,56,83.461457
-97.992594,77,83.580668
-95.436323,118,83.743781
-97.319695,126,83.915365
-116.849658,63,83.987986
-70.149522,1206,85.594245
-98.427746,88,85.694902
-130.788989,104,85.843291
-81.917859,245,86.171709
-93.525569,123,86.340364
-76.02095,351,86.813583
-115.674818,83,86.938984
-98.068482,77,87.029196
-101.063669,73,87.14535
-103.721736,81,87.23901
-76.160714,191,87.509602
-101.499362,60,87.580949
-90.618972,164,87.828104
-112.801512,76,87.918016
-80.842802,371,88.407561
-92.711755,345,88.883074
-83.549927,251,89.244398
-109.884228,67,89.325502
-90.164799,196,89.606225
-119.211616,131,89.782525
-110.884024,74,89.867398
-113.312303,79,89.987518
-102.401352,69,90.09729
-116.773017,61,90.168428
-109.154818,59,90.236488
-125.386534,104,90.385921
-96.741734,108,90.537475
-117.331808,108,90.689102
-119.659314,106,90.837419
-111.11427,63,90.911419
-107.561096,71,91.022636
-104.049764,47,91.079348
-117.808945,113,91.236912
-107.157264,44,91.2898
-110.304986,88,91.421189
-113.042884,54,91.521793
-119.481753,93,91.630139
-65.894562,609,92.445079
-114.005906,78,92.565204
-114.658773,83,92.659589
-117.011845,69,92.770143
-106.078978,75,92.85646
-102.289444,79,92.978589
-120.090774,104,93.1272
-122.104158,96,93.263797
-77.89723,294,93.642188
-114.947292,74,93.726723
-111.80229,75,93.841744
-120.389387,63,93.944277
-109.034718,120,94.080566
-72.546812,260,94.422888
-106.09758,73,94.536431
-76.89596,288,94.919367
-108.335276,62,95.024261
-109.372463,59,95.093791
-110.87609,59,95.193749
-96.718984,88,95.295598
-112.72387,101,95.441169
-102.934183,76,95.560187
-114.550943,133,95.740849
-99.476562,97,95.88139
-122.30001,106,96.001975
-87.457134,213,96.294347
-84.843966,253,96.629876
10.150813,1600,98.767017
-107.007227,61,98.839399
-123.987571,70,98.948404
8.75146,1600,101.067949
-117.631616,62,101.170235
-29.105758,1600,103.27556
-56.088038,1600,105.420086
-104.283615,119,105.555582
-104.041357,86,105.685659
-106.543684,1600,107.844224
-118.18768,78,107.9338
-101.289895,1600,110.077377
-72.157352,1600,112.201368
-102.173705,70,112.312984
-98.846844,79,112.403382
2.380518,1600,114.533413
-79.58331,778,115.552912
-121.247831,98,115.692821
-116.186025,77,115.780113
-107.669467,63,115.883243
-105.855562,65,115.958983
-104.700988,122,116.127264
-111.902679,97,116.26581
-23.767876,751,117.25473
-98.22941,122,117.423602
-100.955764,85,117.550383
-111.966054,54,117.614955
-113.426137,108,117.767641
-106.423838,55,117.833279
-108.275357,43,117.916065
-108.900386,64,117.990498
-109.878132,49,118.04901
-112.036562,123,118.215821
-100.253306,108,118.368725
-117.287438,97,118.507825
-106.20978,52,118.569617
-107.689625,59,118.669009
-118.712604,89,118.800301
-103.67137,89,118.903805
-73.02352,613,119.719693
-108.320376,44,119.773342
-114.220425,70,119.884658
-106.031274,104,120.033822
-122.793254,75,120.119698
-109.573157,64,120.223552
-92.77206,164,120.434083
-107.29844,44,120.517636
-95.721605,113,120.645556
-96.971222,101,120.789719
-80.196624,241,121.113755
-104.445855,44,121.166321
-108.276118,42,121.246334
-99.346577,105,121.396415
-109.02669,52,121.460176
-105.165314,108,121.61777
-101.368798,64,121.693645
-101.09453,88,121.824335
-106.763463,62,121.896926
-112.350638,74,122.012166
-107.129453,49,122.071162
-106.918368,110,122.223627
-110.142653,54,122.317197
-105.356624,92,122.421557
-99.456135,68,122.530726
-98.20935,111,122.685815
-111.565242,82,122.780666
-108.298241,69,122.890785
-63.731081,540,123.590818
-104.563034,69,123.700928
-103.303685,98,123.841899
-107.507455,75,123.930005
-98.778615,129,124.106426
-111.691992,68,124.213712
-107.777622,65,124.288794
-108.182873,58,124.386177
-106.745702,48,124.443715
-87.496412,137,124.627043
-117.221859,73,124.741625
-118.073426,103,124.859217
-100.198692,95,124.997456
-110.044299,53,125.089029
-106.742669,47,125.146282
-107.143403,52,125.207837
-114.988417,69,125.316608
-116.603164,114,125.472385
-94.264524,96,125.611831
-120.419012,92,125.715233
-107.873473,48,125.801761
-96.88203,83,125.896515
-90.921482,216,126.1928
-109.582586,70,126.302989
-120.813276,74,126.38724
-112.094596,85,126.512936
-118.996569,70,126.594786
-111.873422,70,126.704214
-88.255986,237,127.022833
-107.163651,66,127.099813
-111.888177,58,127.19765
-122.220329,92,127.302013
-110.998859,51,127.393747
-106.792896,72,127.476271
-107.818342,49,127.564988
-111.782552,92,127.669405
-119.098814,65,127.77552
-112.033464,88,127.905485
-103.871352,76,127.993215
-119.475355,71,128.104577
-111.124191,69,128.184305
-116.738946,73,128.298163
-122.490448,76,128.414448
-106.189074,52,128.476101
-110.555163,50,128.535593
-126.774942,116,128.69714
-115.217397,62,128.798776
-84.053109,212,129.059344
-109.231522,50,129.147877
-109.248812,54,129.212211
-109.569223,54,129.305652
-100.211387,112,129.43083
-110.11334,60,129.531804
-112.38876,58,129.60118
-107.003425,77,129.719353
-110.803385,87,129.846686
-114.862819,82,129.93897
-105.903214,60,130.039543
-119.558182,68,130.11922
-110.165409,80,130.241132
-117.277929,92,130.376487
-113.606346,90,130.478105
-124.44825,104,130.626502
-111.14244,75,130.742892
-107.088057,44,130.795212
-117.931294,71,130.907008
-106.843258,48,130.964437
-117.181034,62,131.068165
-118.803165,81,131.161107
-118.91999,106,131.31289
-115.09217,57,131.380053
-120.496622,61,131.48521
-106.114988,55,131.549057
-99.771089,242,131.869695
-40.962428,727,132.827983
-115.782496,89,132.959241
-118.030843,81,133.050824
-92.830375,90,133.181699
133.821616,1600,135.242377
-118.903848,73,135.35621
-103.592985,90,135.488094
-99.191567,106,135.63732
-107.741636,130,135.81089
-108.325173,51,135.870614
-107.209406,51,135.931244
22.111263,1600,138.075486
-74.935237,838,139.164677
-63.640858,729,140.130449
-71.838039,333,140.581295
-118.178391,65,140.657122
-110.018627,52,140.74843
-42.786164,632,141.576414
-59.209589,730,142.513647
-88.449938,355,142.991259
-76.90438,483,143.63058
-18.906264,978,144.87706
-98.92604,263,145.221609
-96.872269,154,145.453824
-105.296517,193,145.698623
-104.106558,66,145.805559
-84.414155,372,146.297096
-125.033314,120,146.46008
-114.130704,45,146.514333
-108.69155,130,146.689212
-110.750164,105,146.836083
-107.685479,92,146.940521
-118.137797,184,147.203241
-86.77428,176,147.42572
-107.5304,140,147.612545
-125.48043,92,147.746028
-115.573226,44,147.799901
-99.679351,156,148.032135
-113.496636,66,148.109022
-110.521615,175,148.372449
-103.764849,74,148.457107
-103.715764,67,148.56403
-108.281466,53,148.626046
-101.358259,119,148.78972
-111.394638,53,148.852401
-117.296048,75,148.968765
-98.2097,155,149.170054
-108.676231,258,149.511933
-101.867326,67,149.620619
-102.7759,79,149.710026
-98.340389,92,149.844427
-114.398419,163,150.051384
-103.163503,50,150.140035
-123.46508,62,150.212832
-103.694263,54,150.308476
-104.183422,56,150.375843
-110.285689,57,150.472211
-101.749508,146,150.664207
-110.824744,87,150.763428
-91.467779,226,151.071358
-94.377777,135,151.25049
-105.24079,85,151.378918
-105.723089,86,151.510204
-117.760878,170,151.728525
-107.174106,66,151.804036
-122.970897,80,151.925612
-126.535271,209,152.212047
-103.287274,68,152.292083
-108.318793,81,152.415328
-94.353236,108,152.567801
-88.421243,388,153.078689
-106.313406,62,153.151383
-102.342667,134,153.334153
-111.446682,62,153.43748
-107.761065,83,153.532806
-105.40715,71,153.645881
-120.847456,87,153.775297
-92.614176,179,154.003254
-85.954724,202,154.285217
-88.346503,169,154.500013
-85.309753,279,154.86031
-93.074711,104,155.008695
-103.239988,87,155.137945
-104.363862,99,155.249698
-93.171581,263,155.590721
-103.479823,142,155.77753
-105.455724,90,155.910284
-125.341201,237,156.226067
-120.919729,99,156.367756
-101.339502,172,156.587277
-98.938269,245,156.910377
-93.810144,126,157.081311
-116.048693,282,157.443282
-106.483089,273,157.796264
-113.568095,63,157.899598
-102.491458,95,158.036264
-96.037724,167,158.252146
-103.578303,74,158.336471
-101.542755,95,158.473218
-116.322149,149,158.6679
-111.565897,156,158.898668
-88.894186,323,159.305236
-116.744045,97,159.444579
-102.67421,68,159.524607
-103.032328,93,159.660221
-45.764898,840,160.766179
-38.156737,619,161.574383
-124.309407,100,161.686191
127.422683,1600,163.767617
-98.187347,272,164.128575
-119.09344,84,164.255068
57.838695,1600,166.355479
-55.613107,997,167.667233
-92.698224,229,167.977374
-107.125316,58,168.045988
-108.237165,135,168.225463
-53.01463,786,169.25019
-20.083299,902,170.416831
-121.940841,79,170.538733
-104.738916,73,170.652975
-109.036503,63,170.726262
-115.762869,93,170.860672
-115.875668,76,170.947257
-84.4534,244,171.269879
-119.847031,76,171.388555
-93.279849,185,171.621264
-114.853523,71,171.731903
-116.478428,172,171.965986
-98.457762,149,172.209171
-91.1588,181,172.46675
-116.430385,90,172.569037
-112.146441,72,172.681716
-119.740507,78,172.800369
-97.302232,174,173.018845
-83.512062,350,173.487521
-118.725422,103,173.63285
-69.532441,400,174.15245
-114.446983,101,174.265605
-98.49957,190,174.531542
-105.774957,89,174.661423
-51.977547,738,175.596304
-94.433853,199,175.872438
-103.405885,90,176.004331
-67.177795,336,176.425828
-80.870341,237,176.750292
-105.474556,101,176.896401
-99.677779,239,177.217706
-102.650848,138,177.402391
-68.266352,392,177.912895
-63.866757,402,178.434294
-58.558106,434,178.989832
-57.055686,522,179.697278
-95.77856,93,179.80305
-101.35407,73,179.916518
1.533424,950,181.134691
-95.398418,122,181.302933
-66.59864,354,181.77567
-94.684881,127,181.950257
180.579484,1600,184.002551
-71.049681,456,184.610854
-89.268327,184,184.842747
-99.796059,99,184.983909
-66.121758,329,185.423064
-93.518375,137,185.606697
-86.447255,224,185.907048
-64.542746,345,186.337394
-74.287115,328,186.778784
-84.66115,258,187.118121
-39.518296,443,187.679746
-72.137996,303,188.095729
-108.842222,134,188.274344
-74.347876,296,188.650463
-102.190825,120,188.816643
1.633312,1267,190.451552
9.512683,984,191.726983
-120.197771,140,191.912901
-96.619184,104,192.059645
-94.493348,111,192.183565
-50.650087,468,192.806392
-85.14547,260,193.146737
-86.235598,201,193.425477
-79.870741,280,193.786943
-115.937685,98,193.925451
-90.943902,183,194.156054
-90.669441,199,194.431832
-90.192379,272,194.785803
-82.365972,307,195.176065
-76.262283,286,195.542336
-103.553345,67,195.649893
-82.632407,197,195.893715
-98.506018,77,196.011537
-57.389011,305,196.399784
-105.274381,114,196.558163
-113.502467,75,196.672487
-109.365323,56,196.738493
-94.810804,93,196.87529
-113.267597,58,196.97212
-89.542971,153,197.170677
-93.863961,89,197.272241
-66.386266,388,197.781312
-103.158397,76,197.900204
-85.759405,295,198.278513
-63.527244,349,198.748007
-101.156639,80,198.868933
-72.227554,321,199.274245
-103.716676,71,199.386667
-102.190601,472,199.979169
-96.028504,97,200.118678
-78.888838,239,200.435878
-102.749007,149,200.632943
-61.749888,488,201.269319
-19.657315,862,202.393134
-101.926029,71,202.47597
-76.39888,358,202.951823
-100.272449,79,203.073403
-63.179355,594,203.827955
127.069969,1600,205.91204
-81.467471,215,206.206612
-107.167995,87,206.306625
-58.492739,413,206.837587
-0.370472,1075,208.259162
-74.307999,480,208.912452
-87.062035,200,209.169593
-99.48089,110,209.328423
19.304164,1393,211.133634
-47.058403,556,211.851184
-39.026186,574,212.611807
-103.893539,78,212.701915
-51.502521,409,213.262321
-103.35692,75,213.349968
-37.451627,546,214.055261
-103.654122,76,214.173055
-107.482509,58,214.241293
-124.176647,71,214.353415
-99.458677,201,214.631639
-105.045791,55,214.696739
-106.337333,62,214.769453
-77.204504,282,215.164542
-107.002686,59,215.234217
-92.820577,296,215.615944
-100.250354,193,215.887929
-106.795167,104,216.036048
-86.878318,193,216.278859
-64.42844,445,216.878736
-104.696036,53,216.941324
-40.680783,726,217.89588
-104.582868,57,217.963178
-100.028936,100,218.106423
-97.354544,333,218.554609
134.661833,1600,220.617618
-106.744994,72,220.730212
-106.311695,46,220.785669
-106.989955,68,220.894652
-22.721704,1011,222.225617
-78.978607,255,222.564306
-102.628144,109,222.687235
-96.641915,99,222.82976
-35.739059,612,223.636756
-71.691264,262,223.979155
-96.245333,67,224.088288
-106.288351,93,224.195122
-109.269031,98,224.33676
-106.204433,57,224.40376
-15.748021,840,225.520174
-100.27683,225,225.82725
-77.259083,300,226.210258
-107.666633,48,226.268127
-7.495469,862,227.396101
-102.23873,58,227.493929
-14.885145,881,228.647928
-97.049482,72,228.731169
-109.028854,150,228.92853
-103.187904,119,229.093062
-94.321547,134,229.270899
-99.810037,99,229.412759
-91.860874,94,229.554445
-32.576159,523,230.236958
-105.186032,117,230.399067
-86.44156,177,230.624213
112.181765,1568,232.651634
-122.800213,66,232.756172
-61.857369,342,233.214328
-96.841971,131,233.392565
-116.048254,66,233.468682
-39.73635,559,234.187235
-72.845463,216,234.483829
-29.003236,454,235.087072
-114.89587,69,235.166841
-98.428272,78,235.286538
-8.199192,763,236.28306
-107.000255,42,236.33448
-91.405966,103,236.479914
-88.926056,197,236.765613
228.911407,1512,238.727763
-66.078779,310,239.152256
-90.971795,146,239.343628
-110.111743,137,239.524293
-92.933033,213,239.816053
-106.131163,52,239.877236
-65.433354,283,240.241899
-88.094868,254,240.579451
-109.733227,90,240.710945
-99.16677,96,240.850059
-84.342699,196,241.093723
-106.61438,263,241.43701
-77.61036,205,241.728131
-94.265911,313,242.12661
-103.710733,228,242.43422
-76.908314,249,242.766535
-87.034694,131,242.940196
-86.83008,252,243.273567
-81.879475,273,243.626648
-13.70149,1072,245.035233
-63.585367,577,245.767738
-94.208413,89,245.898292
130.509764,1600,247.966505
141.691488,1600,250.057759
-107.225697,68,250.137471
-69.700776,336,250.590805
-81.548686,185,250.820796
-42.167252,561,251.570344
193.166624,1600,253.629135
-69.471642,338,254.080699
-105.503871,53,254.14376
-57.992279,394,254.656883
-71.338316,248,254.982015
-105.06833,69,255.09164
-89.438936,150,255.287109
-99.638112,96,255.42528
-108.052688,50,255.48421
-101.629242,78,255.601686
-114.226447,93,255.705893
-109.061356,80,255.827011
-98.148533,148,256.020719
-85.096142,177,256.273774
-92.542609,173,256.492958
-77.66872,221,256.791384
-119.213396,97,256.902211
-87.470418,188,257.168324
-47.89689,485,257.801604
-110.175146,91,257.905801
-124.2584,111,258.06077
-81.864716,215,258.356147
-132.612665,138,258.541088
-121.255405,77,258.659443
-101.138577,88,258.760959
-96.721063,102,258.905878
-16.374082,674,259.769713
-111.89058,78,259.888567
-117.312876,112,260.044348
-115.230758,100,260.188815
-49.806408,515,260.857012
-96.507811,120,261.020456
-114.388508,109,261.172234
152.84465,1600,263.221057
184.96348,1600,265.307619
-95.346368,188,265.543337
163.552224,1600,267.601795
9.654429,1028,268.965544
-48.158476,403,269.482779
-102.845036,135,269.664343
-104.041492,74,269.749301
-57.719911,550,270.48519
-116.940898,99,270.596914
-110.259206,122,270.763019
-133.893721,124,270.931807
-101.931512,102,271.076011
-101.749615,75,271.191772
-109.070509,45,271.245865
-100.413835,88,271.376708
-112.512864,87,271.478395
-98.835775,99,271.620207
6.82847,1111,273.069373
-106.945379,51,273.130104
184.420164,1600,275.205728
73.380344,1411,277.017145
-107.577729,74,277.102607
-109.35615,127,277.274232
52.781852,1482,279.202147
-103.58633,82,279.324678
-75.685438,346,279.755093
-114.2295,79,279.874885
-105.014353,64,279.949738
-118.443858,60,280.050526
-116.525486,104,280.197793
-122.580822,110,280.350681
-117.557224,79,280.44146
-108.959682,146,280.63299
-108.126304,78,280.751967
-123.60884,182,280.983015
-119.056096,144,281.173514
-112.403537,76,281.289429
-119.96211,89,281.419644
-70.244488,291,281.789682
-108.621219,78,281.908262
-98.961102,88,282.009246
-60.668563,336,282.459901
-111.99773,102,282.603931
-109.623319,84,282.699936
-112.222731,70,282.81022
-108.916499,117,282.97133
-106.721655,55,283.035432
-108.6942,94,283.170412
-120.696318,118,283.331248
-58.112148,241,283.649752
-95.834509,141,283.834711
-92.881195,177,284.058508
-52.244783,353,284.526174
-102.122155,64,284.630411
-119.483542,83,284.724854
-112.398514,75,284.841235
-91.957876,149,285.036134
-3.860936,647,285.893691
-102.041882,68,286.00451
-109.284767,50,286.064381
-15.41088,550,286.783174
-116.210257,80,286.909437
-112.092356,59,286.980436
-117.288802,80,287.101483
-107.475702,63,287.175401
-114.149605,101,287.318759
-98.220368,102,287.463325
-108.482439,70,287.57308
-116.579425,77,287.663182
-105.120542,70,287.773704
-100.494523,100,287.887447
7.445733,804,288.96713
16.695161,807,290.027364
-102.029133,81,290.15111
-45.527593,411,290.681254
-114.572188,131,290.855357
-99.117141,108,291.005271
-107.164565,68,291.082627
-23.200117,637,291.911434
-116.014363,77,292.027623
-71.734645,284,292.390948
-111.989946,90,292.522116
8.001225,740,293.489517
-103.988013,72,293.572533
-56.718006,463,294.188342
-117.494464,75,294.274518
26.475965,811,295.343358
-108.348113,86,295.442754
-108.170342,170,295.689187
21.480057,778,296.720751
-99.675054,152,296.927131
-112.571128,78,297.045298
-108.47614,63,297.118766
-33.946816,443,297.712799
-114.608187,71,297.794718
-92.459248,200,298.0724
-110.568397,75,298.159816
-110.404857,63,298.261843
-125.889087,116,298.420724
-110.933223,105,298.538613
-115.453085,79,298.658455
-103.160747,88,298.78906
-113.30547,99,298.928296
-115.872084,92,299.032175
233.240301,1422,300.871492
-46.326842,571,301.637785
-106.958503,79,301.729536
-117.174681,84,301.854815
84.642238,1482,303.790401
223.018413,1545,305.789495
-105.713036,59,305.857928
233.895201,1443,307.71872
-96.947881,124,307.887774
-108.064571,78,308.007506
-115.535069,87,308.136439
-118.116826,73,308.22038
-50.04892,332,308.663642
-116.746953,138,308.846812
-118.968082,90,308.977492
96.98993,1090,310.386992
-114.345222,83,310.517367
-110.157273,62,310.590562
-108.35094,84,310.723816
-121.219743,106,310.879987
-118.92019,116,311.04413
-122.289897,112,311.229581
-87.006814,124,311.432207
-106.465937,58,311.529495
-103.757525,74,311.655767
-132.332053,180,311.899473
-97.419625,106,312.052681
-126.375361,120,312.231338
-129.699991,96,312.343869
-111.682311,66,312.462238
-124.873225,109,312.62896
-106.414841,191,312.872038
-104.795461,86,313.001328
-114.132971,73,313.115696
-123.599196,122,313.282009
-122.861239,71,313.364166
-110.785704,63,313.465753
-127.131756,175,313.687744
-107.615789,62,313.759182
-110.982105,93,313.894133
-119.836355,97,314.034064
-114.254504,81,314.155971
-109.538045,41,314.205531
-106.183055,52,314.265968
-110.388308,60,314.36446
-110.163158,68,314.443233
-70.250745,268,314.788199
-102.160105,64,314.89219
-127.339668,122,315.057619
-110.457884,61,315.127927
-109.067697,57,315.223484
-111.315618,116,315.381281
-110.323429,64,315.454684
-109.917558,59,315.553353
-79.080599,271,315.901104
-111.035511,85,315.997752
-42.420942,554,316.733324
-101.025475,106,316.882675
-104.974763,58,316.950391
-104.608128,58,317.018472
-119.826651,71,317.129176
-125.345892,136,317.310646
-101.032662,71,317.421649
-128.701021,113,317.576123
-112.525355,48,317.633222
-124.564284,118,317.793059
-107.545871,61,317.86355
-109.148826,52,317.953155
-128.811433,95,318.060338
-120.982538,86,318.188019
-111.692855,58,318.284364
-109.008939,62,318.355598
-117.369904,148,318.548772
-108.574211,47,318.633986
-116.255858,55,318.698362
-113.289858,73,318.810353
-105.654778,101,318.922372
-87.684237,186,319.183408
-111.024374,74,319.268548
-116.98499,91,319.399623
-117.926024,101,319.541766
-107.949804,80,319.662123
-107.399507,72,319.742774
-110.819558,48,319.79886
-105.285801,73,319.910798
-105.592871,60,319.981084
-123.624188,109,320.133326
-120.786342,86,320.259665
-90.159982,445,320.822395
-108.290497,83,320.945423
25.124528,1325,322.627945
-93.662756,430,323.203218
-128.141729,127,323.374442
-114.684617,51,323.434038
78.250042,1302,325.10735
-50.855252,501,325.760551
-108.283684,73,325.87343
-104.328405,177,326.096285
-112.071024,65,326.200237
-114.102169,88,326.299648
-109.308932,47,326.385253
-108.544522,46,326.440315
-15.963565,453,327.041818
243.230015,1349,328.817702
-110.990564,92,328.952208
-110.715191,90,329.08476
-105.706695,110,329.237289
-109.144689,56,329.302368
-53.382606,585,330.075843
-51.814263,362,330.523932
-98.732386,121,330.687978
-93.713395,176,330.939912
-92.581431,176,331.163492
38.385857,1046,332.525407
-116.541187,83,332.649414
242.486022,1342,334.395376
236.62097,1357,336.182096
-107.224356,50,336.240947
234.853356,1371,338.040485
235.273929,1371,339.841291
-117.340416,81,339.933402
-107.016679,48,340.01955
-112.926221,63,340.091839
12.74716,672,341.006309
-111.009819,74,341.091134
-98.466732,124,341.258059
62.96991,1059,342.624054
-107.945592,49,342.7114
-112.260325,51,342.770778
-10.446209,616,343.579161
-113.292176,50,343.638367
9.596615,746,344.615345
-62.920305,354,345.088238
-111.712135,49,345.145815
0.656163,698,346.074816
-119.080248,67,346.150854
-116.485104,64,346.254179
-122.593167,131,346.428423
-112.835852,59,346.496636
-115.965479,55,346.590076
-115.759211,101,346.73158
-115.740155,78,346.822167
-116.13742,79,346.942753
-119.591717,78,347.032956
-112.106245,54,347.125696
-112.520113,53,347.187969
-118.966541,60,347.286021
-120.601941,63,347.358287
-66.781707,478,347.988847
-110.475067,47,348.044949
-120.86314,79,348.164289
-121.092612,155,348.363175
-119.701217,59,348.460453
64.60666,928,349.654462
-17.389336,525,350.335533
-119.618533,74,350.420615
-110.40188,50,350.509156
-103.38876,141,350.694005
-107.098113,114,350.848932
-115.823811,64,350.922108
-51.140552,335,351.375136
-96.919723,93,351.509604
-120.452711,64,351.582342
-122.336383,84,351.706323
-114.106876,53,351.768311
-119.932139,59,351.865363
-85.691284,270,352.21381
-92.472872,203,352.464152
-120.179849,62,352.564379
-119.064063,120,352.726813
-114.154343,51,352.78591
-74.757294,304,353.20273
-48.86387,404,353.729966
-113.483533,64,353.803572
-118.172909,72,353.916482
-113.858387,73,354.000417
-68.973874,307,354.422107
-115.394511,65,354.497451
-28.507723,580,355.273797
-78.828567,217,355.57034
-58.642926,489,356.182262
-115.850674,100,356.323721
241.711861,1309,358.029484
-122.98078,67,358.140876
-112.974197,66,358.21738
232.177435,1393,360.04119
-6.840976,798,361.108471
224.799704,1499,363.039892
-128.53727,104,363.187597
-115.976143,86,363.314147
-116.89321,84,363.409657
-102.561947,139,363.593993
-112.394539,104,363.739303
-115.387491,111,363.892569
-119.395107,88,364.021283
-118.781322,77,364.108671
-119.23129,76,364.224685
-113.52165,119,364.38643
-108.866754,66,364.461326
31.290233,806,365.536617
-29.6519,554,366.248012
-112.238695,45,366.302156
-111.220269,49,366.390501
-118.787456,113,366.548019
-123.834666,70,366.627913
-125.077023,113,366.782402
-78.358602,327,367.221114
-111.333499,51,367.28082
-120.85612,129,367.452849
-118.238755,76,367.569383
-111.524618,56,367.635021
-120.436639,116,367.79259
-112.066089,61,367.893157
-124.475907,93,367.998717
-106.325207,70,368.1085
-111.340832,58,368.176576
-118.69155,113,368.33277
-110.665293,54,368.425438
-112.24528,56,368.490325
-110.967265,58,368.557976
-110.672421,52,368.64848
-109.977778,56,368.713999
-118.226451,63,368.81617
-118.408333,86,368.913558
-111.11518,52,369.004961
-110.763058,61,369.075962
-6.785516,612,369.881543
-110.002997,58,369.979164
-114.152936,99,370.090373
-105.245068,132,370.267527
-111.596292,65,370.37134
-114.76987,161,370.578326
-113.516774,54,370.670492
-101.182176,147,370.862678
-107.467343,54,370.925637
-80.527733,219,371.221951
-126.436812,153,371.420134
-105.631861,150,371.615306
64.895631,914,372.80216
-117.165628,70,372.912313
-121.522409,135,373.093347
-123.699827,78,373.212007
-113.951263,129,373.383674
-118.318065,70,373.463604
-113.504958,119,373.625187
-113.703672,57,373.691569
-119.957409,101,373.83466
-102.195218,86,373.961955
-109.799914,47,374.018159
-108.844243,75,374.134351
-117.461912,79,374.252154
-119.918539,83,374.346576
-110.499968,54,374.438929
-109.913461,53,374.501031
-94.900112,146,374.691574
-110.744618,66,374.796947
-81.748564,162,375.004646
-125.319162,82,375.128258
-120.599322,83,375.222513
-120.857404,103,375.36673
-45.097778,349,375.832509
-121.474813,91,375.935158
-118.867692,68,376.041718
-112.846007,64,376.115327
-114.501049,75,376.230995
-113.909597,85,376.35517
-16.213167,757,377.343606
-113.20816,50,377.402272
-114.518537,68,377.509869
-117.827773,73,377.592068
-123.160271,101,377.734095
-109.642019,76,377.85087
-111.879852,80,377.941045
-111.119937,54,378.034416
-97.786408,182,378.262703
-111.635418,102,378.405263
-117.022332,75,378.490507
240.80108,1362,380.280667
229.167684,1456,382.177133
-114.875098,64,382.279807
214.938323,1600,384.355271
244.910323,1268,386.012614
-119.37182,75,386.127654
96.264705,1072,387.514483
-118.042458,68,387.622406
-109.748381,52,387.683411
-54.485651,395,388.20258
-109.137028,294,388.608976
-80.482697,317,389.011381
-109.339503,52,389.07268
238.705397,1382,390.870201
-113.868265,73,390.983898
-114.277394,64,391.057389
-117.068004,79,391.177246
-13.670668,565,391.904026
-115.236253,49,391.990129
-110.213418,65,392.065046
-114.488842,61,392.164588
-74.435425,392,392.673066
-110.178367,67,392.750319
-110.174346,60,392.850377
-122.415887,145,393.039963
-126.903275,139,393.222728
-119.204001,68,393.331282
-116.158147,63,393.404102
-116.255143,54,393.465925
-120.870178,74,393.580385
-116.761927,59,393.648654
-122.736191,117,393.809262
-113.221553,137,393.989777
-114.546507,70,394.100335
-116.376781,98,394.242129
-46.576418,386,394.744108
-124.116958,81,394.836311
-120.30771,83,394.960332
-118.856922,68,395.069947
237.053502,1362,396.823225
-55.196306,489,397.463826
-114.659535,75,397.577753
245.266753,1271,399.23408
-119.153255,71,399.315294
-122.726033,84,399.439487
-125.275029,92,399.572187
250.738339,1232,401.166502
31.703718,705,402.103301
-117.464549,59,402.172487
69.172906,1018,403.504104
-112.443662,55,403.597514
-94.2215,99,403.710221
-36.915563,719,404.669838
-98.879668,71,404.751199
15.853847,639,405.596744
-39.177975,319,406.030417
-112.107584,53,406.092478
-116.820085,92,406.224825
15.099609,586,406.996725
253.797298,1225,408.565697
-118.15965,139,408.751805
-114.830465,54,408.844771
-98.475931,66,408.920582
-116.557794,88,409.049837
-73.018048,320,409.450065
-74.430229,171,409.696478
-117.107672,75,409.781478
-108.211762,51,409.871337
-114.70173,63,409.944175
-113.92605,63,410.046795
-105.90024,140,410.228825
-110.943713,58,410.29546
-115.292516,91,410.4284
-114.495213,104,410.574836
-111.301366,61,410.644877
-119.703239,91,410.776775
-93.903615,103,410.921627
-111.19192,139,411.103846
-3.17101,571,411.834412
-109.034497,56,411.929003
-104.209467,134,412.107436
-95.027507,142,412.294243
-98.278461,119,412.456508
-98.943367,82,412.579857
-108.616119,128,412.751288
-20.631603,395,413.265422
63.389771,813,414.308984
-3.314395,515,414.974979
136.925658,1147,416.460159
-110.336006,98,416.60087
-120.327169,67,416.678337
-113.967724,64,416.791728
-107.73289,49,416.848912
-115.725466,66,416.953811
-114.651225,118,417.113541
-119.541768,65,417.18825
-64.522618,273,417.542146
-75.647362,216,417.835563
-124.89542,194,418.080282
-118.297082,105,418.228995
-112.126004,105,418.374706
-93.503343,103,418.518914
48.429365,717,419.428018
-6.632871,443,420.024587
-49.828764,258,420.361434
-23.812516,481,420.994507
-107.192237,87,421.092528
-3.304396,475,421.723471
-102.661487,73,421.837194
-115.317952,67,421.914172
-115.627005,86,422.040279
-108.419908,46,422.094608
-111.150624,75,422.208194
-109.000642,100,422.349318
-109.024118,70,422.429658
-111.131366,53,422.519758
-117.873988,59,422.587778
-58.785603,261,422.927957
-7.01296,450,423.530441
-106.886076,47,423.58646
-54.733488,236,423.900916
-110.599134,90,424.00146
-110.714506,50,424.090569
-109.565328,53,424.152645
-110.217553,50,424.240964
-109.530699,42,424.291519
96.165423,948,425.500667
-113.047812,84,425.6246
-107.448547,47,425.680159
-109.808154,71,425.791551
-97.466716,81,425.913881
-112.473583,110,426.036765
-109.427205,51,426.126239
-109.05321,53,426.188297
-119.808683,105,426.334344
-110.32524,73,426.447065
47.793058,827,427.490617
-117.733329,89,427.621194
-110.109207,76,427.708724
59.792467,887,428.847754
-117.670849,68,428.955778
-115.866675,92,429.088997
-114.711277,98,429.198071
-114.218984,64,429.301472
-77.186856,173,429.520369
-54.134757,289,429.890898
-116.453582,77,430.008125
-108.747497,66,430.112857
-118.794202,95,430.220202
-112.562432,76,430.336768
-107.136643,55,430.400705
-112.064389,82,430.522467
-107.364962,48,430.579285
-109.392019,51,430.669038
-117.422238,100,430.809827
-121.314528,82,430.901972
-112.236268,66,431.007915
-107.283212,60,431.07795
-113.852714,77,431.195603
-111.025383,50,431.254371
-83.123757,198,431.527622
31.801374,774,432.52816
-5.961432,535,433.213193
-118.195462,104,433.360232
-13.372976,584,434.098698
19.483474,742,435.0643
77.428573,952,436.302811
41.79156,1064,437.666368
-76.500314,283,438.031698
-110.487701,70,438.140193
-99.969156,161,438.346879
-116.650583,69,438.425275
-85.856794,165,438.665937
115.563079,1244,440.249824
-109.719832,49,440.338367
-101.795344,78,440.427602
-116.403605,71,440.537634
-109.140213,62,440.608402
86.845612,1049,441.987828
110.10765,1057,443.35081
260.785691,1133,444.83585
-111.255298,56,444.901265
-99.075566,71,445.012621
-108.970969,58,445.081135
-117.011164,66,445.186332
-105.912825,71,445.266308
-109.287073,85,445.3908
-109.540306,109,445.542771
-100.136207,100,445.686771
22.190069,648,446.524383
-90.870932,181,446.752649
-110.775276,86,446.879496
-115.090814,107,447.028731
-114.283956,66,447.103924
136.076344,1095,448.541531
-108.176671,58,448.611887
-115.74882,94,448.74773
-108.8024,59,448.815598
16.109811,709,449.774224
-110.400606,70,449.854758
-92.143753,144,450.043002
-111.369038,84,450.168484
-116.71079,47,450.224477
-110.742529,90,450.355936
-112.362724,83,450.479771
-111.859246,56,450.545257
-96.321873,89,450.677132
-113.618464,100,450.817836
-106.43615,51,450.877438
-54.423359,236,451.191708
-115.044546,61,451.262593
-121.627081,114,451.419093
-111.851335,54,451.515203
-112.251491,71,451.598385
-110.885901,86,451.725028
-118.068444,55,451.78897
-125.881268,108,451.937701
-112.052053,77,452.055711
-54.187008,339,452.508022
17.600262,568,453.236625
-109.131209,69,453.345426
-114.606251,76,453.432182
-111.867458,60,453.531471
-113.306921,67,453.608133
-113.631687,65,453.711025
-118.380147,87,453.808143
-107.505529,58,453.904839
-109.587346,76,453.991267
-117.084805,67,454.098498
-108.428543,60,454.168738
-112.844012,67,454.276156
-105.122869,133,454.453348
-116.223051,68,454.532205
-106.190875,73,454.644727
-116.355645,72,454.756834
-102.097371,74,454.841347
-113.649231,69,454.949884
-115.269012,58,455.017311
-109.529,135,455.197276
-109.677446,70,455.306454
-109.366564,74,455.391251
-114.243513,58,455.488693
-105.984276,77,455.577459
-119.180886,71,455.688591
-106.811545,71,455.770184
-111.337445,65,455.874317
-116.363238,56,455.938437
-99.181166,151,456.164345
-114.524497,71,456.247495
-114.403368,74,456.362734
-65.530002,365,456.840515
-107.845595,54,456.903677
-108.791936,67,457.009515
-109.875988,51,457.069618
-109.464607,55,457.13317
-65.832829,329,457.57185
-111.10503,70,457.65303
-93.770845,109,457.802649
-115.684606,97,457.94173
-94.649764,108,458.091474
-117.545323,62,458.162678
-106.592139,72,458.2741
-112.616251,69,458.353155
-1.792488,488,458.994062
-113.833714,77,459.111447
-109.208759,46,459.165713
-6.669535,412,459.692052
-108.020397,58,459.789475
-57.654609,345,460.253979
-107.693136,64,460.327676
-110.523432,68,460.434748
9.280226,570,461.161036
-90.806189,101,461.303765
-112.09028,70,461.382952
-86.705894,132,461.560031
-72.198851,255,461.896398
-107.967711,59,461.994308
-98.775558,97,462.133909
-112.393099,83,462.228225
-102.266351,153,462.453912
-64.974926,319,462.855113
-99.062726,96,462.995365
-89.978977,132,463.171466
-92.446519,91,463.303966
-102.6966,84,463.399218
-29.202026,326,463.837544
-107.712491,76,463.923836
-88.698458,109,464.08341
-114.035209,96,464.223582
60.45166,711,465.14651
-96.00626,84,465.275022
-37.150969,490,465.919656
-96.528677,125,466.088093
-105.169766,90,466.219674
-90.567463,110,466.372943
-80.968655,223,466.644298
-60.676062,331,467.088675
-93.468878,84,467.185357
-120.103211,123,467.349776
-97.668611,95,467.486424
234.296457,1485,469.409107
-95.292782,93,469.543365
-32.214634,438,470.101634
-83.338552,213,470.394742
-61.123483,237,470.680926
-10.971284,586,471.454869
253.637188,1251,473.085817
-58.327365,252,473.418442
236.418802,1428,475.272735
75.893046,982,476.554011
-40.375645,485,477.168546
254.168163,1226,478.767614
-28.696517,354,479.239237
95.349177,958,480.469176
-22.576379,382,480.970395
-95.661303,85,481.096322
19.814225,591,481.851632
-19.392478,365,482.335884
81.210909,867,483.474653
254.598052,1196,485.053591
-107.956274,54,485.146348
111.478356,893,486.311721
-93.053388,98,486.452715
-108.789483,73,486.535859
259.539936,1132,488.016343
261.418584,1115,489.482133
-83.44332,124,489.650645
-77.320118,171,489.86718
-2.217596,505,490.526676
-114.676573,79,490.645448
257.784223,1128,492.10152
-99.704834,90,492.237073
71.382564,762,493.240494
-118.134037,89,493.371622
125.476947,1082,494.763815
-110.718003,66,494.869901
251.319069,1168,496.395103
-95.129818,124,496.56283
257.969119,1098,497.982561
-107.014254,60,498.082594
261.810361,1110,499.540859
-71.109014,202,499.793147
-54.545554,217,500.089344
-94.828512,92,500.223338
-78.328374,182,500.452424
-108.651393,47,500.507898
35.506519,591,501.287082
-66.849141,186,501.519768
-105.870699,89,501.64919
-73.947246,139,501.830724
21.280278,551,502.539045
-106.545895,53,502.630879
-35.090411,336,503.080777
-111.358772,104,503.196934
-119.80397,107,503.34626
-89.54544,125,503.514726
-112.177051,117,503.672886
-109.972277,68,503.779698
-96.623483,75,503.865864
-68.607397,212,504.153407
-91.56253,100,504.294761
-115.161344,83,504.387867
-82.371093,145,504.577182
-107.097781,49,504.663214
-78.778707,190,504.898798
-114.32075,104,505.043983
2.003136,575,505.804221
-108.297834,53,505.866408
1.378872,472,506.491578
-108.637544,56,506.557844
-76.426021,147,506.750534
-99.654011,90,506.881807
-72.272615,190,507.118623
-110.159142,65,507.22208
-84.924803,157,507.42413
-113.603688,127,507.594094
-111.376383,46,507.677411
-113.69582,100,507.788361
-87.869277,109,507.938797
-103.539099,105,508.085015
-95.38647,80,508.206149
-104.095865,80,508.298858
-94.563748,85,508.425531
-79.755624,122,508.589617
-67.312727,266,508.933605
67.658256,692,509.820933
-108.407763,46,509.904666
-66.930106,240,510.222961
-105.254355,65,510.298312
-106.869866,69,510.406011
-65.244533,210,510.666047
-58.758239,257,511.002174
-108.258228,51,511.091711
-103.357567,112,511.244429
-116.331788,79,511.333766
-50.823836,317,511.769338
-23.434844,335,512.187473
-76.233679,177,512.439117
-99.147466,107,512.559188
-88.462986,115,512.717223
-103.188981,72,512.829808
-124.021957,86,512.957728
-97.236341,170,513.173486
-74.058399,263,513.520405
-101.480224,69,513.628454
-116.773855,103,513.743047
-112.220539,132,513.917199
-85.037786,134,514.096438
-108.461552,63,514.198812
-56.464822,275,514.556764
-108.403617,72,514.669919
-118.074299,92,514.774033
-19.381564,472,515.393416
-99.714915,86,515.521711
-108.956607,58,515.588899
-100.541519,72,515.701451
-26.454332,553,516.411546
-101.748707,71,516.522851
-109.001959,54,516.585351
-97.309513,122,516.751277
-108.132166,67,516.828262
-114.387775,62,516.929429
-108.768068,46,516.984081
-80.306493,257,517.322086
-113.239246,90,517.45296
-98.701571,190,517.719829
-108.760286,64,517.793141
-113.34185,216,518.086373
-108.162122,77,518.174337
-100.12571,112,518.328936
-109.89837,54,518.421142
-118.654431,61,518.491109
-109.294444,82,518.613806
-107.332427,73,518.696509
-115.85095,79,518.816253
-116.840104,103,518.960482
-106.681636,145,519.150096
-68.353068,258,519.487749
-109.773387,67,519.564963
-114.553094,61,519.663966
-110.43738,60,519.733478
-116.606198,83,519.857591
-110.990652,58,519.924656
-114.280035,70,520.03355
-99.363804,116,520.192185
10.31676,614,520.987923
-99.675968,102,521.103511
-121.721859,127,521.27414
-123.912348,154,521.502641
39.527887,714,522.4092
-25.21519,505,523.068971
-102.685177,79,523.188873
-110.397009,74,523.273427
-104.254355,77,523.391117
-102.720414,162,523.599577
1.826284,699,524.520869
51.436547,947,525.729713
-119.500059,99,525.870459
-101.86805,70,525.950861
-106.016424,85,526.076486
-102.622482,94,526.210775
-114.412714,70,526.290186
-116.668205,98,526.429807
-113.297986,59,526.526892
-114.393543,66,526.60321
-103.385602,58,526.701079
-110.826649,103,526.815032
-113.515427,63,526.918415
-110.309391,79,527.036892
-111.30452,95,527.143351
-115.626878,60,527.242039
-114.186533,74,527.326978
-100.914289,132,527.504009
-114.021433,66,527.608587
-113.310899,77,527.696029
-126.325089,282,528.085719
-90.579006,160,528.289842
-105.020929,54,528.353037
-107.340724,68,528.460751
-108.021279,76,528.548412
250.316321,1226,530.16064
-114.747364,77,530.277183
-104.915764,87,530.375868
-65.113876,367,530.857915
-113.509857,86,530.986312
-84.75718,207,531.240214
-111.276848,65,531.345035
-106.736182,73,531.458171
-112.744373,69,531.537916
-114.458388,113,531.693445
41.820186,763,532.67944
1.058855,538,533.37304
-56.899708,265,533.721135
-8.306028,611,534.520009
-35.317093,381,535.017096
248.639255,1257,536.641299
-108.198965,77,536.729388
-107.8154,55,536.83235
-122.941978,88,536.932268
63.567784,802,537.989682
-86.581873,145,538.181033
81.529781,1095,539.572295
-82.447224,262,539.915972
-116.943589,71,540.02713
-114.166632,108,540.177417
-7.358104,696,541.065305
-125.769199,101,541.208502
-110.274186,75,541.324797
-116.487261,58,541.392112
-110.058234,121,541.561673
-84.440091,263,541.903356
-47.733321,555,542.612056
-112.500679,73,542.725626
-111.835243,75,542.84053
-123.299574,64,542.915523
-96.03015,118,543.078671
-111.152386,53,543.140792
-125.28515,124,543.309156
-113.858085,53,543.400243
-119.082264,146,543.593014
-35.575672,479,544.221306
-115.32932,86,544.318957
-121.918006,117,544.477254
243.688278,1321,546.198322
253.353865,1188,547.728051
38.172926,729,548.681422
255.880644,1154,550.17427
69.452236,877,551.282263
-109.72243,51,551.372665
-118.101182,68,551.450558
-113.280941,62,551.551462
257.131373,1144,553.034119
-54.358556,258,553.371254
260.657767,1092,554.766958
-118.532179,92,554.899845
30.106083,609,555.694559
-119.801143,66,555.770317
-108.468306,107,555.919629
-120.744431,80,556.039708
-114.24518,59,556.107736
-117.183399,92,556.241246
10.492913,513,556.906605
-36.320041,349,557.372663
-8.733215,447,557.940276
-98.335873,79,558.061374
97.19297,929,559.262226
-39.440161,390,559.770497
-112.796323,92,559.902343
-31.041614,505,560.559892
-111.935863,50,560.619376
-112.60465,81,560.739459
-112.433922,69,560.817677
87.999471,813,561.88988
-106.737335,120,562.052388
-109.650827,80,562.14265
259.641022,1090,563.574865
-109.413667,53,563.637136
-97.166168,80,563.758691
-107.866368,58,563.826071
-121.068799,93,563.959457
-104.966866,108,564.108555
48.017532,601,564.898472
-37.903305,375,565.390474
-116.999188,121,565.523457
-115.924205,85,565.646881
24.937992,549,566.352315
-79.302959,201,566.631605
-110.485243,101,566.773634
-109.087069,51,566.832544
-101.630107,79,566.950992
-58.775498,199,567.198108
-114.920798,65,567.302337
-108.079572,74,567.386354
-113.375362,74,567.499667
-112.364913,54,567.563041
-102.103138,75,567.678851
-114.078162,81,567.804113
-96.96884,99,567.920261
-105.815081,97,568.058245
-108.276144,58,568.155526
267.387723,1041,569.539703
-104.304527,84,569.634939
83.448562,796,570.690382
-112.184802,67,570.767505
-110.080637,53,570.858429
-99.24675,78,570.94792
132.022046,962,572.21572
-106.651746,50,572.274838
-108.717928,52,572.334753
-45.417138,334,572.783312
-107.8999,50,572.841742
-111.810675,92,572.974074
-106.409445,130,573.147334
-110.813131,67,573.254036
-110.138574,54,573.316694
-98.419085,145,573.505439
-111.338057,97,573.643893
-34.923257,342,574.100752
-108.125419,45,574.15447
263.758621,1039,575.503136
-105.85205,72,575.615834
-110.185926,77,575.702736
79.358103,738,576.671079
115.414453,826,577.763176
-111.653166,76,577.849661
-113.127288,71,577.959926
-53.757282,255,578.297835
-106.249595,51,578.35733
-95.95331,96,578.494016
-93.341874,85,578.62274
32.455964,539,579.320483
-112.626895,95,579.426401
-109.045031,53,579.517969
-110.15093,74,579.600988
-117.384028,90,579.730865
-111.453513,92,579.86327
-91.909384,91,579.994939
-111.358386,52,580.056202
-99.51687,91,580.189824
-110.884086,50,580.247813
76.137974,778,581.264483
94.506498,807,582.351115
-1.545882,493,582.977591
-48.06387,262,583.324114
86.404824,745,584.304582
-104.977192,112,584.459388
-109.365621,65,584.564085
263.570801,1063,585.938213
-105.500164,106,586.08547
-108.149356,55,586.149268
-110.128983,71,586.259626
-20.361845,433,586.810606
-92.587976,92,586.944951
-118.163711,87,587.071484
-113.958401,103,587.185978
-45.405269,252,587.519749
-117.745211,82,587.64135
262.69228,1077,589.032669
-113.293887,84,589.157696
-40.06158,290,589.539968
-107.202901,74,589.653173
8.047031,563,590.376471
14.708659,509,591.043933
-104.603057,159,591.249084
-89.593111,115,591.406901
-46.74465,283,591.801462
-110.932783,60,591.871621
-109.762621,51,591.931754
-57.667451,248,592.261564
6.008814,523,592.938388
-106.922781,72,593.049724
-80.575271,145,593.238736
-112.538421,85,593.363878
-109.009939,80,593.454065
49.557666,569,594.210595
-51.655056,250,594.542934
-9.447718,390,595.049971
-110.859422,75,595.134974
-85.920053,165,595.375022
-36.314192,276,595.742212
125.315437,973,597.065429
-94.655005,96,597.175304
37.482385,671,598.075513
-72.260497,308,598.471164
96.43263,831,599.544264
259.213771,1113,601.008136
263.579021,1076,602.432183
-117.555367,81,602.524344
258.854717,1149,604.015879
-111.983028,79,604.13432
-110.991749,74,604.217614
266.24169,1061,605.616991
-113.565699,69,605.694719
270.018172,1046,607.051504
271.682845,1012,608.369983
-105.315132,79,608.490094
-106.803124,48,608.545964
-105.620506,78,608.663213
-105.20832,90,608.793508
265.547422,1087,610.190825
-51.612726,291,610.565227
-111.419866,66,610.670742
37.628482,577,611.40545
117.951531,1105,612.849911
-65.850178,371,613.340129
-30.380165,362,613.819903
-69.519281,196,614.064976
-56.361213,308,614.486014
-99.218625,70,614.56595
-39.828799,287,614.935157
-74.375183,210,615.223687
-111.116343,69,615.330995
10.876614,680,616.208533
269.539671,1020,617.537889
104.915368,927,618.747183
-112.514649,73,618.860079
-111.304284,74,618.943613
-108.966864,50,619.031902
263.023625,1110,620.457947
-83.08997,150,620.652254
26.639551,548,621.392819
-44.543189,287,621.764064
253.609906,1211,623.331015
-6.484842,550,624.073335
-30.262895,479,624.704778
262.076983,1116,626.139184
-75.664394,215,626.433699
262.028347,1106,627.88234
99.464099,843,628.959387
-117.756249,124,629.126199
-81.250702,157,629.328654
74.119831,669,630.220893
-109.405658,83,630.314079
-93.729434,89,630.444685
-74.294465,166,630.657897
-109.30905,74,630.771377
-82.426747,130,630.945743
-107.744259,50,631.004986
-98.844358,102,631.148369
-109.137108,53,631.20971
-107.051322,65,631.314258
-4.687954,400,631.838912
-72.64059,158,632.044033
268.175646,1010,633.359739
-72.221746,165,633.572709
-105.875027,50,633.660472
78.82355,717,634.579246
58.965767,633,635.410513
-109.158616,49,635.497216
21.32009,498,636.151981
48.404858,622,636.969768
-102.587131,94,637.076305
-108.431045,166,637.316183
-2.386468,502,637.940853
255.913532,1157,639.47714
-110.441555,118,639.608512
45.950874,618,640.419735
-101.635054,106,640.569425
-105.448728,88,640.697668
-110.154465,72,640.77947
138.850417,907,641.956148
139.091434,948,643.208385
-47.740334,297,643.588434
-112.670374,71,643.699598
-99.053558,138,643.881253
-105.533227,132,644.056156
-12.451417,444,644.618815
101.06302,898,645.781222
-116.524002,87,645.910569
-110.334751,59,645.978717
53.566253,625,646.796091
269.296236,1002,648.106752
254.186226,1143,649.598882
-14.128664,400,650.116839
-93.704075,113,650.271914
-110.628538,54,650.364601
-114.838092,83,650.458873
-109.284725,67,650.565747
-111.766763,70,650.647133
-109.163484,74,650.761389
-111.09327,65,650.837018
-106.865367,105,650.983586
-124.102945,97,651.121263
-112.640455,72,651.203175
-121.51727,105,651.349829
-49.34585,248,651.677571
-67.033728,213,651.965444
-71.030127,211,652.253083
-117.495301,94,652.359252
-63.237304,209,652.644661
-110.046504,89,652.773556
-111.659543,84,652.868322
-49.994759,352,653.339931
-115.993866,73,653.45249
-114.160326,88,653.551757
110.130817,870,654.688728
-108.039809,48,654.745764
-22.072043,325,655.186806
-105.572141,63,655.259027
-57.647335,280,655.651899
-105.924005,86,655.749182
-115.287298,86,655.875937
-108.220435,95,656.011603
-111.479234,79,656.100419
46.03505,657,656.951379
-108.210596,129,657.122655
-111.254341,84,657.247069
-68.349026,217,657.542248
-116.251977,77,657.629208
-116.661535,111,657.781939
-108.896856,69,657.891312
-71.344181,156,658.091632
-111.224862,70,658.200015
114.36966,903,659.374489
-110.866804,76,659.460423
-104.756537,133,659.6359
-69.705333,177,659.887919
18.169119,524,660.568383
-66.247829,233,660.880659
-118.373523,88,660.978894
-94.849444,149,661.17225
-95.391681,95,661.307889
-89.932062,145,661.499463
108.704879,970,662.778914
-87.357215,161,662.983986
11.755226,485,663.622483
-54.196482,223,663.924683
256.641679,1152,665.428199
260.458918,1130,666.911401
-114.322249,64,666.98527
-116.901051,71,667.094105
-109.90165,73,667.176087
-121.113419,94,667.310512
17.130615,515,667.981493
-109.48585,64,668.055472
-108.89995,59,668.153213
-118.105739,135,668.332836
-20.816842,389,668.844702
-113.571959,67,668.921906
-109.961071,112,669.073948
-114.100824,71,669.184994
-108.935659,48,669.240913
-108.613882,46,669.324616
-118.293485,83,669.417507
264.201071,1105,670.863951
-57.65521,217,671.161432
-63.466097,241,671.455019
-17.347457,423,672.037121
265.39429,1076,673.430126
268.301516,1049,674.790508
-108.663789,49,674.877564
-112.354239,81,674.969184
-108.983253,49,675.056737
-46.004938,316,675.456198
-109.530767,60,675.554792
-107.798622,48,675.612015
-108.124283,48,675.668205
-90.708154,136,675.87678
262.787434,1097,677.287757
-110.202674,73,677.40027
-107.047705,67,677.477087
-39.560432,400,677.991565
-108.042094,69,678.101853
-111.593814,62,678.173176
-99.36612,213,678.463866
-126.75687,117,678.62472
-108.937444,49,678.681888
-111.606275,50,678.769533
-43.814451,307,679.162835
33.174955,626,679.979506
258.852042,1151,681.482248
-115.73181,85,681.608627
-118.991261,115,681.766055
255.635811,1209,683.324978
-38.427572,480,683.960356
-117.381641,154,684.159633
-14.394513,409,684.688706
-108.592723,61,684.788723
-116.9595,86,684.88636
-109.890217,58,684.983374
-110.875461,72,685.065698
-110.468553,55,685.159273
-115.574582,71,685.239568
-92.308403,114,685.39474
-109.607951,48,685.48075
-107.516328,66,685.55721
-59.220121,282,685.921976
-109.155004,44,686.004184
-45.911264,307,686.393902
-124.49587,203,686.674826
-107.616259,63,686.747014
267.297203,1037,688.102841
-108.374354,47,688.190545
275.541496,984,689.483576
-114.558733,92,689.617219
-109.878765,48,689.673784
-116.75926,72,689.785574
-109.342855,47,689.841041
-109.908465,93,689.975039
-115.909183,73,690.087747
-114.738477,76,690.173668
272.840123,1012,691.492694
-114.948825,67,691.602964
-112.305871,74,691.686543
-110.884536,55,691.780406
62.150555,684,692.661193
-125.66893,106,692.809935
-106.031552,105,692.955953
-109.73101,50,693.014364
-107.087767,105,693.160857
-108.614197,49,693.217768
-95.884131,162,693.423637
-107.425774,63,693.525458
-107.155705,46,693.580105
-115.722772,89,693.710064
-116.249995,67,693.815367
-110.559482,63,693.888307
-117.552885,118,694.04764
-79.956108,183,694.280561
-108.613072,49,694.36816
-24.121932,372,694.855003
139.608673,955,696.077572
-113.004313,63,696.180038
-95.863858,152,696.375346
-109.824475,76,696.461448
-108.523499,46,696.545191
-110.746185,53,696.606682
-54.767079,242,696.926352
-107.835094,48,696.984301
-108.834363,47,697.069114
-107.592075,61,697.139396
-0.255076,404,697.66169
-87.826349,221,697.961771
-109.008273,48,698.047949
-115.604405,71,698.128839
-116.767205,92,698.261325
-111.154477,53,698.323376
-109.336508,81,698.444241
-81.14768,161,698.648787
-118.693291,121,698.813028
-112.173681,52,698.873864
-76.188321,168,699.116925
-102.528929,95,699.251514
-109.611258,52,699.312154
-8.146994,475,699.935613
-106.385445,66,700.011385
-87.076065,197,700.285129
-77.1535,150,700.478165
-116.577107,88,700.606109
-91.013134,129,700.777824
-108.700923,47,700.833033
-107.801638,48,700.889091
-99.709656,110,701.042573
-109.251732,47,701.127197
-116.401165,67,701.203852
-77.333629,211,701.493105
-107.886829,47,701.548821
-107.551943,46,701.602942
-108.321686,47,701.688108
-118.47465,90,701.818962
-105.977316,62,701.891157
-104.445732,90,702.021599
-73.807609,157,702.222961
-114.329103,89,702.353217
-96.501973,108,702.47272
-97.814586,93,702.607222
-112.635602,59,702.705052
35.948466,576,703.438201
-113.45902,76,703.555057
-118.75254,95,703.661447
-109.174452,47,703.74616
-108.481014,71,703.827007
-113.865482,64,703.930278
106.970871,826,704.996158
-85.100389,142,705.182667
-108.712929,51,705.272068
-1.514269,441,705.835299
68.91453,687,706.748431
132.168135,924,707.942514
271.401669,1010,709.257075
-117.589878,68,709.3358
-109.251315,50,709.42346
268.503888,1045,710.786839
-77.639957,159,710.989227
-113.87545,76,711.10428
-20.300215,434,711.661775
-99.975181,129,711.834759
-111.158885,54,711.927123
-115.187905,99,712.039041
-35.033181,254,712.37283
-101.488102,133,712.549461
111.453959,826,713.638445
-116.641042,73,713.722104
-41.157685,316,714.149795
12.454025,508,714.813805
-114.359937,92,714.946094
265.994701,1070,716.321595
-115.647348,142,716.507799
-108.556505,49,716.565529
-121.79131,70,716.674498
-114.472505,60,716.742675
-52.770833,339,717.203208
-8.318201,352,717.673574
67.776659,773,718.675459
35.864917,605,719.468565
-109.340648,81,719.560144
-103.65748,282,719.922736
-114.023832,74,720.035751
269.06583,1032,721.370234
270.943713,1015,722.699712
269.557884,1024,724.037903
-112.632181,84,724.161366
268.479341,1009,725.450672
270.814215,999,726.757885
262.701075,1095,728.193397
-115.33994,83,728.288957
-46.982431,272,728.672837
-35.055838,325,729.083272
-110.683632,54,729.175963
269.958134,1011,730.458179
253.389698,1214,732.038886
270.007625,1000,733.347856
-108.197202,51,733.49418
-108.552175,47,733.581021
-108.070707,49,733.63944
-107.645635,45,733.694293
-106.724489,51,733.784821
150.103431,975,735.065235
-109.7665,48,735.153157
-109.729096,47,735.209652
-11.363765,408,735.744765
-108.227093,47,735.833041
-39.504623,331,736.25457
266.625754,1030,737.63224
-116.557057,61,737.734397
269.658892,991,739.032535
-117.09674,61,739.134526
-36.89405,332,739.58997
-117.440641,86,739.688024
268.543434,1007,741.063302
-107.243391,47,741.12103
271.8046,960,742.481598
-108.398941,58,742.551487
-114.091666,67,742.661879
135.223962,985,743.989936
-104.549524,65,744.065456
13.241126,446,744.677663
260.431816,1070,746.074104
-111.83597,67,746.152878
-106.698057,78,746.271407
269.220229,969,747.569363
72.695881,660,748.436637
-112.735043,53,748.499631
-108.850484,48,748.587067
271.186805,959,749.852033
267.406817,980,751.161591
271.131819,930,752.39367
270.591631,963,753.689966
264.526626,1017,755.014346
267.133757,1008,756.353177
268.756311,997,757.677984
269.836498,984,758.994727
265.933684,1039,760.35634
-110.342459,77,760.473664
265.755996,1051,761.856422
81.839727,703,762.78657
-115.461051,82,762.912539
-107.218674,71,762.995896
-90.83016,126,763.170227
-94.115931,152,763.399232
70.410017,699,764.325064
270.009386,1023,765.684041
272.29881,994,767.013558
266.955665,1030,768.415155
-115.024207,68,768.495073
274.293349,941,769.766592
-119.388351,72,769.849465
-113.277892,73,769.964315
272.915794,944,771.199767
272.039913,968,772.486365
-113.198768,97,772.627176
-120.549008,115,772.757474
270.581763,975,774.052531
-117.618707,98,774.19575
279.181882,890,775.375865
-121.049576,79,775.467751
-102.323985,85,775.595508
-107.20939,175,775.817097
-60.214337,316,776.253508
271.988101,955,777.512359
271.489316,970,778.802789
5.510499,413,779.343812
275.605438,921,780.550528
-116.224372,142,780.769189
275.923125,935,782.002072
117.236149,785,783.037629
130.241433,798,784.096709
136.168093,859,785.242527
-116.812664,83,785.367668
272.750791,963,786.622214
-110.26147,90,786.754676
-29.498968,302,787.146856
-106.711183,48,787.204469
-70.97926,165,787.44837
45.868757,531,788.149594
272.690539,948,789.38783
-107.049375,46,789.472735
54.881182,601,790.250039
36.200589,503,790.924226
270.185432,985,792.243389
113.62413,828,793.322312
-112.084865,58,793.422231
-108.080168,48,793.47988
-64.882578,256,793.820747
-108.803394,50,793.909919
-107.851692,49,793.968699
271.288607,971,795.274283
-108.62063,50,795.33362
-110.019557,49,795.392596
-107.617976,46,795.477316
-110.803672,50,795.53706
-109.182904,47,795.623306
-106.758116,46,795.678504
-108.28333,70,795.759179
-112.512224,67,795.866659
-109.306382,47,795.922621
-109.269831,52,796.014361
-115.823227,71,796.096638
-109.677313,85,796.227155
-108.512625,44,796.280222
-110.4397,51,796.370031
-109.381104,49,796.428431
-114.239128,80,796.549465
-110.380907,63,796.623393
-108.464808,49,796.711917
-112.20254,81,796.804551
31.571196,607,797.616539
-109.837593,47,797.674117
-107.765185,48,797.761077
-117.740608,62,797.834218
-107.842812,55,797.929303
-102.112375,104,798.048413
-120.632992,77,798.166994
-108.068103,47,798.222834
105.121636,866,799.375008
-120.622574,69,799.484386
-113.697347,52,799.546681
-108.177314,47,799.632584
-108.807945,48,799.68965
-115.72985,57,799.757044
-115.270339,63,799.860189
-112.734753,59,799.928682
-114.409285,107,800.079092
-111.174311,51,800.171029
-107.232386,46,800.226383
-118.211234,71,800.30831
-117.843196,96,800.446733
-108.24903,47,800.532855
272.401236,931,801.757453
-112.515388,63,801.830903
-113.17722,77,801.948979
-111.011846,61,802.020259
-114.828538,64,802.124785
-111.430752,78,802.21507
121.214557,833,803.335737
-49.823176,240,803.666528
-0.881306,385,804.18205
-109.235091,48,804.239807
-108.211641,49,804.32957
-113.033618,59,804.399481
-110.843192,64,804.503237
-111.863633,60,804.573269
262.23982,1028,805.930239
-38.616815,302,806.322307
-117.203884,64,806.426963
-116.489511,64,806.501625
-120.487408,67,806.609178
-122.885213,78,806.727758
-114.546075,73,806.811913
-111.696871,80,806.933298
270.46399,946,808.183929
-109.126806,46,808.269145
269.269796,946,809.552405
-116.3019,64,809.627381
-114.571247,63,809.731748
-115.78594,56,809.797263
-109.131121,48,809.884628
-107.646111,50,809.944708
-94.411627,94,810.081381
27.477573,483,810.72252
76.777004,693,811.638565
-108.408626,47,811.6954
-110.684415,69,811.803727
-110.294579,63,811.876408
-108.53826,49,811.964916
271.623031,923,813.183344
266.422869,964,814.481467
-46.825112,244,814.781328
270.357944,935,816.041996
-109.025474,65,816.118362
-114.109332,76,816.23608
-108.798413,118,816.397814
268.655615,953,817.639609
97.334997,763,818.647988
-108.29832,91,818.783793
269.045687,945,820.017866
-107.943338,96,820.156728
-106.379607,68,820.266269
-112.463976,68,820.344929
-118.219441,69,820.453793
-112.655576,59,820.522782
-111.685643,70,820.632992
-108.564079,44,820.68565
-111.877527,87,820.815257
-114.274071,119,820.978709
268.356351,957,822.238133
-108.145833,48,822.296286
-112.501857,57,822.393883
-111.694152,86,822.52416
-121.267417,81,822.617537
269.145794,949,823.893971
264.434626,1004,825.200615
266.080897,973,826.503746
-108.096994,48,826.56119
262.478842,1014,827.912193
269.249491,957,829.198772
270.96885,929,830.445688
-106.441532,86,830.573586
13.772773,469,831.181249
-114.727299,88,831.310854
119.429042,1013,832.657444
270.753847,937,833.885624
267.503406,968,835.18779
260.32363,1034,836.554974
-107.398379,62,836.629229
76.250972,656,837.533875
-105.719825,66,837.612397
-107.426025,46,837.667256
-110.45828,64,837.774986
87.58529,701,838.686494
263.116815,1025,840.035898
-31.657273,300,840.457505
-111.350902,66,840.534816
103.471714,757,841.541898
55.80056,543,842.257751
262.542935,1005,843.596752
267.615587,957,844.880253
-110.201238,39,844.928515
-108.001975,46,844.984172
-108.256684,98,845.125097
30.483292,570,845.897351
271.084892,938,847.128679
-112.563832,56,847.195303
-94.216446,166,847.437268
23.323381,437,848.009061
268.865452,943,849.277006
-64.312252,215,849.547231
270.081107,941,850.81034
56.461538,684,851.71497
-109.743734,33,851.756614
265.631461,950,853.047111
264.83529,987,854.329611
-72.378595,224,854.638391
-112.794528,81,854.760976
-97.288806,74,854.847333
263.980981,1006,856.178958
-117.562829,133,856.356327
267.274485,986,857.678077
52.101219,586,858.443079
115.448082,796,859.519382
259.517023,1078,860.928153
-20.907781,406,861.466333
-105.888652,63,861.56871
18.663458,498,862.234044
-53.268014,228,862.517445
-107.966588,46,862.602464
259.748258,1070,864.018586
259.134381,1070,865.457565
268.657792,969,866.727284
267.440258,963,868.02222
256.912466,1084,869.459077
138.900327,834,870.58278
-109.914094,112,870.70998
-107.576909,48,870.797242
263.458155,1012,872.157153
-112.299133,93,872.263434
266.006593,990,873.594709
261.118091,1016,874.955677
-115.368711,78,875.07556
-112.238181,65,875.151967
-117.453117,72,875.264787
255.119363,1086,876.710318
-121.905353,87,876.839337
258.817195,1041,878.221563
265.912662,954,879.506363
265.425081,962,880.770569
265.584067,974,882.080548
271.422676,912,883.28614
265.978926,971,884.562935
-109.127189,66,884.669186
269.35675,935,885.903737
257.857283,1051,887.296709
-111.176887,65,887.401769
-114.486442,76,887.518599
-106.618185,66,887.594491
255.9206,1071,888.999309
-114.091555,95,889.136423
261.759603,1009,890.485861
56.69163,634,891.3363
262.575039,992,892.657101
-109.20993,65,892.733063
-8.686993,450,893.349444
-108.149359,48,893.408957
-107.826014,45,893.493665
263.019364,981,894.783935
265.678063,944,896.056012
269.936731,915,897.280079
270.705837,900,898.47658
-107.428041,43,898.529438
-109.551479,52,898.590749
261.598107,997,899.922203
-107.426442,46,900.007857
269.055623,928,901.235967
-106.757738,48,901.29351
-111.228804,64,901.397207
-107.44491,66,901.47371
-108.893208,50,901.56904
267.371869,928,902.786974
-114.031941,63,902.859518
-99.743048,91,902.992123
246.701441,1158,904.517953
-113.68082,69,904.628219
-112.292723,72,904.711303
-104.545567,95,904.849365
82.881222,743,905.83852
-118.253497,110,905.991207
-109.42936,56,906.057058
265.836184,927,907.282827
-111.048949,49,907.371787
-65.176452,215,907.641189
63.12817,783,908.699247
-113.981905,70,908.779786
267.370976,957,910.057735
263.87098,1006,911.436636
162.594468,912,912.737423
67.222842,631,913.567344
-38.745692,257,913.917811
63.04562,641,914.769139
267.087106,951,916.068171
266.009508,961,917.338599
164.959151,970,918.64897
-105.12317,69,918.759098
-107.995768,47,918.815177
266.638247,973,920.078082
-18.551733,335,920.534594
269.622963,925,921.755907
-113.391834,64,921.860711
-118.504732,159,922.065705
-113.76973,45,922.119806
-113.633118,102,922.266085
-119.666149,168,922.515925
-109.881131,49,922.591036
141.891377,861,923.731436
274.076477,899,924.920796
262.090489,1037,926.284892
84.485507,786,927.316749
262.023966,1059,928.737211
268.346346,991,930.078321
267.315817,994,931.397796
273.084367,948,932.646208
264.967979,1033,934.004518
272.997687,944,935.277479
72.375619,652,936.139638
121.921802,739,937.091502
-11.191581,359,937.572165
114.656661,728,938.544399
-115.3665,60,938.614406
-92.173255,132,938.794095
275.77246,904,939.989822
-114.175275,86,940.118497
-36.583586,279,940.483596
-108.271161,41,940.563069
-109.635163,60,940.634197
273.847249,910,941.838907
272.740927,928,943.073602
273.425205,911,944.315598
272.269087,940,945.55671
-113.777334,68,945.643597
-112.537337,60,945.742586
-106.945851,64,945.816811
-108.852317,77,945.934876
277.318655,906,947.138697
124.704912,812,948.20665
-113.295929,64,948.310465
20.753242,442,948.885935
-114.637657,78,949.005152
-108.385037,50,949.06525
-108.909135,50,949.155677
-109.127289,48,949.213144
-110.047126,71,949.325134
92.211423,662,950.208007
-72.351734,213,950.506405
-112.807447,69,950.58684
-111.009093,149,950.781607
-118.315609,101,950.926066
-39.478594,278,951.291782
-111.500694,69,951.401954
273.941486,906,952.594715
273.692356,924,953.81182
-115.478441,67,953.919221
279.724956,871,955.043045
274.478859,925,956.282098
98.627661,720,957.221269
277.504297,896,958.41437
-109.124086,65,958.52173
275.997293,912,959.725252
1.091007,462,960.320413
-23.93493,316,960.756726
-129.232926,111,960.91642
-43.203468,228,961.229076
-77.333087,149,961.426539
-111.480131,98,961.574785
92.513864,718,962.509832
58.359714,632,963.348427
49.36503,581,964.132275
-107.325124,42,964.183206
148.941676,831,965.270037
-32.145325,344,965.737427
78.614249,640,966.586323
-91.777772,120,966.752189
-41.006956,262,967.100445
-116.302183,70,967.210825
-111.572706,55,967.274823
278.155201,909,968.470375
22.006198,475,969.10496
-114.081987,67,969.18193
-80.813046,189,969.453835
-113.127134,57,969.520844
-112.286392,76,969.636981
-116.123116,64,969.710498
-104.944516,80,969.832118
276.526637,946,971.067951
-114.909974,67,971.1753
-114.412616,65,971.250217
-109.613877,65,971.35634
-109.576482,67,971.462903
-110.327981,52,971.524703
-109.022294,46,971.579739
-112.556935,72,971.691776
-115.021445,60,971.76093
-114.037891,60,971.860053
-78.32172,144,972.051809
3.089098,394,972.578044
-112.369482,84,972.703628
27.821106,511,973.383117
-107.834191,42,973.433836
121.296743,784,974.462945
-80.55575,135,974.646506
-108.239279,46,974.70223
64.629778,543,975.441958
-107.518406,73,975.526356
-8.611378,381,976.032507
-107.190217,44,976.115074
-109.118161,49,976.173703
-108.327094,51,976.234319
-108.500555,49,976.322972
271.579684,989,977.628651
-110.079688,54,977.692496
-83.47324,138,977.875983
-107.224522,51,977.936254
-75.752805,164,978.179805
-112.206327,83,978.275013
-109.970325,51,978.36657
-106.343779,107,978.516271
-122.340519,72,978.599565
-108.067125,47,978.685328
-108.134415,87,978.7855
-110.868331,75,978.901479
-110.617427,51,978.962788
-110.893336,69,979.072537
-110.131808,53,979.136105
-107.381854,102,979.282334
-103.237257,110,979.440075
-112.502971,62,979.513302
-108.614969,50,979.602685
-106.625006,84,979.700235
-112.258387,60,979.800589
-12.976105,337,980.229011
-55.380328,189,980.49925
-113.620072,87,980.629798
-47.281097,216,980.896381
-111.385168,69,981.00647
-118.387531,95,981.142908
-57.82264,210,981.404754
-122.876121,75,981.521301
279.342035,895,982.705604
-116.587782,134,982.885639
-109.835158,76,982.973831
-109.939663,49,983.062741
-110.786703,74,983.14904
-104.678038,77,983.267829
-115.243031,94,983.406006
-110.124316,61,983.478529
-56.278529,256,983.822063
-110.983191,63,983.92701
-113.944164,77,984.015642
-104.501344,92,984.151715
-112.546395,64,984.227932
-36.734312,262,984.610837
-112.397827,82,984.705657
-96.976073,101,984.852796
-115.792335,66,984.930448
-113.926233,59,985.029768
-108.514594,49,985.088199
-121.068943,98,985.229361
-45.455832,285,985.602678
-104.615778,82,985.726233
-4.465839,353,986.199099
142.27934,887,987.36687
-19.602109,322,987.786505
-65.282593,198,988.066458
-66.579375,208,988.326997
-88.322704,138,988.512846
-71.953313,182,988.775445
-29.72226,365,989.268134
274.895974,947,990.50415
-31.39224,296,990.889699
276.125853,929,992.1383
269.563683,1004,993.433904
158.116283,903,994.655758
279.006319,892,995.827649
282.843954,866,996.936415
-35.659434,256,997.277403
-11.370422,386,997.787084
-28.490865,293,998.197291
-45.533939,226,998.479026
-54.400202,241,998.803008
-7.591527,357,999.283427
-52.238196,233,999.603568
20.954149,503,1000.274859
45.460189,534,1000.975241
-97.945413,173,1001.197345
-117.5328,93,1001.333574
-109.75201,59,1001.40269
-107.33333,48,1001.488991
75.507689,662,1002.358233
137.11202,854,1003.497528
-108.862526,64,1003.573273
-43.989011,234,1003.891808
-94.72961,123,1004.059467
103.652629,724,1005.030396
-32.761935,297,1005.415054
-96.505492,108,1005.568449
-115.311304,68,1005.646938
18.994937,470,1006.278045
274.180341,953,1007.51693
-105.355111,110,1007.671376
95.042009,740,1008.649889
271.024551,986,1009.956789
74.850736,691,1010.854355
-89.938599,158,1011.059299
269.943492,981,1012.362778
80.416046,666,1013.234801
276.671587,898,1014.423933
-117.689533,133,1014.604591
272.713216,924,1015.838377
-113.135663,70,1015.919624
-108.915769,53,1016.012634
-106.640119,53,1016.075304
273.037785,925,1017.297437
273.599816,922,1018.502793
271.828485,944,1019.764895
-108.786742,46,1019.820873
-108.192461,47,1019.876157
83.431946,743,1020.861742
-107.319828,49,1020.950332
-100.103672,120,1021.11516
-108.510847,50,1021.174846
-107.618889,49,1021.234131
-107.334072,54,1021.328323
106.329333,725,1022.267809
-107.853689,47,1022.355395
-20.647708,372,1022.854971
-114.75428,61,1022.926673
-109.125616,50,1023.01686
-111.801663,65,1023.093267
-113.09473,59,1023.191832
-112.813298,64,1023.265436
-107.116802,48,1023.323454
-107.372669,74,1023.439044
-119.556816,108,1023.591621
-107.686219,52,1023.653713
-105.694737,58,1023.752306
-112.697334,94,1023.861148
-104.558222,144,1024.079327
-110.044571,49,1024.139375
-110.801967,50,1024.200405
-103.450553,96,1024.340061
-115.741537,84,1024.467357
-108.873946,51,1024.529039
7.22973,709,1025.478571
-115.520542,94,1025.587137
-95.742866,118,1025.749574
-115.976254,75,1025.865968
-108.065612,101,1026.009738
-129.805521,124,1026.180849
269.991327,953,1027.422028
54.850982,594,1028.220739
270.029995,938,1029.446539
32.181398,481,1030.087075
271.175803,927,1031.310167
-107.051902,51,1031.402438
-109.641494,145,1031.595871
-117.109098,103,1031.716874
268.404419,938,1032.9913
-120.187702,107,1033.142542
12.387042,408,1033.674968
-117.019849,168,1033.890725
-71.458985,244,1034.216354
-99.739591,84,1034.342566
-106.347651,50,1034.402511
-107.814824,48,1034.459971
-107.504129,49,1034.548953
-120.586617,109,1034.703596
-111.576428,69,1034.784109
-107.097081,57,1034.881739
38.998558,541,1035.588694
-121.029525,121,1035.754908
-109.256114,57,1035.823127
-107.522436,48,1035.911034
272.863281,913,1037.106446
-107.759079,47,1037.164356
-106.997005,50,1037.25427
-106.917962,49,1037.31306
-106.86557,46,1037.368175
-108.761197,52,1037.459942
-89.991097,214,1037.723998
-108.634584,46,1037.807863
-107.318,48,1037.865892
-107.173092,48,1037.923484
-109.002882,47,1038.010178
-101.862103,348,1038.482827
-83.645321,178,1038.711373
-107.638325,48,1038.76896
-7.047688,321,1039.206153
-107.848763,48,1039.26267
-114.699233,63,1039.36551
-107.89588,69,1039.446211
-107.286546,48,1039.534628
-108.534175,47,1039.590504
-107.514533,56,1039.656715
-109.396843,53,1039.749094
-110.405812,49,1039.807733
18.257758,513,1040.483474
-107.420028,48,1040.570804
-112.309206,84,1040.668336
-76.02856,139,1040.852126
-108.140692,48,1040.93904
-109.097178,55,1041.004967
-107.428754,48,1041.090804
-114.295566,91,1041.194518
30.337838,556,1041.952415
-106.985461,47,1042.008798
275.478142,890,1043.181016
-106.065787,75,1043.267463
-113.615992,87,1043.396813
-108.954286,44,1043.479944
-108.072402,71,1043.561145
-108.39589,80,1043.682988
-109.065101,53,1043.745948
-120.755691,113,1043.903424
-53.709606,229,1044.216643
-106.787341,48,1044.273398
-109.247656,44,1044.356113
-28.506607,341,1044.786787
-106.319948,47,1044.871759
-55.438419,252,1045.209975
92.169236,815,1046.273088
266.225929,981,1047.57571
271.342789,928,1048.825146
-51.894355,227,1049.144388
-75.231879,134,1049.324832
57.892982,520,1050.00849
-107.848361,74,1050.096197
-95.107491,119,1050.261244
-109.514287,69,1050.371887
-111.404275,65,1050.447192
-110.175247,82,1050.57108
-110.704328,57,1050.638511
-5.656612,361,1051.122106
-102.489088,167,1051.337379
-108.550728,50,1051.427447
-107.870138,48,1051.484432
-102.805898,125,1051.661873
-109.736855,53,1051.754438
-107.526964,47,1051.810221
82.036737,749,1052.809081
-110.201892,53,1052.872359
-54.996888,295,1053.28397
-107.107001,47,1053.339692
-113.403768,62,1053.411179
-107.180998,49,1053.499826
-109.102846,48,1053.559203
-114.57276,52,1053.652656
-108.903842,49,1053.712173
265.301237,974,1055.008699
-109.891442,87,1055.108587
-112.005429,68,1055.216825
-114.534305,102,1055.360039
-95.917744,190,1055.600958
-107.693632,50,1055.661078
-113.054934,69,1055.771663
-108.140429,50,1055.831811
-107.204879,49,1055.920925
-109.128655,51,1055.981437
-111.803801,63,1056.084898
-108.656214,48,1056.142276
-106.896704,48,1056.199679
-107.011268,46,1056.28417
-112.389193,64,1056.358124
-29.779643,386,1056.866813
143.868458,936,1058.120206
264.662807,1015,1059.436574
-117.027794,65,1059.542563
264.122229,1011,1060.874268
-107.79783,50,1060.934228
-109.598656,63,1061.037964
-108.925507,105,1061.186874
-113.891306,69,1061.267131
-115.750644,63,1061.370442
-108.172393,49,1061.429687
-112.269691,65,1061.534733
-23.150302,297,1061.918015
51.847209,671,1062.796383
-97.474531,94,1062.933328
-94.980273,139,1063.118213
-107.813423,46,1063.173447
-109.902143,69,1063.283105
-101.671972,100,1063.425077
-107.57271,47,1063.48086
-112.971829,99,1063.630428
-112.846571,67,1063.709597
-108.514907,52,1063.802488
-104.538327,73,1063.887147
-107.859736,50,1063.97577
-113.458941,74,1064.06774
135.027328,913,1065.287225
-106.518213,48,1065.3746
-113.794942,70,1065.455107
-118.533157,68,1065.570706
-2.324291,440,1066.147309
-19.268899,369,1066.640271
-107.866162,46,1066.694812
273.00457,942,1067.957462
-107.963212,45,1068.012985
-55.717647,232,1068.327409
-107.103821,46,1068.382535
-81.418837,164,1068.625818
-104.730851,67,1068.704173
-107.055433,46,1068.789474
-111.435558,61,1068.860655
45.496253,598,1069.657982
-113.662017,57,1069.725606
-115.807842,67,1069.833307
-17.470139,386,1070.343559
262.13666,1058,1071.732595
-107.520121,49,1071.792759
-11.662075,418,1072.368314
266.021853,1021,1073.708468
-86.179989,153,1073.910997
-111.348616,64,1073.986163
264.649504,1055,1075.369182
-119.55264,71,1075.48134
-119.80783,73,1075.597327
-38.403048,590,1076.353251
-107.614006,47,1076.439078
-108.743241,65,1076.514332
141.258292,908,1077.71759
-111.926556,54,1077.811702
-109.948666,66,1077.887767
-94.647245,144,1078.079778
-12.966717,676,1078.986736
-107.415126,47,1079.044293
-97.883264,170,1079.266237
-112.62089,57,1079.36417
-11.507871,400,1079.889469
267.524022,1026,1081.233845
-112.625144,67,1081.311699
-111.940908,67,1081.41994
-4.26788,389,1081.937949
-14.498987,368,1082.42893
50.308055,565,1083.165299
268.130343,1024,1084.529592
-104.070187,86,1084.657187
274.682897,942,1085.878277
-79.520158,199,1086.157181
267.613498,1006,1087.481431
-107.279455,47,1087.538439
-96.175922,153,1087.737004
-39.527967,253,1088.073805
65.507747,577,1088.844066
-61.736608,202,1089.099107
-104.644729,155,1089.301838
-121.208862,122,1089.468699
-104.033086,99,1089.61374
-104.825775,115,1089.773161
-94.927036,143,1089.963381
-99.707733,103,1090.109118
144.174502,777,1091.12722
-30.905174,291,1091.501373
60.174986,558,1092.256655
-44.238081,243,1092.583947
-96.090577,136,1092.765712
-25.719658,302,1093.158687
-20.352099,362,1093.647048
-45.708731,231,1093.962145
274.419362,920,1095.171935
-90.699931,147,1095.366604
-103.358405,72,1095.479264
54.513631,535,1096.178179
-114.299046,69,1096.258184
-107.69941,47,1096.343729
-115.341264,69,1096.423624
-101.970506,97,1096.562092
-112.707441,84,1096.686617
-107.777597,49,1096.745254
-94.801899,129,1096.922763
-89.009903,142,1097.112777
269.375817,937,1098.342942
-75.236813,146,1098.569317
-112.493308,71,1098.650669
-108.288202,45,1098.704455
-112.759722,62,1098.807413
-101.421888,145,1098.998601
-108.352692,48,1099.056137
269.079174,964,1100.340225
-52.795951,249,1100.672807
-94.998564,136,1100.853908
-93.109266,140,1101.039325
-93.916215,149,1101.235748
-102.874618,117,1101.398375
-88.301043,144,1101.590274
1.85391,376,1102.086431
-111.989393,63,1102.190323
-103.35517,108,1102.342006
-8.990981,328,1102.763378
-115.312219,65,1102.867653
-90.278541,177,1103.094759
-111.105111,64,1103.198868
-113.512946,58,1103.266191
276.622563,885,1104.433921
275.100954,895,1105.615066
-102.764583,180,1105.844674
275.538113,891,1107.016644
-115.457717,72,1107.129263
-108.804935,48,1107.18641
273.835776,898,1108.364334
-108.832949,96,1108.50443
-112.609506,71,1108.586603
24.190207,471,1109.222384
-104.091787,104,1109.368532
-109.976926,47,1109.424306
46.419517,562,1110.177819
-110.350432,70,1110.259039
-111.719601,60,1110.358392
275.43158,900,1111.54266
153.725627,800,1112.587625
-114.94833,61,1112.688274
-98.560657,126,1112.860538
-114.880186,62,1112.93278
15.97296,507,1113.599996
-102.803848,113,1113.758702
-108.810491,189,1113.998456
272.479245,936,1115.247345
96.489578,693,1116.15556
278.391254,871,1117.321275
-100.247117,98,1117.464073
68.115711,579,1118.215161
-74.953612,197,1118.491968
24.118573,459,1119.081884
-101.972205,121,1119.247749
-113.153149,53,1119.342211
7.349963,422,1119.894136
274.748367,897,1121.075324
65.491147,567,1121.811199
275.061672,908,1123.016718
-64.708379,201,1123.298966
-105.768099,113,1123.458929
275.850518,900,1124.642447
63.697701,586,1125.426256
-108.947508,73,1125.509689
274.779105,903,1126.703377
128.952757,782,1127.732262
276.072748,892,1128.906017
278.712998,864,1130.056395
277.009624,897,1131.231849
-108.312356,128,1131.405923
280.078925,869,1132.549332
-117.75379,156,1132.755544
-33.497394,271,1133.111668
24.73452,543,1133.814617
-102.75265,144,1134.006737
276.103743,913,1135.234924
276.472374,906,1136.421898
-103.38396,130,1136.599348
277.401027,904,1137.796814
-100.52582,105,1137.949553
-112.416919,69,1138.029748
272.855809,936,1139.252512
-64.40426,223,1139.557951
275.767842,912,1140.754275
270.426226,968,1142.049439
275.227505,912,1143.242793
41.447471,530,1143.938318
266.931907,1022,1145.29383
-14.930814,350,1145.76909
272.28181,976,1147.029654
270.775066,992,1148.338223
-72.421997,159,1148.546692
278.989593,897,1149.724926
-30.277913,330,1150.17197
-114.683889,64,1150.275144
273.042287,948,1151.510257
-111.098042,45,1151.565098
-118.209916,64,1151.668518
273.462719,950,1152.915016
-108.980837,44,1152.998899
-87.728686,205,1153.255484
-112.667424,59,1153.354619
272.819773,951,1154.596147
-108.002486,84,1154.721828
-114.686165,55,1154.786019
-106.342469,88,1154.915384
258.982312,1107,1156.349536
-108.189179,129,1156.523985
264.586216,1038,1157.921928
-116.071332,62,1157.99481
-117.810063,60,1158.093949
270.87305,956,1159.336696
268.093816,992,1160.647451
268.622534,979,1161.913093
-64.747884,263,1162.259515
117.501301,862,1163.399416
-74.378729,159,1163.608189
271.565346,940,1164.864423
-115.677882,65,1164.939709
61.171972,574,1165.712904
-109.412502,44,1165.765834
-116.568911,71,1165.877092
-114.052832,78,1165.965649
-64.960705,203,1166.248172
-39.775759,263,1166.597404
126.631821,869,1167.747887
272.761862,923,1168.976888
-34.896796,305,1169.400551
-109.336741,49,1169.488835
77.411724,665,1170.36873
-109.206806,40,1170.417977
-116.498182,66,1170.52472
59.029759,576,1171.266714
-114.685016,64,1171.369497
-108.775995,51,1171.429644
51.780238,576,1172.210108
82.932449,642,1173.051097
-116.002505,58,1173.119655
270.395138,935,1174.344739
121.460852,788,1175.406502
-112.086659,66,1175.483385
104.63837,707,1176.42571
-104.724372,129,1176.602086
-34.729075,291,1176.982562
-43.932378,310,1177.380497
-88.492914,184,1177.642924
57.835085,556,1178.365146
-24.653102,290,1178.746639
16.1127,433,1179.335916
-79.026449,154,1179.539984
-115.0128,64,1179.615438
-17.705424,344,1180.086258
-113.335829,65,1180.19059
122.494129,805,1181.242061
-57.018069,261,1181.589725
273.410116,933,1182.808682
-107.659498,96,1182.946959
-113.08409,65,1183.022664
-112.788786,50,1183.110877
279.089115,891,1184.280314
273.501917,914,1185.483517
272.138471,958,1186.736156
272.798609,966,1188.020374
85.366729,706,1188.96559
44.684813,596,1189.739936
-50.362498,230,1190.05387
-118.192686,75,1190.171452
-40.137186,274,1190.535827
-114.106556,60,1190.607338
-113.181917,64,1190.711178
154.814467,880,1191.872088
265.494955,1054,1193.251827
-108.858053,47,1193.309293
275.899333,935,1194.529833
273.686328,971,1195.817757
-101.300134,99,1195.958569
-99.413676,145,1196.149769
-110.963818,68,1196.227401
-119.146088,93,1196.360861
-38.99671,300,1196.776763
-115.380441,61,1196.85265
-111.158383,64,1196.958515
268.911294,993,1198.245453
276.991732,922,1199.458024
-109.614937,45,1199.542296
55.579323,546,1200.26086
-111.066213,59,1200.360024
-111.153167,75,1200.446161
-108.266546,52,1200.537794
31.940181,540,1201.243161
22.304012,444,1201.823257
-107.326995,95,1201.961555
-118.103062,65,1202.037288
-108.840523,41,1202.116165
-43.996754,238,1202.437439
-110.603234,64,1202.51236
279.877723,909,1203.698543
-113.201263,66,1203.804906
-101.047284,123,1203.973737
-108.773206,48,1204.030652
-107.717264,78,1204.149212
-110.765641,51,1204.209818
-97.482713,138,1204.392746
-76.423917,208,1204.684101
-115.511662,63,1204.757507
-114.107759,67,1204.864195
-107.718165,48,1204.921721
-107.237844,47,1205.00754
-108.471841,65,1205.082807
-109.953572,67,1205.189076
-112.344517,65,1205.264176
-110.030677,42,1205.315161
-112.178708,60,1205.4156
1.375835,412,1205.951014
-113.246613,63,1206.054599
-118.295877,101,1206.169528
-112.38753,69,1206.279707
-71.830018,244,1206.607075
-95.170938,104,1206.755462
89.402821,703,1207.656732
-109.211262,65,1207.76212
-112.413548,59,1207.831276
-101.9951,131,1208.008504
-123.693364,129,1208.182097
-114.69991,67,1208.289112
-43.441121,247,1208.62095
-41.322769,242,1208.945622
-100.453425,146,1209.138729
-39.258505,276,1209.498005
-109.851273,65,1209.572347
-103.602595,59,1209.672225
-103.844095,124,1209.84146
-73.07714,153,1210.042201
-117.566697,103,1210.18799
-117.555634,69,1210.26787
-110.450469,64,1210.371324
-47.759778,257,1210.712087
-117.013668,68,1210.790561
279.115026,875,1211.94979
-91.658584,163,1212.163908
-106.53557,121,1212.33378
-97.727217,112,1212.491726
-51.870073,215,1212.78868
-110.07358,47,1212.845629
-54.602527,214,1213.142718
-69.72524,180,1213.374338
-96.143936,159,1213.611422
-100.879863,113,1213.76847
17.244054,417,1214.314803
-43.173642,258,1214.658518
-114.939552,117,1214.822304
90.718008,671,1215.696586
-12.261763,331,1216.147525
-101.340142,148,1216.34391
-104.058811,123,1216.511816
-61.826909,199,1216.761769
-93.533586,167,1217.006082
-102.84555,174,1217.228449
-90.614243,199,1217.478337
72.063046,542,1218.208695
-88.017947,168,1218.427266
-2.328987,417,1218.969836
-55.096872,415,1219.509685
278.27076,933,1220.759238
278.947219,913,1221.949742
-98.240025,110,1222.104724
-84.676995,151,1222.304267
71.028614,607,1223.130033
275.318937,939,1224.3514
-75.816288,200,1224.63191
-106.527706,131,1224.810247
272.573322,974,1226.06215
-81.796229,236,1226.37804
-99.2401,151,1226.576716
-103.642599,138,1226.760949
274.783885,945,1228.01982
272.193247,975,1229.282025
-106.018448,56,1229.379953
268.783953,1012,1230.715488
-48.213385,259,1231.060089
-58.989259,204,1231.314936
-7.768586,396,1231.839679
152.958038,882,1233.002651
-113.039768,65,1233.107827
-25.869329,306,1233.501596
-2.598848,397,1234.023302
13.781123,421,1234.601197
35.273499,465,1235.191843
278.549459,913,1236.38241
276.357638,940,1237.631546
-3.636182,352,1238.074269
285.456157,867,1239.217107
-6.431345,347,1239.682661
280.11944,910,1240.872664
-0.360863,350,1241.343748
148.563921,905,1242.523006
-108.621033,96,1242.664495
-94.611625,139,1242.849359
-107.768552,46,1242.903999
35.623731,479,1243.542774
128.164476,729,1244.476121
-85.363572,197,1244.752936
-2.937895,366,1245.242711
7.471111,359,1245.7207
-87.798182,193,1245.962347
-87.556166,159,1246.171111
-33.251697,250,1246.505518
-112.596735,57,1246.603831
-19.191415,283,1246.974509
-112.381606,56,1247.041168
-109.612633,72,1247.153097
280.427689,921,1248.352577
57.1093,612,1249.16505
-78.567535,158,1249.369369
-111.846011,65,1249.474548
-104.978337,90,1249.577353
-88.361778,145,1249.798387
-114.931617,63,1249.871298
-111.447103,44,1249.924557
-116.909932,79,1250.04348
280.501524,889,1251.212073
-105.9464,133,1251.390363
-117.5525,66,1251.49602
-115.93353,70,1251.575956
-115.518835,63,1251.677889
280.923537,900,1252.861078
71.226441,600,1253.629905
15.392147,442,1254.23398
-23.666601,326,1254.64521
-107.544166,114,1254.80162
-108.443781,70,1254.913046
-93.445973,121,1255.081109
-118.546957,56,1255.147062
-110.190186,127,1255.320948
-108.962344,73,1255.434619
-109.830334,48,1255.492222
50.827283,525,1256.181383
-90.595806,228,1256.491312
-123.515716,58,1256.559088
-27.412704,296,1256.979369
-63.827047,190,1257.218902
-97.867656,150,1257.414157
148.340022,826,1258.513281
-111.512227,60,1258.583944
-116.38439,75,1258.699155
-89.044033,130,1258.87416
276.493751,940,1260.101002
279.976974,902,1261.27516
-103.4556,151,1261.474686
-111.104848,46,1261.56422
-106.240176,96,1261.703158
24.613281,643,1262.546966
-117.685236,61,1262.618846
278.446081,930,1263.834497
66.607339,650,1264.684993
102.295037,660,1265.574248
84.135971,678,1266.455621
-112.401717,47,1266.512532
-34.876275,269,1266.86624
-58.301643,338,1267.322814
-98.225077,149,1267.519246
102.379887,640,1268.364124
30.768959,520,1269.048813
-106.507239,125,1269.218094
-111.880325,45,1269.27049
287.702942,820,1270.369852
-104.689341,91,1270.501574
-100.724192,87,1270.600824
-101.934443,123,1270.7682
13.028789,369,1271.260621
-111.690415,43,1271.312433
3.381895,397,1271.865583
-94.277112,154,1272.066787
-95.113871,152,1272.267177
-109.87624,108,1272.417562
-104.868135,123,1272.58532
-27.249526,332,1273.00998
-113.287117,112,1273.169456
-12.846908,345,1273.640288
-108.775294,65,1273.715931
-44.644002,356,1274.192139
-98.652174,143,1274.382097
-84.853021,163,1274.623673
-16.61846,311,1275.018957
-52.312511,210,1275.307404
150.986945,769,1276.323806
-107.008196,50,1276.384008
-116.475487,225,1276.689902
-118.285204,108,1276.841335
110.024672,657,1277.701582
-115.510631,122,1277.868561
-112.727048,89,1277.970196
15.299346,415,1278.543316
-35.464814,265,1278.893934
-96.397992,151,1279.093172
-78.950875,135,1279.272517
-115.125768,124,1279.440252
-101.626674,116,1279.602742
-104.897596,93,1279.738672
-98.558083,103,1279.856427
-103.715225,115,1280.015215
-108.697202,79,1280.133698
275.334347,964,1281.376072
-99.375825,103,1281.523022
-67.791729,190,1281.79372
-79.921522,272,1282.148515
-110.544686,146,1282.341865
-7.744015,427,1282.894816
272.35391,1001,1284.219868
-31.377531,364,1284.706472
-108.947699,41,1284.755919
-17.181054,414,1285.324382
-73.916997,271,1285.680549
-103.40935,128,1285.854604
-47.956182,357,1286.303956
283.70726,881,1287.466331
-103.244509,63,1287.569578
-87.475973,215,1287.869547
-102.060319,154,1288.077686
120.262918,748,1289.098545
-105.296554,108,1289.225193
-110.697729,147,1289.450148
-46.793234,302,1289.843099
274.431412,964,1291.084525
-103.360245,152,1291.312054
-19.033501,346,1291.755076
92.802919,654,1292.606126
-62.332999,273,1292.992314
-111.002803,117,1293.154651
-83.710006,171,1293.373544
-110.569475,52,1293.434995
279.599364,887,1294.602436
-111.999358,132,1294.780311
-104.299196,124,1294.950547
272.800068,963,1296.233457
-103.268094,113,1296.389849
-95.488345,99,1296.501668
272.764645,974,1297.788114
276.737192,917,1298.986837
22.541864,408,1299.520646
10.841008,376,1300.018117
-103.20191,68,1300.127136
82.103665,595,1300.88435
-126.447193,185,1301.14865
-121.466504,154,1301.352469
-101.399655,129,1301.527783
-103.516172,126,1301.699064
44.827403,543,1302.414424
-116.514527,114,1302.574726
-72.944577,173,1302.829368
-113.223315,64,1302.904512
-86.994934,212,1303.199972
-108.709893,64,1303.275685
-87.164687,164,1303.487573
-103.958927,99,1303.631768
27.658507,508,1304.304341
-79.259707,200,1304.585721
-87.572566,148,1304.781217
-105.275973,159,1304.990474
-110.536032,37,1305.035462
-103.400557,116,1305.196668
8.452472,569,1305.966755
-110.640259,40,1306.016478
268.485638,1013,1307.357193
75.296062,665,1308.225827
-12.681459,344,1308.690459
-73.625744,173,1308.912441
-108.970553,46,1308.997039
276.04635,926,1310.207643
-89.928408,147,1310.401265
-109.000207,42,1310.451911
-104.205164,115,1310.611064
25.293071,481,1311.247787
5.492327,468,1311.872779
-111.307379,124,1312.041327
-112.053299,120,1312.204387
-107.550031,133,1312.383412
-33.572385,364,1312.834458
-101.418052,222,1313.138823
-113.287567,78,1313.259714
-65.621371,154,1313.459721
-110.178507,185,1313.692996
-96.617796,117,1313.854592
-77.204074,153,1314.085385
-113.241586,163,1314.297334
-60.530205,228,1314.609989
281.922503,874,1315.724225
-102.050207,143,1315.943658
279.324744,901,1317.129224
-103.672621,104,1317.248653
-108.569739,46,1317.333809
-85.227333,144,1317.525939
-0.583244,388,1318.039686
-24.882123,312,1318.444115
-100.339611,164,1318.685387
-104.725526,69,1318.767673
93.185735,686,1319.690071
-123.219867,148,1319.886764
-70.409887,198,1320.136702
-101.717079,164,1320.378927
278.327915,920,1321.587859
-38.645542,295,1321.971735
-25.138071,415,1322.510403
9.496595,440,1323.106277
167.839954,814,1324.163615
78.977612,591,1324.955225
21.263249,442,1325.525914
-70.940596,225,1325.835324
-101.209302,118,1325.997906
273.643799,947,1327.232254
-31.864282,368,1327.726833
